Line,1,2,3,4,5,6,7,8,9,10,11,12,13,14,15
t1,-1150.0,-5169.535318799527,-367.314,-10320.6005,919.231,1687.1795,-2600.0,1200.0,5260.674,2780.0,-1187.7840728025546,-7153.938,-2387.315,-657.1785,-500.0
t2,-1150.0,-5840.452301839411,-367.314,-10320.6005,919.231,1687.1795,-2600.0,1200.0,5260.674,2780.0,-624.9968613368352,-7153.938,-2387.315,-657.1785,-500.0
t3,-1150.0,-5913.769665180808,-367.314,-10320.6005,919.231,1687.1795,-2600.0,1200.0,5260.674,2780.0,-489.50855313491047,-7153.938,-2387.315,-657.1785,-500.0
t4,-1150.0,-5409.847721856399,-367.314,-10320.6005,919.231,1687.1795,-2600.0,1200.0,5260.674,2780.0,-427.3199823243537,-7153.938,-2387.315,-657.1785,-500.0
t5,-1150.0,-4491.083504660222,-367.314,-10320.6005,919.231,1687.1795,-2600.0,1200.0,5260.674,2780.0,-255.72196010648517,-7153.938,-2387.315,-657.1785,-500.0
t6,-1150.0,-5253.677053053169,-367.314,-10320.6005,919.231,1687.1795,-2600.0,1200.0,5260.674,2780.0,0.0,-7153.938,-2387.315,-657.1785,-500.0
t7,-1150.0,-7730.8825,-367.314,-10320.6005,919.231,1687.1795,88.0121330622971,1200.0,5260.674,2780.0,115.55526471483626,-7153.938,-2387.315,-657.1785,-500.0
t8,-1150.0,-2222.9530752787696,-367.314,-3953.0719658683633,919.231,0.0,2600.0,1200.0,5260.674,0.0,488.7979952282587,-3425.4158222216147,-2387.315,-657.1785,0.0
t9,-1150.0,0.0,0.0,0.0,919.231,0.0,2600.0,1200.0,0.0,2483.6089284377517,59.770424583439976,0.0,-2387.315,-657.1785,0.0
t10,-1150.0,414.91355325302476,0.0,0.0,919.231,0.0,2600.0,1200.0,0.0,1597.9998277851307,124.39022589598852,0.0,-2079.8721892056374,-657.1785,0.0
t11,-1150.0,1878.6179404691932,0.0,0.0,919.231,0.0,2600.0,1200.0,0.0,0.0,0.0,0.0,-2387.315,-657.1785,0.0
t12,-1150.0,1105.6937144865367,0.0,0.0,919.231,0.0,2600.0,1200.0,0.0,2528.9972571833887,424.4950284487197,0.0,-1378.0260193139034,-657.1785,0.0
t13,-1150.0,951.1762810360715,0.0,-107.96960638586368,919.231,0.0,2600.0,1200.0,0.0,2780.0,358.6990072950253,0.0,0.0,-657.1785,0.0
t14,-1150.0,613.8724650351598,0.0,-3577.550500491013,919.231,0.0,2315.595660723287,1200.0,252.59092504707928,2780.0,372.1479766644235,0.0,-506.8118032828753,-657.1785,0.0
t15,-1150.0,0.0,0.0,-4328.226400709425,55.51057890875583,0.0,-1054.4014499168936,0.0,1296.6258934544476,2780.0,0.0,0.0,0.0,-520.0068595850395,0.0
t16,-1150.0,2071.690779186338,0.0,-7285.840771319037,0.0,915.9375206166397,0.0,0.0,5260.674,2780.0,0.0,809.4645237709344,0.0,0.0,0.0
t17,-1150.0,2224.3813509141783,-367.314,-10320.6005,919.231,1687.1795,-1912.082382899294,1200.0,5260.674,2780.0,0.0,1117.1453282422185,0.0,0.0,-500.0
t18,-1150.0,0.0,-367.314,-10320.6005,919.231,1687.1795,-2600.0,1200.0,5260.674,2780.0,0.0,3355.9443728296505,-2387.315,-657.1785,-500.0
t19,-1150.0,0.0,-367.314,-10320.6005,919.231,1687.1795,-2600.0,1200.0,5260.674,2780.0,0.0,2620.019552916604,-2387.315,-309.3115847417955,-500.0
t20,-1150.0,1211.8903656823097,-367.314,-10320.6005,919.231,1687.1795,-2600.0,1200.0,5260.674,2780.0,0.0,4008.6828630067403,-2387.315,-492.6487289192049,-500.0
t21,-1150.0,282.5366733057803,-367.314,-10320.6005,919.231,1687.1795,-2600.0,1200.0,5260.674,2780.0,0.0,4219.059115282709,-906.3878891011215,-657.1785,-500.0
t22,-1150.0,2062.62985157549,-367.314,-10320.6005,919.231,1687.1795,-2600.0,1200.0,5260.674,2780.0,0.0,7153.938,-1842.6143948725094,-397.59239145440995,-500.0
t23,-1150.0,1703.7071153028226,-367.314,-10320.6005,919.231,1687.1795,-2600.0,1200.0,5260.674,2780.0,0.0,7153.938,-538.3395673389377,0.0,-500.0
t24,-1150.0,1777.4172962122827,-367.314,-10320.6005,919.231,1687.1795,-2600.0,1200.0,5260.674,2780.0,0.0,3627.679486260591,0.0,0.0,-500.0
t25,-1150.0,-1433.7777448492163,-367.314,-10320.6005,919.231,0.0,-2600.0,1200.0,5260.674,2780.0,481.635931181983,-7153.938,-2387.315,-657.1785,0.0
t26,-1150.0,-3639.0311799706146,-367.314,-10320.6005,919.231,0.0,0.0,1200.0,5260.674,2780.0,698.482147489868,-7153.938,-2387.315,-657.1785,0.0
t27,-1150.0,-2483.8308187339517,-367.314,-10320.6005,919.231,0.0,0.0,1200.0,5260.674,2780.0,0.0,-7153.938,-2387.315,-657.1785,0.0
t28,-1150.0,-5091.704816891849,-367.314,-10320.6005,919.231,0.0,0.0,1200.0,5260.674,2780.0,569.8437418424005,-7153.938,-2387.315,-657.1785,0.0
t29,-1150.0,-3981.772324192295,-367.314,-10320.6005,919.231,0.0,0.0,1200.0,5260.674,2780.0,811.8588115414191,-7153.938,-2387.315,-657.1785,0.0
t30,-1150.0,-5419.793097575401,-367.314,-10320.6005,919.231,0.0,0.0,1200.0,5260.674,2780.0,358.41138967201476,-7153.938,-2387.315,-657.1785,0.0
t31,-1150.0,-7124.653464621555,-367.314,-10320.6005,919.231,0.0,839.6328425913067,1200.0,5260.674,2780.0,220.23970083600122,-7153.938,-2387.315,-657.1785,0.0
t32,-1150.0,-5141.315936528486,-367.314,-8889.211329617287,919.231,0.0,2600.0,1200.0,5260.674,2598.134570963426,0.0,-7153.938,-2387.315,-657.1785,0.0
t33,-1150.0,0.0,0.0,-4822.500515633636,919.231,0.0,2600.0,1200.0,5260.674,31.153430795521377,521.7511144842119,-7153.938,-2387.315,-657.1785,0.0
t34,-1150.0,0.0,0.0,-2745.851461309327,919.231,0.0,2600.0,1200.0,3488.535300818866,2780.0,1197.56715218411,-7153.938,-2387.315,-657.1785,0.0
t35,-1150.0,0.0,0.0,-4029.1457253719414,919.231,0.0,2600.0,1200.0,3841.679462966314,2353.0322514512786,1386.4478347515526,-7153.938,-2387.315,-657.1785,0.0
t36,-1150.0,0.0,0.0,-3248.775068596111,919.231,0.0,2600.0,1200.0,4608.062325340201,1113.3263646209898,1201.793944541399,-6005.631741582644,-2387.315,-657.1785,0.0
t37,-1150.0,0.0,0.0,-7493.526846385165,919.231,0.0,2600.0,1200.0,4766.7890264249745,0.0,591.4055326197883,-2712.422422146722,-2387.315,-657.1785,0.0
t38,-1150.0,-228.40202303097945,-367.314,-7488.905077660202,919.231,0.0,569.7318453970684,1200.0,5260.674,0.0,-31.053141117177095,-1344.358296761655,-2387.315,-657.1785,0.0
t39,-1150.0,-1443.3276500038746,-367.314,-8540.524436703925,919.231,0.0,0.0,1200.0,5260.674,2445.119390586532,-294.652522215543,0.0,-2387.315,-461.840556433109,0.0
t40,-1150.0,-1509.7492575638662,-367.314,-10320.6005,919.231,0.0,-639.6670221247743,1200.0,5260.674,2780.0,-1416.9605,0.0,-2387.315,-657.1785,0.0
t41,-1150.0,-4485.1665744553775,-367.314,-10320.6005,919.231,0.0,-2600.0,1200.0,5260.674,2780.0,-1416.9605,0.0,-2387.315,-498.09267267000087,0.0
t42,-1150.0,-3557.7664360658655,-367.314,-10320.6005,919.231,0.0,0.0,1200.0,5260.674,2780.0,-1416.9605,0.0,-2387.315,-572.5105968736823,0.0
t43,-1150.0,-1564.2478453994634,-367.314,-10320.6005,919.231,0.0,-1660.2923454190347,1200.0,5260.674,2780.0,-1416.9605,0.0,-2387.315,0.0,0.0
t44,-1150.0,-3650.989268751849,-367.314,-10320.6005,919.231,0.0,-2600.0,1200.0,5260.674,2780.0,-1416.9605,0.0,-2387.315,0.0,0.0
t45,-1150.0,-3311.9898470895932,-367.314,-10320.6005,919.231,0.0,-2600.0,1200.0,5260.674,2780.0,-1416.9605,0.0,-2387.315,-657.1785,0.0
t46,-1150.0,0.0,-367.314,-10320.6005,919.231,0.0,0.0,1200.0,5260.674,2780.0,-1416.9605,0.0,-2387.315,-176.88782335869288,0.0
t47,-1150.0,0.0,-367.314,-10320.6005,919.231,0.0,-2600.0,1200.0,5260.674,2780.0,-1416.9605,0.0,-2387.315,-657.1785,0.0
t48,-1150.0,0.0,-367.314,-10320.6005,919.231,0.0,0.0,1200.0,5260.674,2780.0,-1416.9605,0.0,-2387.315,0.0,0.0
t49,-48.56898198032164,-4235.7802770542785,-367.314,-10320.6005,919.231,0.0,0.0,0.0,5260.674,2780.0,0.0,0.0,-1097.4506575049772,0.0,0.0
t50,-732.7714476243368,-3541.5679165068104,-367.314,-8478.384200848108,0.0,0.0,0.0,0.0,5260.674,2717.5263504752834,0.0,0.0,-286.0708491775351,0.0,0.0
t51,0.0,-3133.9750717879733,-367.314,-10320.6005,0.0,0.0,0.0,0.0,5260.674,2780.0,524.1212055533222,0.0,0.0,0.0,0.0
t52,0.0,-2873.016150155976,-367.314,-8869.803090191383,0.0,0.0,0.0,0.0,5260.674,2780.0,214.2011065504292,0.0,0.0,0.0,0.0
t53,0.0,-3639.125869584276,-367.314,-10320.6005,0.0,0.0,0.0,0.0,5260.674,2780.0,-744.0617054180615,0.0,0.0,0.0,0.0
t54,0.0,0.0,-367.314,-7737.604695960571,0.0,0.0,0.0,0.0,5260.674,344.5959357422001,879.8409690255296,0.0,0.0,0.0,0.0
t55,0.0,-4526.985644831558,-367.314,-6680.208669569298,0.0,0.0,0.0,0.0,5260.674,2151.7204629821535,870.878378522024,0.0,0.0,0.0,0.0
t56,-57.14075927980407,-4727.457988044198,-367.314,-8150.740374468491,0.0,0.0,-583.5340555402087,0.0,5260.674,2780.0,1416.9605,721.8286595406672,0.0,0.0,0.0
t57,-1106.8458501504233,-3474.079027725942,-367.314,-7147.092389845076,0.0,0.0,-2600.0,0.0,5260.674,2780.0,1416.9605,1156.665930226077,0.0,0.0,0.0
t58,-1150.0,-2686.1424129624593,-367.314,-5184.936389665296,0.0,0.0,0.0,0.0,5260.674,2780.0,1416.9605,2230.463103864118,0.0,-369.0546147351356,0.0
t59,-1150.0,-874.9949695060559,-367.314,-3064.9648539457944,0.0,0.0,-2086.3591282719663,0.0,5260.674,2780.0,1416.9605,2522.6841488338537,0.0,-657.1785,0.0
t60,-1150.0,-961.6898367117133,-367.314,-1782.6959198698448,0.0,0.0,0.0,0.0,5260.674,2780.0,1416.9605,3579.5388537980866,0.0,-657.1785,0.0
t61,-1150.0,0.0,-367.314,-5067.585710516312,0.0,0.0,0.0,0.0,5260.674,2780.0,1416.9605,4513.815095557932,0.0,-657.1785,0.0
t62,-1150.0,-2258.398509658227,-367.314,-5557.365317540598,0.0,0.0,-1193.4683272262444,0.0,5260.674,2780.0,1416.9605,5498.333931439583,0.0,-657.1785,0.0
t63,-1150.0,-2261.2875334251635,-367.314,-6536.018956152895,0.0,0.0,-1681.5373654811115,0.0,5260.674,2780.0,1416.9605,3880.456167182313,0.0,-657.1785,0.0
t64,-1150.0,-2722.9503215890627,-367.314,-9985.42226728215,0.0,0.0,-2600.0,0.0,5260.674,2780.0,1416.9605,5864.191109942328,0.0,-657.1785,0.0
t65,-1150.0,-522.2040502844101,-367.314,-10320.6005,0.0,1687.1795,-318.08124652260295,449.6369280533707,5260.674,2780.0,1106.7128832143046,4687.547743902259,0.0,-657.1785,-500.0
t66,-1150.0,-559.9764310263001,-367.314,-10320.6005,0.0,1687.1795,-1330.537531106819,1200.0,5260.674,2780.0,1416.9605,4055.6639031098084,0.0,-529.0072061016464,-395.466875576287
t67,-1150.0,-1397.124371062522,-367.314,-10320.6005,0.0,873.2672544692219,0.0,1200.0,5260.674,2780.0,1416.9605,6784.076821849282,0.0,-174.5718499012758,0.0
t68,-1150.0,0.0,-367.314,-10320.6005,0.0,209.79950869982216,0.0,1200.0,5260.674,2780.0,1305.687892036938,6927.401220150977,0.0,0.0,0.0
t69,-1150.0,0.0,-367.314,-10320.6005,0.0,0.0,0.0,1200.0,5260.674,2780.0,1125.7085929266168,4654.572491698917,0.0,0.0,0.0
t70,-1150.0,0.0,-367.314,-10320.6005,0.0,0.0,0.0,1200.0,5260.674,2780.0,1088.5515912308592,2487.8159031255373,0.0,0.0,0.0
t71,-1150.0,0.0,-367.314,-10320.6005,0.0,0.0,0.0,1200.0,5260.674,2780.0,827.7424363053977,4555.907348892616,0.0,0.0,0.0
t72,-1150.0,-1596.4121771133423,-367.314,-10320.6005,0.0,0.0,0.0,1200.0,5260.674,2780.0,396.96734198578287,3137.8520805621297,0.0,0.0,0.0
t73,-1150.0,0.0,-367.314,-10320.6005,919.231,0.0,0.0,1200.0,5260.674,2780.0,-1416.9605,-7153.938,-2387.315,-657.1785,0.0
t74,-1150.0,-1153.3938117130226,-367.314,-10320.6005,919.231,0.0,0.0,1200.0,5260.674,2780.0,-1416.9605,-7153.938,-2387.315,-657.1785,0.0
t75,-1150.0,0.0,-367.314,-10320.6005,919.231,0.0,2600.0,1200.0,5260.674,2780.0,-1416.9605,-7153.938,-2387.315,-445.1236871175123,0.0
t76,-1150.0,-3425.2833166450105,-367.314,-10320.6005,919.231,20.43453918032369,0.0,1200.0,5260.674,2780.0,-1416.9605,-7153.938,-2387.315,-657.1785,0.0
t77,-1150.0,-2213.6466948267225,-367.314,-10320.6005,919.231,558.1112533691468,0.0,1200.0,5260.674,2780.0,-1416.9605,-7153.938,-2387.315,-657.1785,0.0
t78,-1150.0,-907.7485982548778,-367.314,-10320.6005,919.231,163.82773312193106,2600.0,1200.0,5260.674,2780.0,-1416.9605,-7153.938,-2387.315,-657.1785,0.0
t79,-1150.0,-4615.556710261349,-367.314,-10320.6005,919.231,0.0,2600.0,1200.0,5260.674,2780.0,-882.2435144273529,-7153.938,-2387.315,-657.1785,0.0
t80,-1150.0,-5626.499497307547,-367.314,-9109.411780720213,919.231,0.0,2221.9422187499094,1200.0,0.0,0.0,430.6142429293774,-7153.938,-2387.315,-657.1785,0.0
t81,-1150.0,0.0,0.0,-4389.3913149670925,919.231,0.0,2600.0,1200.0,765.7782236357659,0.0,-810.9579893841587,-7153.938,-2387.315,-657.1785,0.0
t82,-1150.0,0.0,0.0,-2171.3689247750303,919.231,-468.77970362256417,2600.0,1200.0,-161.42586601138424,0.0,193.62368422980083,-7153.938,-2387.315,-657.1785,0.0
t83,-1150.0,305.51018543039845,0.0,-3253.1649440936744,919.231,0.0,2600.0,1200.0,0.0,0.0,0.0,-7153.938,-2387.315,-657.1785,0.0
t84,-1150.0,0.0,0.0,-3156.9506679352326,919.231,0.0,2600.0,1200.0,0.0,0.0,218.11449602940874,-7153.938,-2387.315,-657.1785,0.0
t85,-1150.0,0.0,-75.4630387297365,-4477.406045668496,919.231,0.0,2600.0,1200.0,0.0,0.0,0.0,-7153.938,-2387.315,-657.1785,0.0
t86,-1150.0,0.0,-367.314,-6109.8340331040245,919.231,0.0,2600.0,1200.0,0.0,0.0,159.8235214850213,-7153.938,-2387.315,-657.1785,0.0
t87,-1150.0,-23.736138842873828,-367.314,-5696.10225701872,919.231,0.0,0.0,482.12112828225776,200.29991635740194,0.0,0.0,-7153.938,-2387.315,-657.1785,0.0
t88,-1150.0,0.0,0.0,-8620.950576220815,919.231,0.0,1319.463051985266,1200.0,2456.825568530067,1715.6738722839814,-1144.6683106931393,-7153.938,-2387.315,-657.1785,0.0
t89,-1150.0,0.0,-367.314,-10320.6005,919.231,0.0,2600.0,1200.0,5260.674,2780.0,-1416.9605,-7153.938,-2387.315,-657.1785,0.0
t90,-1150.0,-2089.6050724953143,-367.314,-10320.6005,919.231,0.0,0.0,1200.0,5260.674,2780.0,0.0,-7153.938,-2387.315,-657.1785,0.0
t91,-1150.0,-2255.1659154296226,-367.314,-10320.6005,919.231,0.0,0.0,1200.0,5260.674,2780.0,0.0,-7153.938,-2387.315,-657.1785,0.0
t92,-1150.0,0.0,-367.314,-10320.6005,919.231,0.0,2600.0,1200.0,5260.674,2780.0,-1416.9605,-7153.938,-2387.315,-657.1785,0.0
t93,-1150.0,0.0,-367.314,-10320.6005,919.231,0.0,1405.6066110473987,1200.0,5260.674,2780.0,-1416.9605,-7153.938,-2387.315,-657.1785,0.0
t94,-1150.0,-683.7060147714943,-367.314,-10320.6005,919.231,0.0,0.0,1200.0,5260.674,2780.0,-1301.9167198098587,-7153.938,-2387.315,-657.1785,0.0
t95,-1150.0,0.0,-367.314,-10320.6005,919.231,0.0,2024.8320329816831,1200.0,5260.674,2780.0,-1416.9605,-7153.938,-2387.315,-657.1785,0.0
t96,-1150.0,0.0,-367.314,-10320.6005,919.231,0.0,0.0,1200.0,5260.674,2780.0,-1416.9605,-7153.938,-2387.315,-657.1785,0.0
t97,-1150.0,-4038.651691799048,-367.314,-10320.6005,919.231,-1687.1795,-2600.0,1200.0,5260.674,2780.0,508.884881038521,-7153.938,-2387.315,-657.1785,500.0
t98,-1150.0,-2344.9999806444653,-367.314,-10320.6005,919.231,-1687.1795,-2600.0,1200.0,5260.674,1446.3224147259878,258.02497920457853,-7153.938,-2387.315,-657.1785,500.0
t99,-1150.0,-5389.995403440523,-367.314,-10320.6005,919.231,-1687.1795,-2600.0,1200.0,5048.019901907224,0.0,0.0,-7153.938,-2387.315,-657.1785,500.0
t100,-1150.0,-6709.726463057108,-367.314,-10320.6005,919.231,-1687.1795,-2600.0,1200.0,3340.0306483580216,0.0,555.9303849620496,-7153.938,-2170.9439769707715,-657.1785,500.0
t101,-1150.0,-6340.83352519357,-367.314,-10320.6005,919.231,-1687.1795,-2600.0,1200.0,2508.9030426293584,0.0,0.0,-7153.938,-234.27697624194383,-657.1785,500.0
t102,-1150.0,-7730.8825,-367.314,-10320.6005,919.231,-1687.1795,-2600.0,1200.0,2429.808303846904,0.0,0.0,-7153.938,-663.8629395922577,-657.1785,500.0
t103,-1150.0,-7730.8825,-367.314,-10320.6005,919.231,-1687.1795,-2600.0,1200.0,3071.5499858604944,0.0,476.6240907070321,-7153.938,0.0,-657.1785,500.0
t104,-1150.0,-7730.8825,-367.314,-10320.6005,827.3896830114469,-1687.1795,-2600.0,1200.0,4159.775250984614,-848.8910966192075,631.2292193661718,-7153.938,0.0,-657.1785,500.0
t105,-1150.0,-6297.330060636674,-367.314,-10320.6005,0.0,-1687.1795,-2600.0,1200.0,4425.082490019417,0.0,986.7359795128897,-7153.938,0.0,-8.072153496640805,500.0
t106,-1150.0,-2026.5529107713733,-367.314,-10320.6005,0.0,-1687.1795,2447.874012233527,1200.0,4253.523718167345,0.0,330.99111910194284,-6082.977880918778,0.0,0.0,500.0
t107,-1150.0,-2327.0197352854743,-367.314,-10320.6005,0.0,-1687.1795,2600.0,1200.0,2821.7573859348404,0.0,856.52550122395,-5695.14197080216,0.0,0.0,500.0
t108,-1150.0,-5066.7746181144685,-367.314,-10320.6005,-919.231,-1687.1795,-1738.3228096676355,1200.0,1326.5584234799196,0.0,935.5891391094069,-6746.580356309522,1438.2345904666277,0.0,500.0
t109,-1150.0,-6919.032895952701,-367.314,-10320.6005,-880.0818248475439,-1687.1795,-2600.0,299.219234491114,156.44461815298496,0.0,1416.9605,-6689.048977263256,2387.315,0.0,500.0
t110,-1150.0,-5050.660348468172,-367.314,-10320.6005,-919.231,-1687.1795,-2600.0,0.0,1945.989959556565,0.0,1416.9605,-7153.938,2387.315,-107.12286014203752,500.0
t111,-1150.0,-4512.831608809981,-367.314,-10320.6005,-919.231,-1687.1795,-2600.0,1200.0,2973.8466579541764,0.0,1416.9605,-7153.938,2387.315,0.0,500.0
t112,-189.75423261490118,-3285.086966342417,-367.314,-10320.6005,-919.231,-1687.1795,-2600.0,1200.0,4118.410039535457,0.0,1416.9605,-6840.689150065346,2387.315,657.1785,500.0
t113,-1150.0,-6186.875364948099,-367.314,-10320.6005,-912.9725190456649,-1687.1795,-2600.0,1200.0,5260.674,652.0446766039948,917.7810949358858,-7153.938,2387.315,0.0,500.0
t114,-1150.0,-6141.806497492512,-367.314,-10320.6005,-919.231,-1687.1795,-2600.0,1200.0,5260.674,2780.0,1416.9605,-7153.938,1629.5239079049247,0.0,500.0
t115,-1150.0,-6396.288676563126,-367.314,-10320.6005,0.0,-686.9351202926164,-2600.0,1200.0,5260.674,2780.0,1416.9605,-5317.253610414977,0.0,0.0,0.0
t116,-1150.0,-5695.440199711404,-367.314,-10320.6005,0.0,0.0,-2600.0,1200.0,5260.674,2780.0,693.9095260976169,-3660.6901563276315,0.0,0.0,0.0
t117,-1150.0,-4389.257507692966,-367.314,-10320.6005,0.0,0.0,-2600.0,1200.0,5260.674,2780.0,269.75567394606185,-2510.4575808723976,0.0,0.0,0.0
t118,-1150.0,-4453.675625423183,-367.314,-10320.6005,919.231,0.0,-2600.0,1200.0,5260.674,2780.0,0.0,-1426.1483275314135,-1273.7895274491148,-657.1785,0.0
t119,-1150.0,-3233.648154501492,-367.314,-10320.6005,919.231,0.0,-2600.0,1200.0,5260.674,2780.0,-1403.8681390806285,-405.21015627200927,-2124.719995340603,0.0,0.0
t120,-1150.0,-3206.6089006370353,-367.314,-10320.6005,919.231,0.0,-2600.0,1200.0,5260.674,2780.0,-1416.9605,-84.31802683996838,-2387.315,0.0,0.0
t121,-1150.0,-4956.239593942653,-367.314,-10320.6005,919.231,1687.1795,-2600.0,1200.0,5260.674,2780.0,22.657043350442844,-7153.938,-2387.315,-657.1785,-500.0
t122,-1150.0,-6485.290461421071,-367.314,-10320.6005,919.231,1687.1795,-2600.0,1200.0,5260.674,2780.0,430.81772311641987,-7153.938,-2387.315,-657.1785,-500.0
t123,-1150.0,-6047.541467367764,-367.314,-10320.6005,919.231,1687.1795,-2600.0,1200.0,5260.674,2780.0,-80.22261334409143,-7153.938,-2387.315,-657.1785,-500.0
t124,-1150.0,-5798.134040065177,-367.314,-10320.6005,919.231,1687.1795,-2600.0,1200.0,5260.674,2780.0,275.0084048009844,-7153.938,-2387.315,-657.1785,-500.0
t125,-1150.0,-4462.860284721073,-367.314,-10320.6005,919.231,1687.1795,-2600.0,1200.0,5260.674,2780.0,-236.9370762852375,-7153.938,-2387.315,-657.1785,-367.0309866015782
t126,-1150.0,-5510.34096635898,-367.314,-10320.6005,919.231,1325.1042217839797,-2600.0,1200.0,5260.674,2780.0,-366.6550128232503,-7153.938,-2387.315,-657.1785,0.0
t127,-1150.0,-7730.8825,-367.314,-10320.6005,919.231,1687.1795,-2586.3839305093898,1200.0,5260.674,2780.0,-836.7239600294394,-7153.938,-2387.315,-657.1785,-500.0
t128,-1150.0,-5993.405981589848,-367.314,-7885.800117594068,919.231,0.0,-142.13757950740074,0.0,5260.674,0.0,-1294.6760547443607,-7153.938,-2387.315,-657.1785,0.0
t129,0.0,-2205.2970562463424,-367.314,0.0,0.0,0.0,0.0,627.4938668035466,1552.3493263402195,0.0,-1416.9605,-5971.515450573643,0.0,0.0,0.0
t130,-266.17065643264596,120.6537914644192,0.0,-54.12359263973335,919.231,0.0,2600.0,1200.0,0.0,0.0,-1416.9605,-1526.2745935454366,-1157.408908331666,657.1785,0.0
t131,0.0,572.1629692298227,0.0,0.0,919.231,0.0,2600.0,0.0,-798.2265330916429,0.0,-1416.9605,-1220.2339050873477,-489.6982391029371,433.39693567663716,0.0
t132,0.0,232.46260791704688,0.0,0.0,919.231,0.0,265.3912425947767,375.9857436588246,0.0,0.0,-1416.9605,0.0,-1345.5483106327279,208.56865080439516,0.0
t133,0.0,0.0,-367.314,0.0,373.8820416417805,0.0,0.0,0.0,0.0,0.0,-1416.9605,-1871.4779659583012,0.0,0.0,0.0
t134,60.697971734014,-618.5623045061028,-367.314,-744.1093429752785,0.0,0.0,-2600.0,0.0,0.0,0.0,0.0,-3330.6284424461096,0.0,0.0,0.0
t135,775.7659996452613,0.0,-367.314,-3457.434100726922,0.0,0.0,-2600.0,-1200.0,751.1386680331418,0.0,0.0,-3993.43875511701,0.0,-550.13661678972,0.0
t136,-341.28041203267037,0.0,0.0,-7108.2962378593165,919.231,0.0,-1712.402144099505,0.0,2238.403508517547,2780.0,-1416.9605,-105.17021343698153,-2387.315,0.0,0.0
t137,-1150.0,823.0908561426047,-367.314,-10320.6005,919.231,1687.1795,-2600.0,1200.0,5260.674,2780.0,-1416.9605,-1302.439311168578,-2387.315,384.7257264061911,-500.0
t138,-1150.0,0.0,-367.314,-10320.6005,919.231,1687.1795,-2600.0,1200.0,5260.674,2780.0,-1416.9605,-2562.5969570016473,-2387.315,0.0,-500.0
t139,-1150.0,0.0,-367.314,-10320.6005,919.231,1687.1795,-2600.0,1200.0,5260.674,2780.0,-1416.9605,-3128.2697662170026,-2387.315,0.0,-500.0
t140,-1150.0,0.0,-367.314,-10320.6005,919.231,1687.1795,-2600.0,1200.0,5260.674,2780.0,-1416.9605,-2189.510436082393,-2387.315,0.0,-500.0
t141,-1150.0,0.0,-367.314,-10320.6005,919.231,1687.1795,-2600.0,1200.0,5260.674,2780.0,-1416.9605,-4680.013796626887,-2387.315,0.0,-500.0
t142,-1150.0,0.0,-367.314,-10320.6005,919.231,1687.1795,-2600.0,1200.0,5260.674,2780.0,-1416.9605,-7153.938,-2387.315,0.0,-500.0
t143,-1150.0,0.0,-367.314,-10320.6005,919.231,1687.1795,-2600.0,1200.0,5260.674,2780.0,-1416.9605,-5923.3968849527455,-2387.315,0.0,-500.0
t144,-1150.0,0.0,-367.314,-10320.6005,919.231,1687.1795,-2600.0,1200.0,5260.674,2780.0,-1416.9605,-7153.938,-2387.315,0.0,-500.0
t145,-1150.0,0.0,-367.314,-10320.6005,919.231,0.0,0.0,0.0,30.924209252663804,0.0,1416.9605,-4198.886968375954,-613.9671204444313,-657.1785,0.0
t146,-1150.0,0.0,-367.314,-10320.6005,919.231,0.0,0.0,0.0,0.0,0.0,1416.9605,-5799.5930935412425,0.0,-657.1785,0.0
t147,-1150.0,0.0,-367.314,-10320.6005,919.231,0.0,0.0,0.0,0.0,0.0,1416.9605,-3127.5175708483916,-744.8878108695191,-657.1785,0.0
t148,-1150.0,0.0,-352.21155303099874,-10320.6005,919.231,0.0,0.0,0.0,0.0,0.0,1263.241921741898,-3076.8998134785784,-1107.9831707724322,-657.1785,0.0
t149,-1150.0,0.0,-367.314,-8723.753891508322,919.231,0.0,0.0,0.0,0.0,0.0,896.6460553061758,-2917.1415393412817,0.0,-657.1785,0.0
t150,-1150.0,-3042.1059031848217,-367.314,-8439.119756029524,0.0,0.0,0.0,0.0,0.0,0.0,1416.9605,-5971.017164509738,0.0,-657.1785,0.0
t151,-1150.0,-4205.881392010407,-367.314,-5731.953621015078,-214.08319401253493,-1687.1795,-2560.1571415212493,0.0,0.0,-2780.0,1416.9605,-2809.156848709773,0.0,-373.6105524778393,500.0
t152,-423.8074858623579,0.0,-367.314,-6234.457143822279,-450.43855664150846,-1687.1795,0.0,0.0,-28.610982378766625,-2780.0,1416.9605,-1508.3036099026363,0.0,0.0,500.0
t153,-1102.1199162985054,0.0,0.0,-4262.050982061818,0.0,-1687.1795,0.0,57.8233337187648,-694.07677831228,-1346.1294263059979,1416.9605,-296.14863378831325,0.0,0.0,500.0
t154,-1150.0,0.0,0.0,-5524.67415257232,0.0,-1687.1795,0.0,0.0,-2016.9277431123521,0.0,1416.9605,0.0,0.0,0.0,500.0
t155,-1150.0,0.0,0.0,-5972.279765539932,0.0,-1687.1795,0.0,0.0,-3218.1636654533877,-1383.5127648583837,1416.9605,0.0,0.0,-167.6591959768733,500.0
t156,-1150.0,0.0,0.0,-5074.869992095113,0.0,-1687.1795,0.0,0.0,-5260.674,0.0,1416.9605,0.0,0.0,-657.1785,500.0
t157,-1150.0,0.0,0.0,-6735.704189939609,0.0,-1687.1795,0.0,0.0,-4663.936536987484,0.0,1416.9605,-1746.135489645583,0.0,-657.1785,500.0
t158,-1150.0,0.0,0.0,-9600.984173551446,0.0,-1687.1795,0.0,0.0,-3461.545080030933,0.0,1416.9605,-2827.760586146193,0.0,-657.1785,500.0
t159,-1150.0,1044.4132439157706,0.0,-10320.6005,0.0,-1003.0453483929282,0.0,0.0,-302.66527216409713,0.0,1416.9605,-3442.6528783615286,0.0,-657.1785,0.0
t160,-1150.0,80.61453858914254,0.0,-10320.6005,37.79462219790616,0.0,-2443.3726071032347,0.0,0.0,1148.192151479087,1416.9605,-4590.3257353924455,0.0,-657.1785,0.0
t161,-1150.0,691.7695349690557,0.0,-9521.892001097178,919.231,0.0,-1460.0716982100516,0.0,0.0,0.0,1416.9605,-1963.3600718888574,-148.95772697019515,-657.1785,0.0
t162,-1150.0,997.0359319189704,0.0,-10320.6005,919.231,0.0,0.0,0.0,0.0,1202.0690337869967,1416.9605,0.0,-2116.284734632816,-657.1785,0.0
t163,-1150.0,0.0,0.0,-10320.6005,919.231,0.0,0.0,0.0,2613.445100103672,2780.0,1416.9605,0.0,-830.7940517769115,-657.1785,0.0
t164,-1150.0,0.0,0.0,-7481.39921006673,919.231,0.0,-898.6150299885254,0.0,0.0,0.0,1416.9605,0.0,0.0,-657.1785,0.0
t165,-1150.0,0.0,0.0,-10320.6005,919.231,0.0,0.0,0.0,763.5277490985386,2780.0,1416.9605,0.0,-905.1684044727186,-657.1785,0.0
t166,-1150.0,0.0,0.0,-10320.6005,919.231,0.0,0.0,0.0,3361.209458481122,2780.0,1416.9605,0.0,-1024.1936461469923,-657.1785,0.0
t167,-1150.0,0.0,0.0,-10320.6005,919.231,0.0,0.0,0.0,3236.489037401417,0.0,1416.9605,0.0,-1003.6295368697564,-657.1785,0.0
t168,-1150.0,0.0,0.0,-9004.373634091,919.231,0.0,0.0,0.0,2550.849994309207,2780.0,1416.9605,0.0,-1094.9011119438528,-657.1785,0.0
t169,-503.0562991809473,0.0,-367.314,-8699.155092505278,919.231,0.0,2600.0,1200.0,5260.674,2780.0,-1416.9605,0.0,-1086.8890292197395,657.1785,0.0
t170,-738.3108537894359,0.0,-367.314,-7867.749959163843,0.0,0.0,2600.0,1200.0,5260.674,2780.0,-1416.9605,0.0,-2167.836941837805,657.1785,0.0
t171,-850.9197472496063,0.0,-367.314,-3905.503723555015,0.0,0.0,2600.0,1200.0,5260.674,2780.0,-1416.9605,0.0,0.0,657.1785,0.0
t172,-999.5810439061112,-2204.2743643742638,-367.314,-4315.29568682103,0.0,0.0,2600.0,1200.0,5260.674,2780.0,-1416.9605,1167.5664044145667,0.0,657.1785,0.0
t173,-944.3234824306849,-2038.9597701317305,-367.314,-5540.997444658691,0.0,0.0,2600.0,1200.0,5260.674,2780.0,-1416.9605,53.04605588493549,0.0,657.1785,0.0
t174,-1112.1581149679798,-3251.63051685041,-367.314,-5206.707940737948,0.0,0.0,2600.0,1200.0,5260.674,2780.0,-1416.9605,1490.61148386906,0.0,657.1785,0.0
t175,-749.6725798405006,-1143.3419943183683,0.0,0.0,-919.231,0.0,2600.0,1200.0,4068.8136686279468,0.0,-1416.9605,1114.2184055483413,2387.315,657.1785,0.0
t176,-1150.0,0.0,0.0,-313.6939223067729,-919.231,0.0,2600.0,1200.0,0.0,0.0,-1416.9605,3024.2670781353145,2387.315,657.1785,0.0
t177,-1150.0,0.0,0.0,0.0,-919.231,0.0,2600.0,1200.0,496.28861308907057,0.0,-1416.9605,2832.7238599537513,1864.216071342178,657.1785,0.0
t178,-1141.7389927222544,0.0,0.0,0.0,-919.231,0.0,2600.0,1200.0,0.0,0.0,-1416.9605,3506.2298021722518,2387.315,657.1785,0.0
t179,-1150.0,0.0,0.0,0.0,-776.4959664457825,0.0,2600.0,1200.0,0.0,0.0,-1416.9605,3544.889052983747,2387.315,657.1785,0.0
t180,-1150.0,0.0,0.0,0.0,-919.231,0.0,2600.0,1200.0,0.0,0.0,-1416.9605,2345.258445413319,2387.315,657.1785,0.0
t181,-1150.0,0.0,0.0,-357.8559035398595,-919.231,0.0,2600.0,1200.0,174.8458333439423,0.0,-1416.9605,1326.3510884976226,2387.315,657.1785,0.0
t182,-1150.0,0.0,0.0,-2049.846052272788,-919.231,0.0,2600.0,1200.0,943.8946700430795,0.0,-1416.9605,0.0,2387.315,657.1785,0.0
t183,-1150.0,0.0,0.0,-2348.608421543715,-919.231,0.0,2600.0,1200.0,0.0,0.0,-1416.9605,0.0,2106.043005160064,657.1785,0.0
t184,-985.6729618379659,0.0,0.0,-6421.707791933724,0.0,0.0,2600.0,1200.0,0.0,0.0,-1416.9605,0.0,434.83884849890364,657.1785,0.0
t185,-660.9853709474037,0.0,0.0,-6970.3152629472825,-919.231,0.0,2600.0,1200.0,1937.5099544215261,0.0,-1416.9605,0.0,0.0,657.1785,0.0
t186,-578.6088035950205,1507.0911581123976,0.0,-5983.597534029152,0.0,0.0,2600.0,1200.0,3507.828445209882,2780.0,-1416.9605,0.0,0.0,657.1785,0.0
t187,-1150.0,-254.13459445009755,-367.314,-8609.85066219384,390.1493453968866,0.0,2600.0,1200.0,5260.674,2780.0,-1416.9605,0.0,0.0,0.0,0.0
t188,-1150.0,-2135.807534717562,-367.314,-9761.996113511297,747.4158490513971,0.0,1330.9349481887248,1200.0,5260.674,2780.0,-1416.9605,0.0,0.0,0.0,0.0
t189,-1150.0,-570.630647747043,-367.314,-9118.66551585402,0.0,0.0,499.16359724448705,1200.0,5260.674,2780.0,-1416.9605,0.0,-1796.5890789161324,0.0,0.0
t190,-1150.0,0.0,-367.314,-6489.015223581834,0.0,0.0,265.883884813483,1200.0,5260.674,2780.0,-1416.9605,0.0,-564.3629354621086,0.0,0.0
t191,-1150.0,0.0,-367.314,-5883.022347667531,0.0,259.6949410120337,429.8169934804161,1200.0,5260.674,2780.0,-1416.9605,0.0,-197.23918091958555,0.0,0.0
t192,-1150.0,-305.62556940426555,-367.314,-6207.209026605552,0.0,0.0,1128.6423714732034,1200.0,5260.674,2780.0,-1069.514635678898,0.0,0.0,0.0,-500.0
t193,-1150.0,0.0,0.0,-9798.619986374775,919.231,0.0,2600.0,1200.0,623.9755314595889,2780.0,-1416.9605,-7153.938,-2387.315,657.1785,0.0
t194,-1150.0,0.0,0.0,-8044.8404949236765,919.231,0.0,2600.0,1200.0,0.0,2780.0,-1416.9605,-7153.938,-2387.315,657.1785,0.0
t195,-1150.0,0.0,0.0,-8146.602076384921,919.231,0.0,2600.0,1200.0,1908.793635812796,2780.0,-1416.9605,-7153.938,-2387.315,657.1785,0.0
t196,-871.1430148012718,0.0,0.0,-8888.44632740347,919.231,0.0,2600.0,1200.0,3959.5444201027267,2780.0,-1416.9605,-7153.938,-2387.315,657.1785,0.0
t197,-1084.6323683168755,0.0,0.0,-9177.565294894635,919.231,0.0,2600.0,1200.0,1643.6712522563473,2780.0,-1416.9605,-7153.938,-2387.315,657.1785,0.0
t198,-671.86703086727,0.0,0.0,-5009.130492523852,919.231,0.0,2600.0,1200.0,5260.674,2780.0,-1416.9605,-7153.938,-2387.315,657.1785,0.0
t199,-1150.0,0.0,-339.9177839395248,-6598.443203783632,919.231,0.0,2600.0,1200.0,2904.472648913409,0.0,-1416.9605,-7153.938,-2387.315,-645.9132514818641,0.0
t200,-1150.0,-4293.743109039961,-367.314,-8856.856929029444,919.231,0.0,0.0,1200.0,0.0,0.0,-908.1563618933753,-7153.938,-1768.1526372685653,0.0,0.0
t201,-1150.0,0.0,0.0,-5073.718677586536,919.231,0.0,2600.0,1200.0,0.0,0.0,-1416.9605,-7091.179929888515,-850.1702414195224,0.0,0.0
t202,-1150.0,0.0,0.0,-2599.1676377411122,507.60906420773176,0.0,2600.0,1200.0,0.0,0.0,-1416.9605,-6092.727142831959,0.0,0.0,0.0
t203,-1150.0,0.0,0.0,-5109.571350876824,0.0,0.0,0.0,1200.0,0.0,0.0,0.0,-5813.867864300379,0.0,0.0,0.0
t204,-1150.0,0.0,0.0,-5310.283916969865,0.0,0.0,2409.453548105856,1200.0,0.0,0.0,330.3272490321805,-5841.318127281262,0.0,0.0,0.0
t205,-1150.0,0.0,0.0,-7915.43116436038,0.0,0.0,0.0,1200.0,0.0,0.0,895.1210506781138,-4463.407603636967,0.0,0.0,0.0
t206,-1150.0,0.0,0.0,-5186.927720905781,0.0,0.0,0.0,1200.0,0.0,0.0,324.445333983982,-4876.809547371732,0.0,0.0,0.0
t207,-1150.0,-770.3513770591352,-367.314,-9023.912629921519,0.0,0.0,0.0,505.62335754790706,0.0,0.0,722.9955477348033,-4225.220514329309,0.0,0.0,0.0
t208,-1150.0,4044.9411115257544,0.0,-8504.931931241996,919.231,0.0,2600.0,1200.0,4717.376564011585,2780.0,136.44313055369412,-2563.7993131124827,-2387.315,-657.1785,0.0
t209,-1150.0,1476.707125862274,-367.314,-10320.6005,919.231,1687.1795,2600.0,1200.0,5260.674,2780.0,382.2110077381617,-7153.938,-2387.315,-657.1785,0.0
t210,-1150.0,748.9139690063732,0.0,-10320.6005,919.231,727.2185683334587,2600.0,1200.0,5260.674,2780.0,985.5979969477502,-7153.938,-2387.315,-657.1785,0.0
t211,-1150.0,2567.507084984584,-154.33364078469316,-10320.6005,919.231,567.7072162938261,2600.0,1200.0,5260.674,2780.0,1095.0447574957484,-7153.938,-2387.315,-657.1785,0.0
t212,-1150.0,2013.3309512355302,-367.314,-10320.6005,919.231,735.506306873462,2600.0,1200.0,5260.674,2780.0,587.4202931879234,-7153.938,-2387.315,-657.1785,0.0
t213,-1150.0,3347.151532377028,-367.314,-10320.6005,919.231,0.0,2600.0,1200.0,5260.674,2780.0,213.5081025581397,-7153.938,-2387.315,-657.1785,0.0
t214,-1150.0,2078.4849800851016,-367.314,-10320.6005,919.231,0.0,2600.0,1200.0,5260.674,2780.0,0.0,-7153.938,-2387.315,-657.1785,0.0
t215,-1150.0,2906.481692511127,-367.314,-10320.6005,919.231,746.9949702062369,2600.0,1200.0,5260.674,2780.0,-699.150337606858,-7153.938,-2387.315,-657.1785,0.0
t216,-1150.0,2790.7241569858243,-367.314,-10320.6005,919.231,906.2047841609627,2600.0,1200.0,5260.674,2780.0,-1416.9605,-7153.938,-2387.315,-657.1785,0.0
t217,-1150.0,0.0,-367.314,-10320.6005,919.231,1687.1795,2600.0,1200.0,5260.674,2780.0,-1416.9605,-2576.2019742970283,-2387.315,0.0,-500.0
t218,-1150.0,0.0,-367.314,-9662.335919987532,919.231,1687.1795,2600.0,1200.0,5260.674,2780.0,-1416.9605,-1384.4994691421782,-2387.315,-8.803371403133271,-500.0
t219,-1150.0,0.0,-367.314,-8388.249784490066,919.231,1687.1795,2600.0,1200.0,5260.674,2780.0,-1416.9605,-2550.7257661120216,-2387.315,-165.268409622738,-500.0
t220,-1150.0,0.0,-367.314,-9512.388928237857,919.231,1687.1795,2600.0,1200.0,5260.674,2780.0,-1416.9605,-660.4380826787323,-2387.315,-168.7817418044005,-500.0
t221,-1150.0,0.0,-367.314,-8288.56353890104,919.231,1687.1795,2600.0,1200.0,5260.674,2780.0,-1416.9605,-1900.085001813456,-2387.315,-362.9115177044801,-500.0
t222,-1150.0,0.0,-367.314,-8238.668370694031,919.231,1687.1795,2600.0,1200.0,5260.674,2780.0,-1416.9605,-1356.221235608818,-2387.315,-32.92337166709667,-500.0
t223,-1150.0,-3010.9674696435723,-367.314,-9431.537398612383,919.231,1687.1795,2600.0,1200.0,5260.674,2780.0,-1416.9605,-2671.3922379901555,-2387.315,-628.913122023801,-500.0
t224,-1150.0,-1234.1636286144546,-367.314,-5995.175934972226,919.231,0.0,2600.0,1200.0,5260.674,2780.0,-1416.9605,-4549.960404743576,-2387.315,-93.19770795685346,0.0
t225,-1150.0,0.0,0.0,-2683.393252745018,919.231,0.0,2600.0,1200.0,2286.0025197465443,1279.1422187367061,-1416.9605,-1339.168695655425,-2387.315,609.0308471237691,0.0
t226,-665.0040486593613,1438.8830928911648,0.0,0.0,919.231,689.6050139506781,2600.0,1200.0,0.0,2028.1564353677238,-1416.9605,0.0,-410.64176671822975,657.1785,0.0
t227,0.0,1300.1196238360963,0.0,-1878.4152755151404,919.231,0.0,2600.0,1200.0,0.0,2780.0,-1416.9605,0.0,-2387.315,243.07962741082136,0.0
t228,0.0,512.6488827726679,0.0,-1706.239920050196,919.231,0.0,2600.0,1200.0,0.0,2780.0,-1416.9605,0.0,-1484.9841073717512,392.65203244380626,0.0
t229,0.0,0.0,0.0,-2136.011833777583,919.231,0.0,2600.0,1200.0,259.08175138983654,2780.0,-1416.9605,0.0,-2387.315,489.4688825912012,0.0
t230,0.0,0.0,0.0,-2767.36220187686,0.0,0.0,1273.876506004765,1200.0,403.83370223708306,2780.0,-1416.9605,0.0,-1086.8149882980863,657.1785,0.0
t231,56.07658572834012,0.0,0.0,-2876.1261178979776,919.231,0.0,0.0,1200.0,1651.7908748367277,2780.0,-1416.9605,0.0,-34.628401472491696,657.1785,0.0
t232,0.0,3008.056430380316,0.0,-5849.49233582513,919.231,1687.1795,2600.0,1200.0,5260.674,2780.0,-1416.9605,0.0,-2387.315,657.1785,-500.0
t233,0.0,0.0,-367.314,-10320.6005,919.231,1687.1795,2600.0,1200.0,5260.674,2780.0,-1416.9605,-803.336627049546,-2387.315,657.1785,-500.0
t234,0.0,0.0,-367.314,-7661.261916458183,919.231,1687.1795,2600.0,1200.0,5260.674,2780.0,-1416.9605,-3951.6731230299915,-2387.315,657.1785,-500.0
t235,-1103.6884035789237,0.0,-367.314,-9957.586449203987,919.231,1687.1795,2600.0,1200.0,5260.674,2780.0,-1416.9605,-3626.4630766921314,-2387.315,657.1785,-500.0
t236,-406.8508438545692,0.0,-367.314,-8396.165144130402,919.231,1687.1795,2600.0,1200.0,5260.674,2780.0,-1416.9605,-2995.333169882825,-2387.315,657.1785,-500.0
t237,-588.1929428777217,0.0,-367.314,-10320.6005,919.231,1687.1795,2600.0,1200.0,5260.674,2780.0,-1416.9605,-3032.3938013729776,-2387.315,657.1785,-500.0
t238,-1109.0654778606913,0.0,-367.314,-8944.018238265942,919.231,1687.1795,2600.0,1200.0,5260.674,2780.0,-1416.9605,-5481.959282413837,-2387.315,657.1785,-500.0
t239,-1090.6014522009102,0.0,-367.314,-10312.833475696787,919.231,1687.1795,2600.0,1200.0,5260.674,2780.0,-1416.9605,-3937.4714775968064,-2387.315,657.1785,-500.0
t240,-1150.0,0.0,-367.314,-10320.6005,919.231,1687.1795,2600.0,1200.0,5260.674,2780.0,-1416.9605,-3553.639100056306,-2387.315,445.12445142802665,-500.0
t241,-1150.0,-5927.753899325228,-367.314,-10320.6005,-919.231,-1687.1795,-2600.0,1200.0,5260.674,2780.0,982.7739459533143,-2315.9007132332354,2387.315,0.0,500.0
t242,0.0,-7374.2921331390535,-367.314,-10320.6005,-919.231,-1687.1795,-2600.0,1200.0,5260.674,2780.0,852.5116868793608,-4497.382833955912,2387.315,657.1785,500.0
t243,0.0,-7730.8825,-367.314,-10320.6005,-919.231,-1687.1795,-2600.0,1200.0,5260.674,2780.0,1347.514595376201,-6076.091231585342,2387.315,657.1785,500.0
t244,495.49309735141753,-7730.8825,-367.314,-10320.6005,-919.231,-1687.1795,-2600.0,845.1401190165582,5260.674,2780.0,1405.5837123251774,-5634.118710032182,2387.315,657.1785,500.0
t245,429.6771104957073,-6851.906764381457,-367.314,-10320.6005,-919.231,-1687.1795,-2600.0,351.142726509573,5260.674,2780.0,962.2824125655276,-5570.81263724875,2387.315,657.1785,500.0
t246,92.94242030667328,-7730.8825,-367.314,-10320.6005,-919.231,-1687.1795,-2600.0,74.98619471234069,5260.674,2780.0,663.7244065807076,-5886.056250128677,2387.315,657.1785,500.0
t247,0.0,-7730.8825,-367.314,-10320.6005,-919.231,-1687.1795,-2600.0,1046.964968823873,5260.674,1172.3721927641514,139.67657166419787,-5790.456091838023,2387.315,657.1785,500.0
t248,0.0,-7730.8825,-367.314,-10320.6005,-919.231,-1687.1795,-2600.0,1200.0,5260.674,1249.9822090577336,1008.727498138424,-5533.67749249156,2387.315,657.1785,500.0
t249,344.17713704849007,-5050.866314773527,-367.314,-10320.6005,-919.231,-1687.1795,-2600.0,0.0,5260.674,669.1273067417616,663.4078867962355,-3236.360443556909,2387.315,657.1785,500.0
t250,0.0,-3391.440381330435,-367.314,-10320.6005,-919.231,-1687.1795,-2600.0,0.0,5260.674,886.2914832253806,954.6885153425593,-3414.2763099117424,2387.315,657.1785,500.0
t251,0.0,-3736.8906211999674,-367.314,-10320.6005,-919.231,-1687.1795,-2600.0,0.0,5260.674,449.0787365310927,1275.409965876852,-4543.114003092878,2387.315,624.63112979951,500.0
t252,0.0,-2018.001191682933,-367.314,-10320.6005,-919.231,-1687.1795,-2600.0,0.0,5260.674,282.9341518360562,1416.9605,-5084.231323372411,2387.315,0.0,500.0
t253,0.0,-2816.0472880541897,-367.314,-10320.6005,-809.1503989049851,-1687.1795,-2600.0,0.0,4763.986417970519,0.0,1416.9605,-7153.938,2387.315,0.0,500.0
t254,0.0,-3179.2559535108257,-367.314,-10320.6005,-919.231,-1687.1795,-2600.0,0.0,4278.867786735642,0.0,1333.4742300887851,-7153.938,1694.5626524099569,0.0,500.0
t255,0.0,-1388.6430766789183,-367.314,-10320.6005,-919.231,-1687.1795,-2600.0,0.0,4463.95551585083,0.0,1151.3062807467816,-7153.938,2387.315,0.0,500.0
t256,-133.24248233589617,-2207.9522490310733,-367.314,-10320.6005,-919.231,-1687.1795,-2600.0,0.0,3557.7166857117563,0.0,1416.9605,-7153.938,1824.148895434662,0.0,500.0
t257,-1150.0,-4834.553687696475,-367.314,-10320.6005,-919.231,-1687.1795,-2600.0,38.09170961602394,4258.984997900652,0.0,1416.9605,-7153.938,1525.6794690573515,0.0,500.0
t258,-1150.0,-3855.1611986268954,-367.314,-10320.6005,-919.231,-1687.1795,-2600.0,0.0,5260.674,0.0,1416.9605,-7153.938,1136.4334574628563,0.0,500.0
t259,-408.4883219378862,-3589.8895064280723,-367.314,-10320.6005,-883.7644898568566,-1687.1795,-2600.0,1185.8601603995849,5260.674,1945.73913555041,1416.9605,-7153.938,0.0,0.0,500.0
t260,-1067.3257181802585,-3029.6161750893,-367.314,-10320.6005,-919.231,-1687.1795,-2600.0,470.20427496563644,5260.674,2343.768833948097,1416.9605,-7153.938,690.5598335698015,0.0,500.0
t261,-1028.546106199837,-3527.284190293175,-367.314,-10320.6005,-919.231,-1687.1795,-2600.0,732.0933790192843,5260.674,1961.4336687312252,1416.9605,-7153.938,0.0,0.0,500.0
t262,-600.3388720593994,-3737.305728718789,-367.314,-10320.6005,-341.259538865241,-1687.1795,-2600.0,860.465163184559,5260.674,1241.8315582895252,1416.9605,-7153.938,0.0,0.0,500.0
t263,-1150.0,-2603.9080695646007,-367.314,-10320.6005,-437.5680911643858,-1687.1795,-2600.0,966.6904316805844,5260.674,1209.6884463493614,1416.9605,-7153.938,0.0,0.0,500.0
t264,-1150.0,-3149.6124662745115,-367.314,-10320.6005,-919.231,-1687.1795,-2600.0,1058.5735103820741,5158.339580309514,0.0,1416.9605,-7153.938,116.67995559921334,0.0,500.0
t265,-1150.0,-124.58905915421295,-367.314,-10320.6005,215.07723588524615,0.0,0.0,1200.0,5260.674,2780.0,0.0,-466.50771388848307,0.0,-62.62216957699157,0.0
t266,-1150.0,-1048.9898823650592,-367.314,-10320.6005,-19.11844184631077,0.0,393.96304909232447,1200.0,5260.674,2780.0,0.0,0.0,0.0,0.0,0.0
t267,-1150.0,-1427.1943471002337,-367.314,-10320.6005,-873.8595627973106,-1687.1795,1686.782209423909,1200.0,5260.674,2780.0,0.0,0.0,0.0,0.0,500.0
t268,-1150.0,-2265.783685599532,-367.314,-10320.6005,-919.231,-1227.9788119415232,1424.3084605580084,1200.0,5260.674,225.05806422423498,589.0970381194222,0.0,396.1527895787734,0.0,0.0
t269,-1150.0,-3500.3256739361514,-367.314,-10320.6005,-437.1443750713088,-1687.1795,0.0,1200.0,4475.0635443875035,0.0,141.02249781296058,0.0,0.0,0.0,500.0
t270,-1150.0,-5544.907631676211,-367.314,-10320.6005,-264.8350381969813,-1687.1795,0.0,1200.0,2462.9715324047484,0.0,0.0,0.0,0.0,332.3312528885985,500.0
t271,-1150.0,-6676.659052635749,-367.314,-10320.6005,0.0,-1687.1795,0.0,1200.0,1609.0549364914777,0.0,-219.21379871217906,0.0,0.0,657.1785,500.0
t272,-1150.0,-7730.8825,-367.314,-10320.6005,0.0,0.0,882.619184609759,1200.0,0.0,0.0,-351.32616559948735,0.0,0.0,646.7871638791015,26.925591161937867
t273,-598.7981371938345,-2992.2028964039896,-367.314,-8602.801855072728,0.0,0.0,2600.0,1200.0,639.7834594063186,0.0,0.0,0.0,0.0,657.1785,0.0
t274,-934.8053450589578,0.0,-367.314,-5010.194295012557,-919.231,0.0,2600.0,1200.0,0.0,0.0,0.0,0.0,747.4528510102317,657.1785,0.0
t275,-958.668082997728,0.0,-367.314,-6936.910467507491,-919.231,-358.01532758531937,2600.0,1200.0,0.0,0.0,35.048655250054956,0.0,2387.315,657.1785,0.0
t276,0.0,0.0,0.0,-4861.472028573795,-919.231,-1687.1795,2600.0,1200.0,-193.5513579687111,-939.4554469862852,908.9719030222518,0.0,2387.315,657.1785,500.0
t277,0.0,0.0,-367.314,-6319.528135279246,-919.231,-1687.1795,0.0,0.0,-515.6434733313573,-2780.0,309.93930051897013,0.0,2387.315,86.20943315481506,500.0
t278,0.0,-575.4451064148845,-367.314,-10120.46347869556,-919.231,-1687.1795,0.0,378.8275375388763,0.0,-2780.0,120.22536815958794,-752.4318669413731,2387.315,0.0,500.0
t279,-191.26122245599055,-1085.2407712339575,-367.314,-10320.6005,-919.231,-1687.1795,0.0,1200.0,0.0,-1036.0263644972006,383.5222148265873,-1431.5026081567369,2387.315,0.0,500.0
t280,-1150.0,-1256.1044974947688,-367.314,-10320.6005,-919.231,-1687.1795,0.0,1200.0,0.0,0.0,0.0,-1312.858191422141,1410.4442287867366,0.0,500.0
t281,-1150.0,-5471.272475298352,-367.314,-10320.6005,0.0,-1687.1795,0.0,1200.0,0.0,0.0,0.0,0.0,0.0,365.75719593668254,500.0
t282,-1150.0,-5816.53581092015,-367.314,-10320.6005,0.0,-1258.4205572843719,0.0,1200.0,1352.0593246127223,0.0,-562.3444921602352,0.0,0.0,657.1785,0.0
t283,-1150.0,-1141.3129230279358,-367.314,-10320.6005,0.0,-1600.6496260721253,0.0,1200.0,4253.747665989699,0.0,0.0,0.0,0.0,657.1785,500.0
t284,-1150.0,-849.4453777533207,-367.314,-10320.6005,-751.4848076170051,-1605.8703268244094,457.1119674522865,1200.0,5260.674,0.0,76.58417156565095,0.0,0.0,0.0,500.0
t285,-1150.0,-751.4239254942636,-367.314,-10320.6005,-919.231,-1653.2850340269404,0.0,1200.0,5260.674,0.0,-727.7461940135387,0.0,852.2492890922624,657.1785,0.0
t286,-1150.0,-987.843476740755,-367.314,-10320.6005,-919.231,-600.1259054279768,0.0,1200.0,5260.674,0.0,-1070.1300089507536,0.0,966.0596147027292,657.1785,0.0
t287,-1150.0,0.0,-367.314,-10320.6005,-919.231,0.0,0.0,1200.0,5260.674,585.989431163314,0.0,0.0,730.8860587899776,0.0,0.0
t288,-1150.0,-823.4063049907087,-367.314,-10320.6005,-797.1122211307256,-406.20680703727066,0.0,1200.0,5260.674,0.0,0.0,0.0,2387.315,231.5436550509254,0.0
t289,-1150.0,-2614.3174303271717,-367.314,-10320.6005,-919.231,-1687.1795,-2600.0,1200.0,5260.674,1913.5138899666035,1140.471439537883,-1032.85929758074,2387.315,657.1785,500.0
t290,0.0,-3305.2592226855986,-367.314,-10320.6005,-919.231,-1687.1795,-2600.0,1200.0,5260.674,0.0,1344.3440261172716,-956.6286963617694,2387.315,657.1785,500.0
t291,0.0,-5581.797565066616,-367.314,-10320.6005,-919.231,-1687.1795,-2600.0,1200.0,2932.480094103379,0.0,1416.9605,-81.05350249787323,2387.315,657.1785,500.0
t292,265.55665678407877,-7480.518460555241,-367.314,-10320.6005,-919.231,-1687.1795,-2600.0,1200.0,2204.8077250236015,0.0,1416.9605,-718.5493473477709,2387.315,657.1785,500.0
t293,0.0,-7730.8825,-367.314,-10320.6005,-919.231,-1687.1795,-2600.0,1200.0,0.0,0.0,1416.9605,-584.4659575855893,2387.315,657.1785,500.0
t294,-35.88890319300054,-7730.8825,-367.314,-10320.6005,-919.231,-1687.1795,-2600.0,1200.0,0.0,-447.1701689802122,1416.9605,-1093.5623794037663,2387.315,657.1785,500.0
t295,425.94172322711705,-7730.8825,-367.314,-10320.6005,-919.231,-1687.1795,-2600.0,1200.0,661.0116569287052,-516.4184504506945,1416.9605,-2364.631242334306,2387.315,657.1785,500.0
t296,0.0,-7730.8825,-367.314,-10320.6005,-919.231,-1687.1795,-1214.6384108722814,1200.0,2185.873519144996,-1323.207609927064,717.6008550561533,-3379.9245154499527,2387.315,657.1785,500.0
t297,-709.6423384114817,-6822.6234126259105,-367.314,-10320.6005,-919.231,-1687.1795,-785.8482853206998,1200.0,1068.6353150071375,0.0,0.0,-3326.115196013047,2387.315,657.1785,500.0
t298,-1150.0,-2848.2011625083305,-367.314,-10320.6005,-919.231,-1687.1795,2507.702636019107,1200.0,0.0,0.0,-441.2641368119881,-939.7428634339635,537.0384622158367,657.1785,500.0
t299,-776.7816721686155,-2158.8059543646627,-367.314,-10320.6005,0.0,-1687.1795,1870.0483625874726,1200.0,0.0,0.0,-699.2882884648086,-2119.748039027436,883.943784831559,657.1785,500.0
t300,0.0,-2671.23647702983,-367.314,-10320.6005,-919.231,-1687.1795,0.0,1200.0,1549.5389990327349,0.0,-275.95924176232677,-6685.449333396386,1442.5702179364382,657.1785,500.0
t301,0.0,-5734.035783179082,-367.314,-10320.6005,-919.231,-1687.1795,-2600.0,1200.0,97.42854429143667,0.0,-282.5763044300973,-7153.938,52.63927111938291,657.1785,500.0
t302,-506.01818657612614,-6258.809583687859,-367.314,-10320.6005,0.0,-1687.1795,-2600.0,1200.0,33.87117996039089,0.0,-975.5771664750505,-7153.938,0.0,657.1785,500.0
t303,-891.4031365985975,-5024.776768048867,-367.314,-10320.6005,919.231,-1687.1795,-2600.0,1200.0,1555.19290020211,0.0,-1416.9605,-7153.938,-146.24735321661075,657.1785,500.0
t304,-1150.0,-4096.999306062358,-367.314,-10320.6005,919.231,-1687.1795,-2600.0,1200.0,1523.5272705677269,0.0,-1416.9605,-7153.938,-1305.9268685743323,657.1785,500.0
t305,-1150.0,-5642.27454643286,-367.314,-10320.6005,919.231,-1687.1795,-2600.0,1200.0,2127.4266413649916,0.0,-1416.9605,-7153.938,-2387.315,657.1785,500.0
t306,-1150.0,-6003.7992640250695,-367.314,-10320.6005,919.231,-1687.1795,-2600.0,1200.0,3989.529161894055,0.0,-1416.9605,-7153.938,-2387.315,657.1785,500.0
t307,-1150.0,-4411.4662100048,-367.314,-10320.6005,919.231,-1687.1795,-2600.0,1200.0,4773.989019998153,0.0,-1416.9605,-7153.938,-2387.315,657.1785,500.0
t308,-1150.0,-5852.218175075924,-367.314,-10320.6005,919.231,-1687.1795,-2600.0,1200.0,5033.104661099172,0.0,-1416.9605,-7153.938,-2387.315,657.1785,500.0
t309,-1150.0,-6339.596940326733,-367.314,-10320.6005,919.231,-1687.1795,-2600.0,1200.0,4943.936543450208,0.0,-1416.9605,-7153.938,-2387.315,657.1785,500.0
t310,-1150.0,-4097.901562106165,-367.314,-10320.6005,919.231,-1687.1795,-2600.0,1200.0,4633.152684562749,0.0,-1416.9605,-7153.938,-2387.315,638.3977857426195,500.0
t311,-1150.0,-4439.9207072679455,-367.314,-10320.6005,919.231,-1687.1795,-2600.0,1200.0,4987.584165541005,0.0,-1416.9605,-7153.938,-2387.315,657.1785,500.0
t312,-1150.0,-5618.241318541935,-367.314,-10320.6005,919.231,-1687.1795,-2600.0,1200.0,4287.8158885664925,0.0,-1416.9605,-7153.938,-1079.924339603345,73.93648875341752,500.0
t313,0.0,-5166.946177171321,-367.314,-10320.6005,919.231,-1687.1795,-2600.0,-1117.6204516893613,5177.533919573172,0.0,-704.753172303617,-7153.938,-2022.7993154599596,0.0,500.0
t314,0.0,-5184.820045912298,-367.314,-10320.6005,919.231,-1687.1795,-2600.0,-1124.3680660812136,3343.416696394539,0.0,-639.5572412549872,-7153.938,-2235.6753013967386,0.0,500.0
t315,704.6879050033939,-6066.05506142423,-367.314,-10320.6005,919.231,-1687.1795,-2600.0,-1200.0,5260.674,0.0,0.0,-7153.938,-2065.178889067871,0.0,500.0
t316,634.5147195818782,-6130.937990072005,-367.314,-10320.6005,919.231,-1687.1795,-2600.0,-1200.0,5260.674,0.0,-326.91417589112785,-7153.938,-1541.0915155305577,0.0,500.0
t317,0.0,-7730.8825,-367.314,-10320.6005,0.0,-1687.1795,-2600.0,-1200.0,5260.674,0.0,-999.9523334646168,-7153.938,-956.8872383381133,0.0,500.0
t318,0.0,-6587.188401264884,-367.314,-10320.6005,0.0,-1687.1795,-2600.0,-1200.0,5260.674,0.0,-1001.6157878870107,-7153.938,-1241.5041647603994,0.0,500.0
t319,0.0,-7730.8825,-367.314,-10320.6005,0.0,-1687.1795,-2600.0,-1200.0,5260.674,-74.98624915060948,-1143.7293620477476,-7153.938,-1792.6758749635505,0.0,500.0
t320,797.2537383167037,-7730.8825,-367.314,-10320.6005,919.231,-1687.1795,-2600.0,-1200.0,4606.215811764431,-2779.987593972529,-234.50823381065538,-7153.938,-1986.986498428749,0.0,500.0
t321,0.0,-7730.8825,-367.314,-10320.6005,919.231,-1687.1795,-2600.0,0.0,2120.056925240747,0.0,-633.3658633760215,-7153.938,-2309.6316532410215,0.0,500.0
t322,0.0,-6547.671659631654,-367.314,-10320.6005,919.231,-1687.1795,-2600.0,-446.87848299884513,3760.8113761533086,0.0,-966.1933606516536,-7153.938,-662.3869780797143,0.0,500.0
t323,1150.0,-5516.204066714388,-367.314,-10320.6005,477.53884089101985,-1606.0539257288488,-2600.0,-1200.0,3770.6398418247823,0.0,0.0,-7153.938,0.0,-398.68205549423,500.0
t324,1150.0,-5905.944254505185,-367.314,-10320.6005,0.0,-1687.1795,-2600.0,-1200.0,2862.48500459007,0.0,0.0,-7153.938,0.0,-351.3808342664557,500.0
t325,1150.0,-6499.7576017910915,-367.314,-10320.6005,0.0,-1687.1795,-2600.0,-1200.0,1730.1929581788634,0.0,0.0,-7153.938,0.0,-271.3969226057699,500.0
t326,1150.0,-7047.196998191606,-367.314,-10320.6005,0.0,-1687.1795,-2600.0,-1200.0,1549.330484054109,0.0,0.0,-7153.938,0.0,-143.34313623614605,500.0
t327,1150.0,-6260.163865696974,-367.314,-10320.6005,0.0,-1687.1795,-2600.0,-1200.0,2809.460859124009,0.0,0.0,-7153.938,0.0,0.0,500.0
t328,483.5967509901025,-6081.612531254763,-367.314,-10320.6005,919.231,-1687.1795,-2600.0,-1200.0,4612.579027927727,0.0,0.0,-7153.938,0.0,-515.8339275895845,500.0
t329,-1150.0,-5337.0324192570915,-367.314,-10320.6005,919.231,-1687.1795,-2600.0,0.0,5260.674,1894.931728799951,0.0,-7153.938,-1028.8034157964744,0.0,500.0
t330,-1150.0,-4368.651591564079,-367.314,-10320.6005,919.231,-1687.1795,-2600.0,1200.0,5260.674,2780.0,0.0,-7153.938,-1562.5250558595806,-631.4816511851866,189.57340628780776
t331,-1150.0,-2897.2924205610657,-367.314,-10320.6005,919.231,0.0,-2600.0,1200.0,5260.674,2780.0,227.66946410103293,-7153.938,-2387.315,-657.1785,0.0
t332,-1150.0,-4184.351662516401,-367.314,-10320.6005,919.231,0.0,-2600.0,1200.0,5260.674,2780.0,1024.014970562319,-7153.938,-2387.315,-657.1785,0.0
t333,-1150.0,-2190.1745334950833,-367.314,-10320.6005,919.231,0.0,-2600.0,1200.0,5260.674,2780.0,430.28722580946436,-7153.938,-2387.315,-657.1785,0.0
t334,-1150.0,-2943.965919236164,-367.314,-10320.6005,919.231,0.0,-2600.0,1200.0,5260.674,2780.0,751.3234024891634,-7153.938,-2387.315,-657.1785,0.0
t335,-1150.0,-3340.9375414821707,-367.314,-10320.6005,919.231,249.3700149467635,-2600.0,1200.0,5260.674,2780.0,756.5653821078462,-7153.938,-2387.315,-657.1785,0.0
t336,-1150.0,-880.5281326601364,-367.314,-10320.6005,919.231,0.0,-2600.0,1200.0,5260.674,2780.0,1416.9605,-7153.938,-2387.315,-657.1785,0.0
t337,-1150.0,1878.4630150835706,-367.314,-10320.6005,919.231,0.0,0.0,0.0,5260.674,2780.0,-1416.9605,-2770.669256172535,-2387.315,0.0,0.0
t338,-1150.0,0.0,-367.314,-10320.6005,919.231,0.0,0.0,0.0,5260.674,2780.0,-1416.9605,-161.5684278596234,-2387.315,0.0,0.0
t339,-132.43678585710182,0.0,-367.314,-10320.6005,919.231,0.0,0.0,132.5902007741623,5260.674,2780.0,-1416.9605,0.0,-2387.315,0.0,0.0
t340,0.0,-7.901974268755311,-367.314,-10320.6005,919.231,0.0,0.0,0.0,5260.674,2780.0,-1416.9605,0.0,-2387.315,0.0,0.0
t341,0.0,0.0,-367.314,-10320.6005,919.231,0.0,-146.1422446188666,0.0,5260.674,2780.0,-1416.9605,0.0,-2387.315,281.99931499544334,0.0
t342,-37.00538772856691,-1315.2038763317637,-367.314,-9313.509980428378,919.231,0.0,0.0,947.3436842560131,5260.674,0.0,-1416.9605,0.0,-2093.0090853743195,0.0,0.0
t343,934.8624172914708,-4045.406317065507,-367.314,-5412.077069576757,0.0,-1687.1795,0.0,0.0,0.0,0.0,-832.3628420382363,0.0,0.0,170.55918919556194,190.71010599802548
t344,1150.0,-2518.198516686711,-367.314,-2624.4948511923903,-919.231,-1687.1795,-1552.1136603062869,0.0,0.0,-2780.0,0.0,-790.8792441825556,832.0829968766658,462.65818808827754,500.0
t345,0.0,0.0,-367.314,-4388.720511401121,-919.231,-1687.1795,0.0,0.0,-255.08999723121818,-2780.0,-408.12436598455974,-1018.4795333946329,1112.6777589557619,657.1785,500.0
t346,0.0,0.0,0.0,-7169.892944287318,0.0,-1687.1795,0.0,499.19296752843877,-720.6419779555296,-2780.0,0.0,-73.67544810516411,0.0,344.71901699049204,500.0
t347,0.0,0.0,0.0,-7586.832916965465,0.0,-1687.1795,0.0,0.0,-2395.0558672182624,-2780.0,447.829244399664,-354.9605562352392,0.0,0.0,500.0
t348,0.0,0.0,0.0,-10320.6005,0.0,-1687.1795,0.0,0.0,-2818.09748644971,-2780.0,949.3809050968653,-2895.8209072892455,0.0,0.0,500.0
t349,0.0,0.0,0.0,-10320.6005,0.0,-1687.1795,0.0,0.0,-1390.681791232342,-921.6017006542767,1349.8118939200667,-1262.5460043199485,0.0,0.0,500.0
t350,-192.75442926817004,491.91747936661204,0.0,-10320.6005,0.0,-1687.1795,0.0,0.0,-2481.2098777852307,0.0,1416.9605,-1929.630496498518,0.0,0.0,500.0
t351,-1150.0,2695.591362087415,0.0,-10320.6005,0.0,-1687.1795,0.0,0.0,-668.8879210992704,0.0,1416.9605,-1908.7648619428758,0.0,-657.1785,500.0
t352,-1150.0,1522.0178417065163,-367.314,-10320.6005,0.0,-1687.1795,-2600.0,0.0,0.0,2009.9135575292685,1416.9605,-2534.6375088003097,0.0,-657.1785,500.0
t353,-1150.0,4071.4461753478877,-367.314,-10320.6005,0.0,-1687.1795,-2600.0,0.0,3643.878812349823,2780.0,1416.9605,-6898.787052922748,0.0,-657.1785,500.0
t354,-1150.0,6699.14648891389,-367.314,-10320.6005,628.660395427203,0.0,-974.2738925278164,1200.0,5260.674,2780.0,918.3036287494798,-7153.938,0.0,-657.1785,221.05530239932762
t355,-1150.0,5766.245462439576,-367.314,-10320.6005,919.231,-1213.2787911254884,0.0,1200.0,5260.674,2780.0,-585.4976350168291,-7153.938,-2387.315,-657.1785,0.0
t356,-1150.0,6545.613785341187,-367.314,-10320.6005,919.231,-1269.2752055367498,0.0,1200.0,5260.674,2780.0,-1416.9605,-7153.938,-2387.315,-657.1785,0.0
t357,-1150.0,6109.674608569305,-367.314,-10320.6005,919.231,-1432.3240829314022,-541.5147866257374,1200.0,5260.674,2780.0,-1416.9605,-7153.938,-2387.315,-657.1785,0.0
t358,-1150.0,4485.300426170418,-367.314,-10320.6005,919.231,-1582.3450370419712,0.0,1200.0,5260.674,2780.0,-952.6184466657106,-7153.938,-2387.315,-657.1785,0.0
t359,-1150.0,6615.283982855487,-367.314,-10320.6005,919.231,-339.7305836661692,0.0,1200.0,5260.674,2780.0,-152.2271268115008,-7153.938,-2387.315,-657.1785,500.0
t360,-1150.0,4079.5272563857598,-367.314,-10320.6005,919.231,-1048.770612831982,0.0,1200.0,5260.674,2780.0,-758.1253561827092,-7153.938,-2387.315,-657.1785,0.0
t361,-1150.0,0.0,-367.314,-10320.6005,919.231,1687.1795,2600.0,1200.0,5260.674,2780.0,-1416.9605,-3254.5002526440003,-2387.315,657.1785,0.0
t362,-1150.0,0.0,-367.314,-9945.8903032788,919.231,1687.1795,2600.0,1200.0,5260.674,2780.0,-1416.9605,-2005.2787816242883,-2387.315,657.1785,-500.0
t363,-1150.0,0.0,-367.314,-8333.8479108719,919.231,1687.1795,2600.0,1200.0,5260.674,2780.0,-1416.9605,-487.81261709071765,-2387.315,657.1785,-500.0
t364,-1080.333631573949,0.0,-367.314,-8961.870613386944,919.231,1687.1795,2600.0,1200.0,5260.674,2780.0,-1416.9605,0.0,-2387.315,657.1785,0.0
t365,-1150.0,0.0,-367.314,-9839.484728261117,919.231,1687.1795,2600.0,1200.0,5260.674,2780.0,-1416.9605,-1318.5291446002032,-2387.315,657.1785,-500.0
t366,-1150.0,-2156.4925825638047,-367.314,-7832.140760087416,919.231,99.7014780985199,2600.0,1200.0,5260.674,2780.0,-1416.9605,0.0,-2262.7160415328603,0.0,0.0
t367,-1150.0,0.0,-102.59126501955838,0.0,0.0,0.0,2600.0,1200.0,4637.741785641836,0.0,-1416.9605,0.0,0.0,657.1785,0.0
t368,-1150.0,0.0,0.0,0.0,0.0,0.0,2600.0,1200.0,0.0,0.0,-1416.9605,0.0,0.0,657.1785,0.0
t369,-1148.6996307106026,0.0,0.0,0.0,0.0,0.0,2600.0,1200.0,0.0,0.0,-1416.9605,0.0,0.0,657.1785,0.0
t370,-525.9514234832849,0.0,0.0,0.0,0.0,0.0,2600.0,1200.0,0.0,0.0,-1416.9605,0.0,0.0,657.1785,0.0
t371,-1097.7426585858998,0.0,0.0,0.0,0.0,0.0,2600.0,1200.0,0.0,0.0,-1416.9605,0.0,34.2963506114919,657.1785,0.0
t372,-899.9162592734654,0.0,0.0,0.0,-673.7547280666054,0.0,2600.0,1200.0,0.0,0.0,-1416.9605,0.0,0.0,657.1785,0.0
t373,-1115.555938688951,0.0,0.0,-1992.236995501758,0.0,0.0,2600.0,1200.0,0.0,0.0,-1416.9605,0.0,0.0,657.1785,0.0
t374,-1150.0,0.0,0.0,-4544.659620649457,0.0,0.0,2600.0,1200.0,0.0,0.0,-1416.9605,0.0,0.0,0.0,0.0
t375,-1150.0,0.0,0.0,-7924.215130724229,600.8180231826692,0.0,2600.0,1200.0,0.0,0.0,-483.14238599396026,0.0,0.0,0.0,0.0
t376,-1150.0,0.0,0.0,-9765.719940862467,919.231,0.0,2600.0,1200.0,0.0,0.0,253.90761585030856,-1609.6474514000993,-2387.315,-657.1785,0.0
t377,-1150.0,0.0,0.0,-10211.270357661198,919.231,0.0,2600.0,1200.0,0.0,0.0,1034.795729093228,0.0,-2387.315,-657.1785,0.0
t378,-1150.0,2222.0522937036662,0.0,-9596.806824296873,919.231,0.0,2600.0,1200.0,1880.209845130744,2780.0,-676.4588743535448,0.0,-2387.315,-657.1785,0.0
t379,-1150.0,859.0692902541035,0.0,-10320.6005,919.231,1687.1795,2600.0,1200.0,5260.674,2780.0,-432.0263955321812,0.0,-2387.315,-657.1785,-500.0
t380,-1150.0,0.0,-367.314,-10320.6005,919.231,1687.1795,2600.0,1200.0,5260.674,2780.0,-1416.9605,0.0,-2387.315,-242.88843911715236,-500.0
t381,-1150.0,0.0,-367.314,-10320.6005,919.231,1545.0734533388456,2600.0,1200.0,5260.674,2780.0,-1416.9605,-2824.49441067746,-2387.315,-657.1785,-500.0
t382,-1150.0,0.0,-367.314,-10320.6005,919.231,1687.1795,2600.0,1200.0,5260.674,2780.0,-1416.9605,-4587.7242450983385,-2387.315,-657.1785,-500.0
t383,-1150.0,0.0,-367.314,-10320.6005,919.231,1687.1795,2600.0,1200.0,5260.674,2780.0,-1416.9605,-1285.2364239674682,-2387.315,-657.1785,-500.0
t384,-1150.0,0.0,-367.314,-10320.6005,919.231,1687.1795,2600.0,1200.0,5260.674,2780.0,-1416.9605,-1034.1006753182915,-2387.315,-657.1785,-500.0
t385,-1150.0,-2576.149003897051,-367.314,-10320.6005,919.231,1687.1795,-2600.0,0.0,5260.674,2780.0,-1416.9605,-7153.938,-2387.315,0.0,-500.0
t386,-1150.0,-4244.247267172206,-367.314,-10320.6005,919.231,1687.1795,-2600.0,0.0,5260.674,2780.0,-1416.9605,-7153.938,-2387.315,0.0,-500.0
t387,-624.2932108986204,-4295.412798680023,-367.314,-10320.6005,919.231,1687.1795,-2600.0,0.0,5260.674,2780.0,-1416.9605,-7153.938,-2387.315,0.0,-500.0
t388,-35.74159901523978,-4977.704991889467,-367.314,-9059.59243186912,919.231,1687.1795,-1934.0724104889214,0.0,5260.674,2780.0,-1416.9605,-7153.938,-2387.315,0.0,-500.0
t389,-843.8076085717673,-3352.9973656811294,-367.314,-10172.809773885965,919.231,1687.1795,-2600.0,0.0,5260.674,2780.0,-1416.9605,-7153.938,-2387.315,0.0,-500.0
t390,-1150.0,-5478.173217164063,-367.314,-8161.514309973597,919.231,1687.1795,-2600.0,0.0,5260.674,2780.0,-1416.9605,-7153.938,-2387.315,-284.89689355173454,-500.0
t391,-1150.0,-7730.8825,-367.314,-10173.80519349329,919.231,1687.1795,1675.0229837357042,1200.0,5260.674,2780.0,-1416.9605,-7153.938,-2387.315,-118.54542483560512,-431.3400204463351
t392,-1150.0,-5033.551870171111,-367.314,-7890.405860768873,919.231,0.0,2600.0,1200.0,5260.674,2780.0,-1416.9605,-5570.031944692929,-2387.315,0.0,0.0
t393,-1150.0,-1227.7637688544082,-367.314,-2742.5275943861716,919.231,0.0,2600.0,1200.0,5260.674,335.1969464509565,-1416.9605,-4512.575197467187,-2387.315,0.0,0.0
t394,-1150.0,-384.4713019120346,-367.314,-5257.062663381381,919.231,0.0,2600.0,1200.0,5260.674,0.0,-1416.9605,-3150.02858426471,-2387.315,0.0,0.0
t395,-924.9569826151342,0.0,0.0,-2375.385436305834,919.231,0.0,0.0,1200.0,5260.674,0.0,-1416.9605,-3836.035791694557,-2387.315,0.0,0.0
t396,-768.4207501169246,0.0,0.0,-4362.487649251213,919.231,0.0,2600.0,1200.0,5260.674,0.0,-1416.9605,-1096.5657613877756,-2387.315,0.0,0.0
t397,-964.1344995223789,0.0,-294.4734217759561,-965.2675364771463,919.231,0.0,51.88922345739433,1200.0,5260.674,0.0,-1416.9605,-924.7657983096806,-2387.315,0.0,0.0
t398,-400.905015998933,0.0,-367.314,-3389.717353238137,919.231,0.0,1300.877721324433,1200.0,5140.948211349135,0.0,-1416.9605,-948.7187792355626,-1196.925598019638,0.0,0.0
t399,-1150.0,-457.7809282968797,-367.314,-4358.926115453098,919.231,0.0,0.0,1200.0,5260.674,0.0,-1416.9605,0.0,-404.66649438274266,0.0,0.0
t400,-839.6097413469149,-890.8372080007305,-367.314,-5929.324115744131,641.1190151545891,0.0,0.0,0.0,5260.674,2004.7376130103949,-1416.9605,0.0,0.0,0.0,0.0
t401,0.0,-1195.263054177819,-367.314,-9537.91957152288,919.231,1687.1795,-2600.0,0.0,5260.674,2780.0,-164.0817626379121,573.7185317582552,-2387.315,0.0,-500.0
t402,0.0,-2095.848886899863,-367.314,-10320.6005,919.231,1687.1795,-2600.0,0.0,5260.674,2780.0,-366.9301800241615,0.0,-2387.315,0.0,-500.0
t403,-1150.0,-4808.685155758642,-367.314,-10320.6005,919.231,1687.1795,-2600.0,0.0,5260.674,2780.0,-1120.0727419851612,0.0,-2387.315,0.0,-500.0
t404,-208.7207330246774,-4253.280932439242,-367.314,-10320.6005,919.231,1687.1795,-2600.0,0.0,5260.674,2780.0,0.0,103.40565649966078,-2387.315,0.0,-500.0
t405,-1150.0,-3142.5976083791975,-367.314,-10320.6005,919.231,1687.1795,-2600.0,0.0,5260.674,2780.0,-1228.1133122877543,0.0,-2387.315,0.0,-500.0
t406,-751.3251894657726,-2929.3557273722354,-367.314,-10320.6005,919.231,1687.1795,-2600.0,0.0,5260.674,2780.0,0.0,2115.0281797909147,-2387.315,0.0,-500.0
t407,-26.831770767688674,-1186.6109715191099,-367.314,-10320.6005,919.231,1687.1795,-2600.0,0.0,5260.674,2780.0,0.0,0.0,-2387.315,0.0,-500.0
t408,-1150.0,-1633.125996273444,-367.314,-10320.6005,919.231,1687.1795,-2600.0,0.0,5260.674,2780.0,0.0,3819.4371061912007,-2387.315,-24.907916953978464,-500.0
t409,-1150.0,1279.6654767037012,-367.314,-10320.6005,919.231,-1631.2312525286545,2600.0,1200.0,3366.0502947640307,2780.0,1416.9605,-7153.938,-1373.7487218059223,-657.1785,0.0
t410,-1150.0,0.0,-367.314,-10320.6005,919.231,-1184.9094167315463,2600.0,1200.0,2903.4804814904624,2477.955956036065,1416.9605,-7153.938,-954.1077889974362,-657.1785,0.0
t411,-1150.0,0.0,-367.314,-10320.6005,919.231,-708.7867547913042,2600.0,1200.0,3558.575625023032,1047.6423429388758,1416.9605,-7153.938,-255.55814603102212,-657.1785,0.0
t412,-1150.0,0.0,-367.314,-10320.6005,919.231,-1262.2824104080269,1975.8173331359153,1200.0,4043.5419724739154,127.26353823897999,1416.9605,-7153.938,-447.318630320993,-657.1785,0.0
t413,-1150.0,0.0,-367.314,-10320.6005,912.5019533346524,-1687.1795,2600.0,1200.0,3883.0909472874646,0.0,1416.9605,-7153.938,0.0,-657.1785,500.0
t414,-1150.0,0.0,-367.314,-10320.6005,345.33081382214004,-1687.1795,1576.198546024229,1200.0,2512.984877281736,0.0,1416.9605,-7153.938,0.0,-657.1785,500.0
t415,-1150.0,-1548.5156276390783,-367.314,-10320.6005,0.0,-1687.1795,2600.0,1200.0,2685.2278377816046,0.0,1416.9605,-7153.938,0.0,-657.1785,500.0
t416,-1150.0,-4091.42114416499,-367.314,-10320.6005,0.0,-1592.8697685300779,2196.4416334109233,1200.0,627.2951904870887,0.0,1416.9605,-5604.0653119074,0.0,-657.1785,0.0
t417,-1150.0,-4023.1719510039843,-367.314,-10320.6005,0.0,-1687.1795,2600.0,1200.0,66.10711169954206,0.0,1416.9605,-4465.4826750824595,0.0,-657.1785,500.0
t418,-1150.0,-3457.129837408458,-367.314,-10320.6005,0.0,-1687.1795,2600.0,1200.0,0.0,0.0,1416.9605,-3152.0335140256043,0.0,-657.1785,500.0
t419,-1150.0,-4401.047676032942,-367.314,-10320.6005,-919.231,-1687.1795,2600.0,1200.0,0.0,0.0,1416.9605,-2129.9588308502466,26.37078935472007,-657.1785,500.0
t420,-1150.0,-1410.0681864992969,-367.314,-10320.6005,-806.8489350657146,-1687.1795,2600.0,1200.0,0.0,-2780.0,1416.9605,-1381.361580448943,0.0,-657.1785,500.0
t421,-1150.0,-1117.5596539499331,-367.314,-9315.690278602477,-919.231,-1687.1795,2600.0,1200.0,0.0,-2780.0,1416.9605,-2282.060441075792,466.6476347638465,-657.1785,500.0
t422,-1150.0,-2058.6544520446905,-367.314,-10223.155143598775,0.0,-1687.1795,1969.744804074655,1200.0,0.0,-2213.568092529966,1416.9605,-1705.5075962674593,0.0,-657.1785,500.0
t423,-1150.0,-2557.976572317489,-367.314,-10320.6005,-106.85814222031635,-1687.1795,397.13823720006855,1200.0,0.0,-573.6451994858985,1416.9605,-2582.4285909592545,0.0,-657.1785,500.0
t424,-1150.0,0.0,-367.314,-10320.6005,0.0,-1687.1795,0.0,1200.0,743.6183400715463,0.0,1416.9605,-3234.468239051055,0.0,-657.1785,500.0
t425,-1150.0,0.0,-367.314,-10320.6005,0.0,-1687.1795,0.0,1200.0,4826.9566213807975,0.0,1416.9605,-6175.776071452536,0.0,-657.1785,500.0
t426,-1150.0,0.0,-367.314,-10320.6005,898.3338474410501,-1363.9753784381676,0.0,1200.0,4633.035851822383,1297.2995853681198,1416.9605,-7153.938,0.0,-657.1785,0.0
t427,-1150.0,623.3535371162994,-367.314,-10320.6005,734.7796150293759,-1687.1795,1710.1669808777872,1200.0,4324.266041476607,2780.0,1416.9605,-7153.938,0.0,-657.1785,500.0
t428,-1150.0,0.0,-367.314,-10320.6005,919.231,-1687.1795,2125.014735051077,1200.0,4795.426341375722,0.0,1416.9605,-7153.938,0.0,-657.1785,500.0
t429,-1150.0,0.0,-367.314,-10320.6005,919.231,-1687.1795,0.0,1200.0,4372.29753854996,0.0,1416.9605,-7153.938,-432.4718346049569,-657.1785,500.0
t430,-1150.0,0.0,-367.314,-10320.6005,919.231,-1687.1795,0.0,1200.0,4455.953158446414,45.66942735102802,1416.9605,-7153.938,-627.1910449768367,-657.1785,500.0
t431,-1150.0,219.18314396473477,-367.314,-10320.6005,919.231,-1687.1795,1759.2903557871625,1200.0,3071.872622424879,2780.0,1416.9605,-7153.938,-2387.315,-657.1785,500.0
t432,-1150.0,0.0,-367.314,-10320.6005,919.231,-1687.1795,0.0,1200.0,3274.336348361744,2421.982383036135,1416.9605,-7153.938,-2055.154489830731,-657.1785,500.0
t433,-1150.0,0.0,-367.314,-10320.6005,919.231,-1687.1795,2600.0,1200.0,0.0,835.6936355588437,1416.9605,-7153.938,-748.1683405426976,-657.1785,500.0
t434,-1150.0,0.0,-367.314,-10320.6005,919.231,-1687.1795,2600.0,1200.0,3637.0999192298336,0.0,1328.1848921187363,-7153.938,-195.17929854704144,-657.1785,500.0
t435,-1150.0,-965.526594095479,-367.314,-10320.6005,885.0720383482987,-1687.1795,2600.0,1200.0,3243.748117791164,0.0,1416.9605,-7153.938,0.0,-657.1785,500.0
t436,-1150.0,-1321.1511378608395,-367.314,-10320.6005,586.7776341622393,-1687.1795,2600.0,1200.0,3774.2614792453383,0.0,891.7888595259594,-7153.938,0.0,-657.1785,500.0
t437,-1150.0,-1206.8489919906306,-367.314,-10320.6005,405.77278726995837,-1687.1795,2600.0,1200.0,1524.220135406167,0.0,1416.9605,-7153.938,0.0,-657.1785,500.0
t438,-1150.0,-2165.674785766905,-367.314,-10320.6005,234.08491367971078,-1687.1795,2600.0,1200.0,5220.478760221547,0.0,1409.2518334046742,-7153.938,0.0,-657.1785,500.0
t439,-1150.0,-4792.674142942091,-367.314,-10320.6005,179.29334382466976,-1687.1795,2600.0,1200.0,0.0,0.0,834.592069501549,-7153.938,0.0,-657.1785,500.0
t440,-1150.0,-7006.0960866655,-367.314,-10320.6005,0.0,-1687.1795,2600.0,1200.0,0.0,0.0,1416.9605,-7153.938,0.0,-498.498223189651,500.0
t441,-1150.0,-5958.550293505299,-367.314,-10320.6005,0.0,-1687.1795,2600.0,1200.0,0.0,-242.88891936964254,1416.9605,-7153.938,0.0,-657.1785,500.0
t442,-1150.0,-2396.508806149726,-367.314,-7731.524867077117,0.0,-1687.1795,2600.0,1200.0,0.0,-110.18948012219482,1416.9605,-6065.063438882352,0.0,-657.1785,500.0
t443,-1150.0,-1600.202054717964,-367.314,-7147.5195324563865,0.0,-1687.1795,2600.0,1200.0,0.0,0.0,1416.9605,-6372.643642102445,0.0,-657.1785,500.0
t444,-1150.0,-1842.888555217344,-367.314,-10320.6005,0.0,-1687.1795,2600.0,1200.0,0.0,-590.4405994883056,1416.9605,-7153.938,0.0,-657.1785,500.0
t445,-1150.0,-2010.3001839755727,-367.314,-10320.6005,29.958143940226275,-1687.1795,2600.0,1200.0,0.0,-1522.6893048588477,1416.9605,-7153.938,0.0,-657.1785,500.0
t446,-1150.0,-1126.1171342567488,-367.314,-10320.6005,919.231,-1687.1795,2600.0,1200.0,0.0,-1600.9612956406284,1416.9605,-7153.938,0.0,-657.1785,500.0
t447,-1150.0,-532.6974086076874,-367.314,-10320.6005,744.2444445970976,-1687.1795,2600.0,1200.0,0.0,0.0,1416.9605,-7153.938,0.0,-657.1785,500.0
t448,-1150.0,0.0,-367.314,-10320.6005,919.231,-1687.1795,2600.0,1200.0,933.9652053232758,1152.2206339858424,1416.9605,-7153.938,-1071.2920311183798,-657.1785,500.0
t449,-1150.0,0.0,-367.314,-10320.6005,919.231,-1687.1795,2600.0,1200.0,3587.176132291146,0.0,1416.9605,-7153.938,-1427.9967100217045,-657.1785,500.0
t450,-1150.0,0.0,-367.314,-10320.6005,919.231,-1687.1795,2600.0,1200.0,5260.674,2780.0,1416.9605,-7153.938,-1628.6430748907578,-657.1785,500.0
t451,-1150.0,0.0,-367.314,-10320.6005,919.231,-1687.1795,2591.8090946489565,1200.0,3865.6112175448357,2780.0,1416.9605,-7153.938,-1646.1606823651414,-657.1785,500.0
t452,-1150.0,0.0,-367.314,-10320.6005,919.231,-1687.1795,2526.2508296670853,1200.0,4545.840762516499,0.0,1416.9605,-7153.938,-2387.315,-657.1785,500.0
t453,-1150.0,0.0,-367.314,-10320.6005,285.8514261443606,-1687.1795,2600.0,1200.0,3728.0349014716658,0.0,1416.9605,-7153.938,-2387.315,-657.1785,500.0
t454,-1150.0,0.0,-367.314,-10320.6005,919.231,-1687.1795,2600.0,1200.0,4835.260750024177,2780.0,1416.9605,-7153.938,-2387.315,-657.1785,500.0
t455,-1150.0,0.0,-367.314,-10320.6005,919.231,-1687.1795,2600.0,1200.0,3792.5736916225137,2780.0,1416.9605,-7153.938,-2387.315,-657.1785,500.0
t456,-1150.0,0.0,-367.314,-10320.6005,919.231,-1687.1795,2600.0,1200.0,1753.6911005296838,754.968473286083,1416.9605,-7153.938,-2272.827092293381,-657.1785,500.0
t457,-1150.0,-1335.89236029512,-367.314,-10320.6005,919.231,0.0,0.0,1200.0,5260.674,2780.0,1416.9605,-7153.938,-2387.315,-657.1785,0.0
t458,-1150.0,-2870.300735072263,-367.314,-10320.6005,919.231,0.0,0.0,1200.0,5260.674,2780.0,1416.9605,-7153.938,-2387.315,-657.1785,0.0
t459,-1150.0,-4041.535673153841,-367.314,-10320.6005,919.231,-386.86482312850876,0.0,1200.0,5260.674,2780.0,1416.9605,-7153.938,-2387.315,-657.1785,0.0
t460,-1150.0,-2658.7996346725363,-367.314,-10320.6005,919.231,-782.5926431453654,433.21440796539963,1200.0,5260.674,2780.0,1416.9605,-7153.938,-2387.315,-657.1785,0.0
t461,-1150.0,-2996.482069566872,-367.314,-10320.6005,919.231,-510.35220814203984,0.0,1200.0,5260.674,2780.0,1416.9605,-7153.938,-2387.315,-657.1785,0.0
t462,-1150.0,-3805.996904712548,-367.314,-10320.6005,919.231,-519.2792799840479,0.0,1200.0,5260.674,2780.0,1416.9605,-7153.938,-2387.315,-657.1785,0.0
t463,-1150.0,-4328.507085803306,-367.314,-10320.6005,919.231,-190.19253561448994,607.7365206034511,1200.0,5260.674,2780.0,1416.9605,-7153.938,-2387.315,-657.1785,0.0
t464,-1150.0,-5484.7179278232,-367.314,-10320.6005,919.231,-991.1225355931516,0.0,1200.0,5260.674,1601.3967976384156,1416.9605,-7153.938,-2387.315,-657.1785,0.0
t465,-1150.0,-936.1520388556012,-367.314,-10320.6005,919.231,-1687.1795,2600.0,1200.0,5260.674,744.344139396837,1416.9605,-7153.938,-2387.315,-657.1785,13.008606927848204
t466,-1150.0,-232.10749873106803,-367.314,-10320.6005,919.231,0.0,2600.0,1200.0,1556.972385934381,0.0,1416.9605,-7153.938,-2387.315,-657.1785,0.0
t467,-1150.0,-1184.9152099456712,-367.314,-10320.6005,919.231,0.0,2600.0,1200.0,450.40463336946385,0.0,1416.9605,-7153.938,-2387.315,-657.1785,0.0
t468,-1150.0,0.0,-367.314,-10320.6005,919.231,-1165.7433777987267,2385.284730345821,1200.0,3552.9991540774568,0.0,1416.9605,-7153.938,-2387.315,-657.1785,0.0
t469,-1150.0,0.0,-367.314,-10320.6005,919.231,-1198.862052142553,2593.8934128820956,1200.0,5028.340773518108,0.0,1416.9605,-7153.938,-2387.315,-657.1785,0.0
t470,-1150.0,0.0,-367.314,-10320.6005,919.231,-1185.187163961365,825.1346797185116,1200.0,5209.494827198627,0.0,1416.9605,-7153.938,-2387.315,-657.1785,0.0
t471,-1150.0,-187.6010616300495,-367.314,-10320.6005,919.231,-886.1832138621866,1079.4057358271282,1200.0,5260.674,2453.7780982523395,1416.9605,-7153.938,-2387.315,-657.1785,0.0
t472,-1150.0,0.0,-367.314,-10320.6005,919.231,0.0,-99.72575420982977,1200.0,5260.674,2780.0,1416.9605,-7153.938,-2387.315,-657.1785,0.0
t473,-1150.0,0.0,-367.314,-10320.6005,919.231,0.0,0.0,1200.0,5260.674,2780.0,1416.9605,-7153.938,-2387.315,-657.1785,500.0
t474,-1150.0,-1425.0964597382294,-367.314,-10320.6005,919.231,0.0,0.0,1200.0,5260.674,2780.0,1416.9605,-7153.938,-2387.315,-657.1785,500.0
t475,-1150.0,-148.3290834300516,-367.314,-10320.6005,919.231,0.0,-1535.4799203587452,1200.0,5260.674,2780.0,1416.9605,-7153.938,-2387.315,-657.1785,239.95242501458432
t476,-1150.0,-2274.9643247836552,-367.314,-10320.6005,919.231,0.0,0.0,1200.0,5260.674,2780.0,1416.9605,-7153.938,-2387.315,-657.1785,0.0
t477,-1150.0,-3041.3627178634742,-367.314,-10320.6005,919.231,0.0,0.0,1200.0,5260.674,2780.0,1416.9605,-7153.938,-2387.315,-657.1785,0.0
t478,-1150.0,-1678.754177000198,-367.314,-10320.6005,919.231,0.0,-2369.6848860700115,1200.0,5260.674,2780.0,1416.9605,-7153.938,-2387.315,-657.1785,0.0
t479,-1150.0,0.0,-367.314,-10320.6005,919.231,0.0,0.0,1200.0,5260.674,2780.0,1416.9605,-7153.938,-2387.315,-657.1785,0.0
t480,-1150.0,-1876.888748216538,-367.314,-10320.6005,919.231,-40.879102069166734,-1775.5414982781983,1200.0,5260.674,2780.0,1416.9605,-7153.938,-2387.315,-657.1785,0.0
t481,-1150.0,-4150.901022331543,-367.314,-10320.6005,919.231,0.0,-2600.0,1200.0,5260.674,2780.0,-1416.9605,-7153.938,-2387.315,319.52521806188184,0.0
t482,-1150.0,-5561.505796312036,-367.314,-10320.6005,919.231,0.0,-2600.0,1200.0,5260.674,2780.0,-1416.9605,-7153.938,-2387.315,657.1785,0.0
t483,-1150.0,-7586.555248076387,-367.314,-10320.6005,919.231,0.0,-2600.0,1200.0,5260.674,2780.0,-1416.9605,-7153.938,-2387.315,657.1785,0.0
t484,-960.7360272110651,-7576.856791142703,-367.314,-10320.6005,919.231,0.0,-2600.0,1200.0,5260.674,2780.0,-1416.9605,-7153.938,-2387.315,657.1785,0.0
t485,-480.5734026655975,-7730.8825,-367.314,-10320.6005,919.231,0.0,-2600.0,1200.0,5260.674,2780.0,-1416.9605,-7046.677498297322,-2387.315,657.1785,0.0
t486,0.0,-7730.8825,-367.314,-10320.6005,919.231,0.0,-2600.0,1200.0,5260.674,2780.0,-1416.9605,-7153.938,-2387.315,657.1785,0.0
t487,0.0,-7730.8825,-367.314,-10320.6005,919.231,0.0,-2600.0,1200.0,5260.674,2780.0,-1416.9605,-7153.938,-2387.315,657.1785,0.0
t488,-334.71881573795207,-7730.8825,-367.314,-10320.6005,919.231,0.0,0.0,1200.0,5260.674,2437.5271229310633,-1416.9605,-7153.938,-2387.315,657.1785,0.0
t489,-928.6577788644474,-3299.715523751175,-367.314,-8745.157164475402,919.231,0.0,1873.4720736157515,1200.0,5260.674,0.0,-1416.9605,-6391.975398962377,-2387.315,0.0,0.0
t490,-1150.0,0.0,-367.314,-4766.874551052459,919.231,0.0,2600.0,1200.0,4739.075274817612,0.0,-1416.9605,-7153.938,-2302.5193224121754,75.36015028882234,0.0
t491,-1054.1357210452827,0.0,0.0,-5277.462491210554,919.231,0.0,2600.0,1200.0,2997.9305065089466,0.0,-1416.9605,-3411.7440024445314,-2387.315,0.0,0.0
t492,-1150.0,0.0,0.0,-6774.670850093054,919.231,0.0,2600.0,1200.0,5260.674,0.0,-794.2927902718498,-4952.476974859468,-2387.315,-657.1785,0.0
t493,-1150.0,0.0,-367.314,-6388.305051278725,919.231,0.0,2600.0,1200.0,5260.674,0.0,342.88778740780344,-4129.186238519693,-2387.315,-657.1785,0.0
t494,-1150.0,-1358.6122699187126,-367.314,-6825.491049037806,919.231,0.0,2600.0,1200.0,5260.674,1187.9491459486148,1246.4708951823693,-6995.2987647357895,-2387.315,-657.1785,0.0
t495,-1150.0,-834.9022346769129,-367.314,-8162.619358484352,919.231,0.0,0.0,1200.0,5260.674,0.0,1416.9605,-5410.86991939696,-2387.315,-657.1785,0.0
t496,-1150.0,-3345.213740677299,-367.314,-10320.6005,919.231,941.3713165641739,-2104.4711896299086,1200.0,5260.674,2780.0,480.62057710558156,-5461.759181179097,-2387.315,-657.1785,0.0
t497,-1150.0,-5769.108812326644,-367.314,-10320.6005,919.231,0.0,-2600.0,1200.0,5260.674,2780.0,626.36993545003,-7153.938,-2387.315,-657.1785,0.0
t498,-1150.0,-7730.8825,-367.314,-10320.6005,919.231,0.0,-2600.0,1200.0,5260.674,2780.0,1405.1122621835916,-7153.938,-2387.315,-657.1785,0.0
t499,-1150.0,-7628.4795296696875,-367.314,-10320.6005,919.231,0.0,-2600.0,1200.0,5260.674,2780.0,1026.7721416906136,-7153.938,-2387.315,-657.1785,0.0
t500,-1150.0,-5583.394502658821,-367.314,-10320.6005,919.231,0.0,-2600.0,1200.0,5260.674,2780.0,904.9672926669839,-7153.938,-2387.315,-657.1785,0.0
t501,-1150.0,-6246.983991708194,-367.314,-10320.6005,919.231,0.0,-2600.0,1200.0,5260.674,2780.0,65.61938686491358,-7153.938,-2387.315,-657.1785,0.0
t502,-1150.0,-3739.101505841244,-367.314,-10320.6005,919.231,0.0,-2600.0,1200.0,5260.674,2780.0,201.694670535059,-7153.938,-2387.315,-657.1785,0.0
t503,-1150.0,-7008.982443039383,-367.314,-10320.6005,919.231,0.0,-2600.0,1200.0,5260.674,2780.0,311.3973796952391,-7153.938,-2387.315,-657.1785,0.0
t504,-1150.0,-5348.442098404663,-367.314,-10320.6005,919.231,0.0,-2600.0,1200.0,5260.674,2780.0,354.9440737355317,-7153.938,-2387.315,-657.1785,0.0
t505,-1150.0,3835.211899862845,0.0,-10320.6005,919.231,572.1827885456205,2600.0,1200.0,5260.674,2780.0,569.5435170507163,-2204.4426994583037,-2387.315,-657.1785,0.0
t506,-1150.0,903.9687918778367,0.0,-10320.6005,919.231,1588.3154084134708,2600.0,1200.0,5260.674,2780.0,-452.7372866123113,-1983.6271022336844,-2387.315,-657.1785,0.0
t507,-1150.0,0.0,0.0,-10320.6005,919.231,1088.380009428517,2600.0,1200.0,5260.674,2780.0,-683.4489815356433,0.0,-2387.315,-657.1785,0.0
t508,-1150.0,0.0,-367.314,-9734.823629852717,919.231,0.0,2600.0,1200.0,5260.674,2430.529414264819,-1266.6123437596966,-761.1572233552359,-2387.315,-657.1785,0.0
t509,-1150.0,0.0,-367.314,-10297.775893291308,919.231,0.0,2600.0,1200.0,5260.674,1855.7852117771452,-1416.9605,-359.0408084781143,-2387.315,-95.20238411101688,0.0
t510,-1150.0,-426.3918449122956,-367.314,-10320.6005,919.231,0.0,2600.0,1200.0,5260.674,1314.9725414125699,-1133.0164937261077,-9.482023083739861,-2387.315,0.0,0.0
t511,-1150.0,-1541.134614966835,-367.314,-10091.938122415111,919.231,0.0,2600.0,1200.0,5260.674,702.8529298528662,-1416.9605,-291.2966123556502,-2387.315,-156.73566192857112,0.0
t512,-1150.0,-3213.8576454505205,-367.314,-9423.133056278455,0.0,0.0,2600.0,1200.0,4145.183255541194,0.0,-652.3727670815886,-4430.316918319209,0.0,0.0,0.0
t513,-1150.0,-336.8547765052001,-367.314,-6129.184642480421,0.0,0.0,2600.0,1200.0,0.0,0.0,-555.0094546404174,-29.104850724543965,0.0,0.0,0.0
t514,-1150.0,0.0,0.0,-4998.1109590801825,0.0,0.0,2600.0,1200.0,-2737.9049299126445,0.0,0.0,0.0,0.0,0.0,0.0
t515,-1150.0,1254.9847605595526,0.0,-4546.846763240797,0.0,0.0,2600.0,1200.0,-2819.8393115626563,0.0,0.0,0.0,0.0,0.0,0.0
t516,-1150.0,1736.0388427402297,0.0,-6681.757624206222,0.0,0.0,2600.0,1200.0,-3804.297396104574,0.0,0.0,0.0,0.0,0.0,0.0
t517,-1150.0,747.8770150295452,0.0,-7347.256911965874,0.0,0.0,2600.0,1200.0,-1547.4842209063354,0.0,0.0,0.0,0.0,0.0,0.0
t518,-1150.0,0.0,0.0,-8817.769470162859,0.0,0.0,2600.0,1200.0,-2873.239100346482,0.0,0.0,0.0,0.0,0.0,0.0
t519,-1150.0,2736.0216001701438,0.0,-7868.2600231280985,0.0,0.0,1627.2907629186434,1200.0,-584.6125173729125,0.0,0.0,-1683.9499992552926,0.0,0.0,0.0
t520,-1150.0,2711.1442595064764,0.0,-9853.571147138538,0.0,0.0,0.0,303.75830413801003,0.0,0.0,154.37572592389813,-2132.092095254843,-59.745175430551235,-657.1785,0.0
t521,-1150.0,3250.976660407504,-367.314,-10320.6005,0.0,0.0,680.8729428899715,1200.0,2271.731066634044,2780.0,0.0,-1467.6629778843921,-1266.0546974156916,-319.28452430881276,0.0
t522,-1150.0,2674.1922281695975,-367.314,-10320.6005,919.231,0.0,0.0,1200.0,1527.3691717345189,2780.0,0.0,0.0,-1283.3084663086386,-403.5209833816122,0.0
t523,-1150.0,1169.3556661067894,0.0,-10320.6005,919.231,0.0,0.0,1200.0,5260.674,2780.0,26.148862376547275,0.0,-314.15744422434875,-657.1785,0.0
t524,-1150.0,1860.7536143816276,0.0,-10320.6005,0.0,0.0,0.0,1200.0,5260.674,2780.0,382.15881185664136,0.0,0.0,-657.1785,0.0
t525,-1150.0,244.51108970528512,0.0,-10320.6005,0.0,0.0,2600.0,1200.0,786.7456983515706,2780.0,982.1546046374722,0.0,0.0,-657.1785,0.0
t526,-1150.0,877.8304629265666,0.0,-10320.6005,0.0,0.0,0.0,1200.0,5260.674,2780.0,1416.9605,0.0,0.0,-595.4223263395245,0.0
t527,-1150.0,3894.626837026739,0.0,-10320.6005,0.0,0.0,2600.0,1200.0,5260.674,2780.0,1416.9605,482.6213321263329,0.0,-313.9013820297405,0.0
t528,-1150.0,2520.533786429365,0.0,-10320.6005,0.0,0.0,2600.0,1200.0,2895.6597436427965,2780.0,1416.9605,2041.2069135611669,0.0,0.0,0.0
t529,-1150.0,0.0,-367.314,-10320.6005,-919.231,0.0,0.0,1200.0,5260.674,2780.0,1416.9605,1179.7563445335077,2387.315,-125.67284791622201,0.0
t530,-1150.0,-1078.5831243059774,-367.314,-10320.6005,-919.231,0.0,0.0,1200.0,5260.674,2780.0,1416.9605,1155.6954907612655,2387.315,-72.92643040108587,0.0
t531,-1150.0,-2562.4497445854045,-367.314,-10320.6005,-919.231,0.0,0.0,1200.0,5260.674,2780.0,1416.9605,1841.5629607791884,2387.315,0.0,0.0
t532,-1150.0,-4199.258504420217,-367.314,-10320.6005,-919.231,0.0,0.0,1200.0,5260.674,2780.0,1416.9605,0.0,2387.315,0.0,0.0
t533,-1150.0,-3534.7977787711025,-367.314,-10320.6005,-919.231,0.0,0.0,1200.0,5260.674,2780.0,1416.9605,806.2284183439853,2387.315,0.0,0.0
t534,-1150.0,-4487.436979926633,-367.314,-10320.6005,-919.231,0.0,0.0,1200.0,5260.674,2780.0,1416.9605,0.0,2387.315,0.0,0.0
t535,-1150.0,-4459.730455581176,-367.314,-9737.476495822953,-861.394065313512,0.0,2188.6732698207556,1200.0,5260.674,2780.0,1416.9605,0.0,2387.315,0.0,0.0
t536,-1150.0,-4727.271802096866,-367.314,-5813.124844313893,-758.0634165271139,0.0,632.4910665626485,1200.0,4978.618240364701,0.0,1168.442825287709,0.0,2387.315,0.0,0.0
t537,-815.5807421557216,-1138.1363059159617,-170.1813549565787,0.0,-919.231,-1687.1795,0.0,1200.0,0.0,0.0,1416.9605,797.8329853590404,2387.315,0.0,500.0
t538,-1150.0,0.0,0.0,0.0,-919.231,-1687.1795,2443.9303728352997,691.2081018054101,-2840.1874956002216,-1135.147230133013,1416.9605,2311.751637258368,2387.315,0.0,500.0
t539,-674.9095837721239,0.0,0.0,0.0,-919.231,-1687.1795,1344.1221390507053,1200.0,-3257.4602621103404,0.0,1416.9605,1965.0067677644968,2387.315,0.0,500.0
t540,-596.3523257147774,0.0,0.0,-501.44080335243774,-919.231,-1687.1795,0.0,544.94722445762,-2585.888298321793,0.0,1416.9605,2238.3122695352813,2387.315,0.0,500.0
t541,0.0,0.0,0.0,0.0,-919.231,-1687.1795,0.0,0.0,-753.2866993869947,-191.0069345043493,1416.9605,1922.8263823615266,2387.315,0.0,500.0
t542,0.0,0.0,0.0,-2419.5021348761734,-919.231,-1687.1795,-2459.1486679328773,0.0,-250.26856555633327,-745.5869038188213,1416.9605,911.8751622005833,2387.315,0.0,500.0
t543,212.90327218620405,0.0,0.0,-6711.82938169839,-919.231,0.0,-2600.0,-1200.0,381.1273374324702,350.1702916922424,1416.9605,83.50604568718678,2387.315,-445.3862914650541,0.0
t544,0.0,1722.1752422470665,0.0,-10320.6005,0.0,0.0,0.0,0.0,3616.23552917219,2780.0,170.44838520469926,2682.9913836734063,0.0,0.0,0.0
t545,-1150.0,612.4479901071164,-367.314,-10320.6005,919.231,1687.1795,0.0,1200.0,5260.674,2780.0,-1416.9605,0.0,-433.6969832299892,0.0,-500.0
t546,-1150.0,0.0,-367.314,-10320.6005,919.231,0.0,-2094.7169498891194,1200.0,5260.674,2780.0,-1416.9605,0.0,-2127.11271080392,0.0,-51.24580735219865
t547,-1150.0,0.0,-367.314,-10320.6005,919.231,0.0,-87.71169659179203,1200.0,5260.674,2780.0,-1416.9605,0.0,-2387.315,0.0,0.0
t548,-1150.0,0.0,-367.314,-10320.6005,919.231,0.0,-2470.082488452128,1200.0,5260.674,2780.0,-1416.9605,-1420.4523296236114,-2387.315,0.0,0.0
t549,-1150.0,-957.9693780122844,-367.314,-10320.6005,919.231,0.0,0.0,1200.0,5260.674,2780.0,-1416.9605,-1520.8685357361512,-2387.315,657.1785,0.0
t550,-1150.0,-438.1143506222449,-367.314,-10320.6005,919.231,0.0,-2600.0,1200.0,5260.674,2780.0,-1416.9605,-3074.3138921297955,-2387.315,657.1785,0.0
t551,-1150.0,-272.6709519783173,-367.314,-10320.6005,919.231,0.0,0.0,1200.0,5260.674,2780.0,-1416.9605,-3874.752575646171,-2387.315,657.1785,-25.75981503239564
t552,-1141.2342722297722,-395.6960988367978,-367.314,-10320.6005,919.231,199.87144450882994,-2553.509290648538,1200.0,5260.674,2780.0,-1416.9605,-4258.056319344444,-2387.315,657.1785,0.0
t553,-1150.0,2745.5767298065057,0.0,-8390.205356966586,919.231,1687.1795,2600.0,1200.0,5260.674,2780.0,-1259.8852135258871,-7153.938,-2387.315,-657.1785,-500.0
t554,-1150.0,1492.8119360955923,0.0,-7290.9741187598165,919.231,1687.1795,2600.0,1200.0,5260.674,2780.0,-1416.9605,-7153.938,-2387.315,-657.1785,-500.0
t555,-1150.0,1716.9734669633915,0.0,-5469.797176343583,919.231,1687.1795,2600.0,1200.0,5260.674,2780.0,-1416.9605,-7153.938,-2387.315,-657.1785,-500.0
t556,-1150.0,1691.3386915020392,0.0,-5123.285474354272,919.231,1687.1795,2600.0,1200.0,5260.674,2780.0,-1416.9605,-7153.938,-2387.315,-117.98833006151479,-500.0
t557,-1150.0,1554.7687175098667,0.0,-5261.667811152314,919.231,1687.1795,2600.0,1200.0,5260.674,2780.0,-1416.9605,-6897.051899817957,-2387.315,602.7742366796789,-500.0
t558,-1150.0,-1466.102247542358,-367.314,-5803.6533888377635,919.231,1687.1795,2600.0,1200.0,5260.674,2780.0,-1416.9605,-6476.716918531648,-2387.315,558.9135183506146,-500.0
t559,0.0,-1464.191884922599,0.0,0.0,919.231,0.0,2113.0793770537193,1200.0,925.9294747262574,0.0,-1416.9605,0.0,-2387.315,209.22185552826855,0.0
t560,0.0,0.0,0.0,357.55925167093795,919.231,0.0,2600.0,1200.0,-1033.9511831573132,0.0,-1416.9605,0.0,-957.7073409518886,0.0,0.0
t561,0.0,0.0,83.48429812938387,718.6026631261192,919.231,0.0,2600.0,1200.0,-5260.674,0.0,-1416.9605,0.0,-350.29902384827733,0.0,0.0
t562,0.0,0.0,0.0,3150.818143870997,95.23829580076817,0.0,2600.0,1200.0,-4766.674874336209,0.0,-1416.9605,0.0,0.0,0.0,0.0
t563,0.0,0.0,367.314,482.75140374897177,0.0,0.0,2600.0,0.0,-5260.674,0.0,0.0,0.0,0.0,560.9958044484332,0.0
t564,0.0,0.0,367.314,0.0,0.0,0.0,2600.0,179.79965680704078,-5260.674,0.0,0.0,0.0,0.0,37.71749353963241,0.0
t565,0.0,0.0,0.0,0.0,0.0,0.0,2600.0,1200.0,-4088.919235050492,0.0,695.712361291796,0.0,0.0,0.0,0.0
t566,-218.7478690217709,1491.7423223528745,367.314,0.0,0.0,0.0,2600.0,1200.0,-3054.7151709433906,0.0,543.7674096462149,0.0,0.0,0.0,0.0
t567,-1150.0,3907.263043749688,0.0,0.0,0.0,0.0,2600.0,1200.0,-419.2284086296243,0.0,-1255.0083033672934,0.0,0.0,0.0,0.0
t568,-1150.0,3706.0353794219486,0.0,-100.45249101404774,256.959787342775,0.0,0.0,0.0,0.0,0.0,-1165.6158480051697,0.0,0.0,0.0,0.0
t569,-1150.0,5828.5503429353,0.0,-1195.4735694854396,919.231,0.0,1609.628576214267,1200.0,3104.0591882743643,2780.0,-1407.4555617372189,-2301.702665172108,-2387.315,-657.1785,0.0
t570,-1150.0,7730.8825,367.314,-1767.4191420643597,919.231,1687.1795,2600.0,1200.0,5260.674,2780.0,-1416.9605,-3053.860890593816,-2387.315,-657.1785,-500.0
t571,-1150.0,6649.30014832016,0.0,-2221.641105617173,919.231,1687.1795,2600.0,1200.0,5260.674,2780.0,-1416.9605,-2766.6093534116835,-2387.315,-657.1785,-500.0
t572,-1150.0,3550.9050321393674,0.0,-6593.64499236001,919.231,1687.1795,2600.0,1200.0,5260.674,2780.0,-640.2091451501411,-1958.648719382291,-2387.315,-657.1785,-500.0
t573,-1150.0,3122.861996032252,0.0,-9718.815687634651,919.231,1687.1795,2600.0,1200.0,5260.674,2780.0,-230.36456968523007,-7153.938,-2387.315,-657.1785,-500.0
t574,-1150.0,2810.903626086452,0.0,-7897.84598300978,919.231,1687.1795,2600.0,1200.0,5260.674,2780.0,-102.69120564895223,-5843.358321948147,-2387.315,-657.1785,-500.0
t575,-1150.0,4732.771709059573,0.0,-5622.790383879022,919.231,1687.1795,2600.0,1200.0,5260.674,2780.0,-335.64561381604034,-6966.909733146171,-2387.315,-657.1785,-500.0
t576,-1150.0,4476.548157907579,0.0,-4180.143082966417,919.231,1687.1795,2600.0,1200.0,5260.674,2780.0,-470.1913470169671,-4235.5243552172515,-2387.315,-657.1785,-500.0
t577,-1150.0,-2742.768352916841,-367.314,-10320.6005,919.231,0.0,-2600.0,1200.0,5260.674,2780.0,-1416.9605,-7084.498837898976,-2387.315,0.0,0.0
t578,-1150.0,-5956.695508676869,-367.314,-10320.6005,919.231,0.0,-2600.0,1200.0,5260.674,2780.0,-1416.9605,-5236.453134481306,-2387.315,0.0,0.0
t579,-1150.0,-4305.099165820976,-367.314,-10320.6005,919.231,0.0,-2600.0,1200.0,5260.674,2780.0,-1416.9605,-4465.121205537989,-2387.315,657.1785,0.0
t580,-1150.0,-6741.924732527711,-367.314,-10320.6005,919.231,0.0,-1559.8400773765402,1200.0,5260.674,2780.0,-1416.9605,-5555.045697778132,-2387.315,487.5495383928542,0.0
t581,-1150.0,-5744.0981247604705,-367.314,-10320.6005,919.231,0.0,-2600.0,1200.0,5260.674,2780.0,-1416.9605,-7153.938,-2387.315,592.3770174662267,0.0
t582,-1150.0,-6668.363037205932,-367.314,-10320.6005,919.231,0.0,-2600.0,1200.0,5260.674,2780.0,-1416.9605,-7153.938,-2387.315,657.1785,0.0
t583,-756.2208074633513,-7730.8825,-367.314,-10320.6005,919.231,0.0,0.0,1038.4270098459242,5260.674,2780.0,-1416.9605,-7153.938,-2387.315,0.0,0.0
t584,-1150.0,-5769.776464785075,-367.314,-6537.091289017201,919.231,0.0,0.0,0.0,5260.674,0.0,-1216.4269713373503,-7153.938,-1995.3878672953117,0.0,0.0
t585,-1150.0,-3316.287411419178,-367.314,-1201.5335802890254,198.17039897561767,0.0,0.0,1200.0,0.0,0.0,-1320.4517124508307,-7153.938,0.0,0.0,0.0
t586,-1150.0,0.0,-367.314,0.0,0.0,0.0,0.0,1200.0,651.0874453966,0.0,-1416.9605,-6093.544484732596,0.0,0.0,0.0
t587,-1150.0,-390.7417568405516,-367.314,-346.1644775354266,0.0,0.0,0.0,742.7545848152315,881.2193368364563,0.0,-514.941216832632,-3243.829998715659,0.0,0.0,0.0
t588,-1150.0,0.0,-367.314,-3383.509086964629,0.0,0.0,0.0,0.0,2312.6070323975405,0.0,-959.258391762695,-2409.0110071870417,0.0,0.0,0.0
t589,-1150.0,0.0,-367.314,-1228.6390055703437,0.0,0.0,0.0,0.0,1824.39099465498,0.0,-1019.881857835623,-1348.2678805751266,0.0,0.0,0.0
t590,-1150.0,-29.182477105455288,-367.314,-4501.558200641395,0.0,0.0,0.0,0.0,3370.226508986815,0.0,0.0,-3076.6001442261804,0.0,0.0,0.0
t591,-1150.0,-270.69125867539645,-367.314,-7833.852184354336,0.0,0.0,-291.2895119800806,0.0,4609.882273136428,0.0,495.1258788402182,-3292.0809719561894,0.0,-657.1785,0.0
t592,-1150.0,-914.915660113912,-367.314,-10320.6005,919.231,0.0,0.0,1200.0,5260.674,2780.0,-1416.9605,0.0,-2387.315,-124.24435610247609,0.0
t593,-1150.0,-4789.798824379351,-367.314,-10320.6005,919.231,0.0,-2600.0,1200.0,5260.674,2780.0,-1416.9605,0.0,-2387.315,349.22599965230626,0.0
t594,-1150.0,-4274.81404825912,-367.314,-10320.6005,919.231,0.0,-2600.0,1200.0,5260.674,2780.0,-1416.9605,-1726.3775400789943,-2387.315,0.0,0.0
t595,-1150.0,-5675.959350061042,-367.314,-10320.6005,919.231,116.2315356567983,-2600.0,1200.0,5260.674,2780.0,-1416.9605,-5558.515272727303,-2387.315,0.0,0.0
t596,-1150.0,-2114.997562414248,-367.314,-10320.6005,919.231,0.0,-2600.0,1200.0,5260.674,2780.0,-1416.9605,-6686.213779000018,-2387.315,453.42625392446877,0.0
t597,-1150.0,-2374.437513499506,-367.314,-10320.6005,919.231,0.0,-2600.0,1200.0,5260.674,2780.0,-1416.9605,-7153.938,-2387.315,0.0,0.0
t598,-1150.0,-1805.2282035086976,-367.314,-10320.6005,919.231,0.0,-2600.0,1200.0,5260.674,2780.0,-1416.9605,-7153.938,-2387.315,0.0,0.0
t599,-1150.0,0.0,-367.314,-10320.6005,919.231,0.0,-2600.0,1200.0,5260.674,2780.0,-1416.9605,-7153.938,-2387.315,0.0,0.0
t600,-1150.0,-1312.830347607897,-367.314,-10320.6005,919.231,670.7161225838781,-2600.0,1200.0,5260.674,2780.0,-1416.9605,-7153.938,-2387.315,0.0,0.0
