Resource,AZ_batteries_1,AZ_hydroelectric_pumped_storage_1,CA_N_batteries_1,CA_N_hydroelectric_pumped_storage_1,CA_S_batteries_1,CA_S_hydroelectric_pumped_storage_1,MT_WY_CO_batteries_1,MT_WY_CO_hydroelectric_pumped_storage_1,NM_batteries_1,PNW_batteries_1,PNW_hydroelectric_pumped_storage_1,UT_NV_batteries_1,AZ_utilityscale_battery_storage_lithium_ion_conservative_0,CA_N_utilityscale_battery_storage_lithium_ion_conservative_0,CA_S_utilityscale_battery_storage_lithium_ion_conservative_0,MT_WY_CO_utilityscale_battery_storage_lithium_ion_conservative_0,NM_utilityscale_battery_storage_lithium_ion_conservative_0,PNW_utilityscale_battery_storage_lithium_ion_conservative_0,UT_NV_utilityscale_battery_storage_lithium_ion_conservative_0,AZ_utilityscale_battery_storage_lithium_ion_conservative_0_8,CA_N_utilityscale_battery_storage_lithium_ion_conservative_0_8,CA_S_utilityscale_battery_storage_lithium_ion_conservative_0_8,MT_WY_CO_utilityscale_battery_storage_lithium_ion_conservative_0_8,NM_utilityscale_battery_storage_lithium_ion_conservative_0_8,PNW_utilityscale_battery_storage_lithium_ion_conservative_0_8,UT_NV_utilityscale_battery_storage_lithium_ion_conservative_0_8,Total
Zone,1,1,2,2,3,3,4,4,5,6,6,7,1,2,3,4,5,6,7,1,2,3,4,5,6,7,0
AnnualSum,0.0,-4486.461485674612,0.0,-1576.751415834495,0.0,-1089.112238196562,0.0,-46770.783822158126,0.0,0.0,-33538.99275601121,0.0,0.0,-8083.921844368659,-177.62158358590062,-3127.2947152794495,0.0,0.0,0.0,0.0,0.0,0.0,0.0,0.0,0.0,0.0,-98850.93986110901
t1,0.0,0.0,0.0,0.0,0.0,0.0,0.0,0.0,0.0,0.0,0.0,0.0,0.0,0.0,0.0,0.0,0.0,0.0,0.0,0.0,0.0,0.0,0.0,0.0,0.0,0.0,0.0
t2,0.0,0.0,0.0,0.0,0.0,0.0,0.0,0.0,0.0,0.0,-314.0,0.0,0.0,0.0,0.0,0.0,0.0,0.0,0.0,0.0,0.0,0.0,0.0,0.0,0.0,0.0,-314.0
t3,0.0,0.0,0.0,0.0,0.0,0.0,0.0,0.0,0.0,0.0,-111.03725626190277,0.0,0.0,0.0,0.0,0.0,0.0,0.0,0.0,0.0,0.0,0.0,0.0,0.0,0.0,0.0,-111.03725626190277
t4,0.0,0.0,0.0,0.0,0.0,0.0,0.0,0.0,0.0,0.0,-314.0,0.0,0.0,0.0,0.0,0.0,0.0,0.0,0.0,0.0,0.0,0.0,0.0,0.0,0.0,0.0,-314.0
t5,0.0,92.68484972858508,0.0,0.0,0.0,0.0,0.0,0.0,0.0,0.0,-307.62941040441365,0.0,0.0,0.0,0.0,0.0,0.0,0.0,0.0,0.0,0.0,0.0,0.0,0.0,0.0,0.0,-214.94456067582857
t6,0.0,0.0,0.0,0.0,0.0,0.0,0.0,0.0,0.0,0.0,-314.0,0.0,0.0,0.0,0.0,0.0,0.0,0.0,0.0,0.0,0.0,0.0,0.0,0.0,0.0,0.0,-314.0
t7,0.0,-97.3,0.0,0.0,0.0,0.0,0.0,0.0,0.0,0.0,-287.833333333019,0.0,0.0,0.0,0.0,0.0,0.0,0.0,0.0,0.0,0.0,0.0,0.0,0.0,0.0,0.0,-385.13333333301904
t8,0.0,0.0,0.0,0.0,0.0,0.0,0.0,0.0,0.0,0.0,-314.0,0.0,0.0,0.0,0.0,0.0,0.0,0.0,0.0,0.0,0.0,0.0,0.0,0.0,0.0,0.0,-314.0
t9,0.0,0.0,0.0,0.0,0.0,0.0,0.0,0.0,0.0,0.0,-314.0,0.0,0.0,0.0,0.0,0.0,0.0,0.0,0.0,0.0,0.0,0.0,0.0,0.0,0.0,0.0,-314.0
t10,0.0,0.0,0.0,0.0,0.0,0.0,0.0,0.0,0.0,0.0,-314.0,0.0,0.0,0.0,0.0,0.0,0.0,0.0,0.0,0.0,0.0,0.0,0.0,0.0,0.0,0.0,-314.0
t11,0.0,0.0,0.0,0.0,0.0,0.0,0.0,0.0,0.0,0.0,0.0,0.0,0.0,0.0,0.0,0.0,0.0,0.0,0.0,0.0,0.0,0.0,0.0,0.0,0.0,0.0,0.0
t12,0.0,0.0,0.0,0.0,0.0,0.0,0.0,0.0,0.0,0.0,-314.0,0.0,0.0,0.0,0.0,0.0,0.0,0.0,0.0,0.0,0.0,0.0,0.0,0.0,0.0,0.0,-314.0
t13,0.0,0.0,0.0,0.0,0.0,0.0,0.0,0.0,0.0,0.0,0.0,0.0,0.0,0.0,0.0,0.0,0.0,0.0,0.0,0.0,0.0,0.0,0.0,0.0,0.0,0.0,0.0
t14,0.0,0.0,0.0,0.0,0.0,0.0,0.0,0.0,0.0,0.0,-314.0,0.0,0.0,0.0,0.0,0.0,0.0,0.0,0.0,0.0,0.0,0.0,0.0,0.0,0.0,0.0,-314.0
t15,0.0,0.0,0.0,0.0,0.0,0.0,0.0,0.0,0.0,0.0,-314.0,0.0,0.0,0.0,0.0,0.0,0.0,0.0,0.0,0.0,0.0,0.0,0.0,0.0,0.0,0.0,-314.0
t16,0.0,0.0,0.0,0.0,0.0,0.0,0.0,0.0,0.0,0.0,314.0,0.0,0.0,0.0,0.0,41.26164720487101,0.0,0.0,0.0,0.0,0.0,0.0,0.0,0.0,0.0,0.0,355.261647204871
t17,0.0,-97.3,0.0,0.0,0.0,0.0,0.0,0.0,0.0,0.0,314.0,0.0,0.0,0.0,0.0,93.6206414289046,0.0,0.0,0.0,0.0,0.0,0.0,0.0,0.0,0.0,0.0,310.3206414289046
t18,0.0,0.0,0.0,0.0,0.0,0.0,0.0,0.0,0.0,0.0,314.0,0.0,0.0,0.0,0.0,93.6206414289046,0.0,0.0,0.0,0.0,0.0,0.0,0.0,0.0,0.0,0.0,407.6206414289046
t19,0.0,0.0,0.0,0.0,0.0,0.0,0.0,0.0,0.0,0.0,314.0,0.0,0.0,0.0,0.0,-15.79821583607078,0.0,0.0,0.0,0.0,0.0,0.0,0.0,0.0,0.0,0.0,298.20178416392923
t20,0.0,62.9951502714442,0.0,0.0,0.0,0.0,0.0,0.0,0.0,0.0,314.0,0.0,0.0,0.0,0.0,-93.6206414289046,0.0,0.0,0.0,0.0,0.0,0.0,0.0,0.0,0.0,0.0,283.3745088425396
t21,0.0,0.0,0.0,0.0,0.0,0.0,0.0,0.0,0.0,0.0,314.0,0.0,0.0,0.0,0.0,-7.59086279125097,0.0,0.0,0.0,0.0,0.0,0.0,0.0,0.0,0.0,0.0,306.40913720874903
t22,0.0,0.0,0.0,0.0,0.0,0.0,0.0,0.0,0.0,0.0,314.0,0.0,0.0,0.0,0.0,-50.60575211007777,0.0,0.0,0.0,0.0,0.0,0.0,0.0,0.0,0.0,0.0,263.3942478899222
t23,0.0,0.0,0.0,0.0,0.0,0.0,0.0,0.0,0.0,0.0,314.0,0.0,0.0,0.0,0.0,-50.60575211007778,0.0,0.0,0.0,0.0,0.0,0.0,0.0,0.0,0.0,0.0,263.3942478899222
t24,0.0,0.0,0.0,0.0,0.0,0.0,0.0,0.0,0.0,0.0,314.0,0.0,0.0,0.0,0.0,-50.60575211007778,0.0,0.0,0.0,0.0,0.0,0.0,0.0,0.0,0.0,0.0,263.3942478899222
t25,0.0,0.0,0.0,0.0,0.0,0.0,0.0,0.0,0.0,0.0,-314.0,0.0,0.0,0.0,0.0,0.0,0.0,0.0,0.0,0.0,0.0,0.0,0.0,0.0,0.0,0.0,-314.0
t26,0.0,0.0,0.0,0.0,0.0,0.0,0.0,0.0,0.0,0.0,-314.0,0.0,0.0,0.0,0.0,0.0,0.0,0.0,0.0,0.0,0.0,0.0,0.0,0.0,0.0,0.0,-314.0
t27,0.0,0.0,0.0,0.0,0.0,0.0,0.0,0.0,0.0,0.0,-314.0,0.0,0.0,0.0,0.0,0.0,0.0,0.0,0.0,0.0,0.0,0.0,0.0,0.0,0.0,0.0,-314.0
t28,0.0,0.0,0.0,0.0,0.0,0.0,0.0,0.0,0.0,0.0,-314.0,0.0,0.0,0.0,0.0,0.0,0.0,0.0,0.0,0.0,0.0,0.0,0.0,0.0,0.0,0.0,-314.0
t29,0.0,0.0,0.0,0.0,0.0,0.0,0.0,0.0,0.0,0.0,-314.0,0.0,0.0,0.0,0.0,0.0,0.0,0.0,0.0,0.0,0.0,0.0,0.0,0.0,0.0,0.0,-314.0
t30,0.0,0.0,0.0,0.0,0.0,0.0,0.0,0.0,0.0,0.0,-314.0,0.0,0.0,0.0,0.0,0.0,0.0,0.0,0.0,0.0,0.0,0.0,0.0,0.0,0.0,0.0,-314.0
t31,0.0,-97.3,0.0,0.0,0.0,0.0,0.0,0.0,0.0,0.0,-314.0,0.0,0.0,0.0,0.0,0.0,0.0,0.0,0.0,0.0,0.0,0.0,0.0,0.0,0.0,0.0,-411.3
t32,0.0,0.0,0.0,0.0,0.0,0.0,0.0,0.0,0.0,0.0,-314.0,0.0,0.0,0.0,0.0,0.0,0.0,0.0,0.0,0.0,0.0,0.0,0.0,0.0,0.0,0.0,-314.0
t33,0.0,0.0,0.0,0.0,0.0,0.0,0.0,0.0,0.0,0.0,-314.0,0.0,0.0,0.0,0.0,0.0,0.0,0.0,0.0,0.0,0.0,0.0,0.0,0.0,0.0,0.0,-314.0
t34,0.0,0.0,0.0,0.0,0.0,0.0,0.0,0.0,0.0,0.0,-314.0,0.0,0.0,0.0,0.0,0.0,0.0,0.0,0.0,0.0,0.0,0.0,0.0,0.0,0.0,0.0,-314.0
t35,0.0,0.0,0.0,0.0,0.0,0.0,0.0,-578.5,0.0,0.0,-314.0,0.0,0.0,0.0,0.0,0.0,0.0,0.0,0.0,0.0,0.0,0.0,0.0,0.0,0.0,0.0,-892.5
t36,0.0,0.0,0.0,0.0,0.0,0.0,0.0,-509.2494820754143,0.0,0.0,0.0,0.0,0.0,0.0,0.0,0.0,0.0,0.0,0.0,0.0,0.0,0.0,0.0,0.0,0.0,0.0,-509.2494820754143
t37,0.0,0.0,0.0,0.0,0.0,0.0,0.0,0.0,0.0,0.0,70.40199275104897,0.0,0.0,0.0,0.0,0.0,0.0,0.0,0.0,0.0,0.0,0.0,0.0,0.0,0.0,0.0,70.40199275104897
t38,0.0,0.0,0.0,0.0,0.0,0.0,0.0,578.5,0.0,0.0,314.0,0.0,0.0,0.0,0.0,0.0,0.0,0.0,0.0,0.0,0.0,0.0,0.0,0.0,0.0,0.0,892.5
t39,0.0,-97.3,0.0,0.0,0.0,0.0,0.0,578.5,0.0,0.0,314.0,0.0,0.0,0.0,0.0,0.0,0.0,0.0,0.0,0.0,0.0,0.0,0.0,0.0,0.0,0.0,795.2
t40,0.0,70.67556586647679,0.0,0.0,0.0,0.0,0.0,0.0,0.0,0.0,314.0,0.0,0.0,0.0,0.0,0.0,0.0,0.0,0.0,0.0,0.0,0.0,0.0,0.0,0.0,0.0,384.6755658664768
t41,0.0,0.0,0.0,0.0,0.0,0.0,0.0,0.0,0.0,0.0,314.0,0.0,0.0,0.0,0.0,0.0,0.0,0.0,0.0,0.0,0.0,0.0,0.0,0.0,0.0,0.0,314.0
t42,0.0,0.0,0.0,0.0,0.0,0.0,0.0,0.0,0.0,0.0,314.0,0.0,0.0,0.0,0.0,0.0,0.0,0.0,0.0,0.0,0.0,0.0,0.0,0.0,0.0,0.0,314.0
t43,0.0,0.0,0.0,0.0,0.0,0.0,0.0,0.0,0.0,0.0,314.0,0.0,0.0,0.0,0.0,0.0,0.0,0.0,0.0,0.0,0.0,0.0,0.0,0.0,0.0,0.0,314.0
t44,0.0,0.0,0.0,0.0,0.0,0.0,0.0,0.0,0.0,0.0,314.0,0.0,0.0,0.0,0.0,0.0,0.0,0.0,0.0,0.0,0.0,0.0,0.0,0.0,0.0,0.0,314.0
t45,0.0,0.0,0.0,0.0,0.0,0.0,0.0,0.0,0.0,0.0,314.0,0.0,0.0,0.0,0.0,0.0,0.0,0.0,0.0,0.0,0.0,0.0,0.0,0.0,0.0,0.0,314.0
t46,0.0,0.0,0.0,0.0,0.0,0.0,0.0,0.0,0.0,0.0,180.79800724947117,0.0,0.0,0.0,0.0,0.0,0.0,0.0,0.0,0.0,0.0,0.0,0.0,0.0,0.0,0.0,180.79800724947117
t47,0.0,0.0,0.0,0.0,0.0,0.0,0.0,0.0,0.0,0.0,0.0,0.0,0.0,0.0,0.0,0.0,0.0,0.0,0.0,0.0,0.0,0.0,0.0,0.0,0.0,0.0,0.0
t48,0.0,85.00443413355248,0.0,0.0,0.0,0.0,0.0,-358.5005179243135,0.0,0.0,0.0,0.0,0.0,0.0,0.0,0.0,0.0,0.0,0.0,0.0,0.0,0.0,0.0,0.0,0.0,0.0,-273.496083790761
t49,0.0,97.3,0.0,0.0,0.0,0.0,0.0,578.5,0.0,0.0,314.0,0.0,0.0,0.0,0.0,93.6206414289046,0.0,0.0,0.0,0.0,0.0,0.0,0.0,0.0,0.0,0.0,1083.4206414289047
t50,0.0,97.3,0.0,0.0,0.0,0.0,0.0,578.5,0.0,0.0,314.0,0.0,0.0,0.0,0.0,0.0,0.0,0.0,0.0,0.0,0.0,0.0,0.0,0.0,0.0,0.0,989.8
t51,0.0,97.3,0.0,0.0,0.0,0.0,0.0,578.5,0.0,0.0,314.0,0.0,0.0,0.0,0.0,0.0,0.0,0.0,0.0,0.0,0.0,0.0,0.0,0.0,0.0,0.0,989.8
t52,0.0,97.3,0.0,0.0,0.0,0.0,0.0,578.5,0.0,0.0,314.0,0.0,0.0,0.0,0.0,0.0,0.0,0.0,0.0,0.0,0.0,0.0,0.0,0.0,0.0,0.0,989.8
t53,0.0,97.3,0.0,0.0,0.0,0.0,0.0,578.5,0.0,0.0,314.0,0.0,0.0,0.0,0.0,0.0,0.0,0.0,0.0,0.0,0.0,0.0,0.0,0.0,0.0,0.0,989.8
t54,0.0,97.3,0.0,0.0,0.0,0.0,0.0,578.5,0.0,0.0,314.0,0.0,0.0,0.0,0.0,93.6206414289046,0.0,0.0,0.0,0.0,0.0,0.0,0.0,0.0,0.0,0.0,1083.4206414289047
t55,0.0,97.3,0.0,0.0,0.0,0.0,0.0,578.5,0.0,0.0,314.0,0.0,0.0,0.0,0.0,63.60964730251831,0.0,0.0,0.0,0.0,0.0,0.0,0.0,0.0,0.0,0.0,1053.4096473025184
t56,0.0,0.0,0.0,0.0,0.0,0.0,0.0,0.0,0.0,0.0,0.0,0.0,0.0,0.0,0.0,0.0,0.0,0.0,0.0,0.0,0.0,0.0,0.0,0.0,0.0,0.0,0.0
t57,0.0,-97.3,0.0,0.0,0.0,0.0,0.0,-578.5,0.0,0.0,-314.0,0.0,0.0,0.0,0.0,-14.256816905067378,0.0,0.0,0.0,0.0,0.0,0.0,0.0,0.0,0.0,0.0,-1004.0568169050673
t58,0.0,-97.3,0.0,0.0,0.0,0.0,0.0,-578.5,0.0,0.0,-231.86688527122323,0.0,0.0,0.0,0.0,0.0,0.0,0.0,0.0,0.0,0.0,0.0,0.0,0.0,0.0,0.0,-907.6668852712232
t59,0.0,-97.3,0.0,0.0,0.0,0.0,0.0,-578.5,0.0,0.0,-314.0,0.0,0.0,0.0,0.0,-93.6206414289046,0.0,0.0,0.0,0.0,0.0,0.0,0.0,0.0,0.0,0.0,-1083.4206414289047
t60,0.0,-97.3,0.0,0.0,0.0,0.0,0.0,-578.5,0.0,0.0,-314.0,0.0,0.0,0.0,0.0,0.0,0.0,0.0,0.0,0.0,0.0,0.0,0.0,0.0,0.0,0.0,-989.8
t61,0.0,0.0,0.0,0.0,0.0,0.0,0.0,0.0,0.0,0.0,-314.0,0.0,0.0,0.0,0.0,0.0,0.0,0.0,0.0,0.0,0.0,0.0,0.0,0.0,0.0,0.0,-314.0
t62,0.0,-97.3,0.0,0.0,0.0,0.0,0.0,-578.5,0.0,0.0,0.0,0.0,0.0,0.0,0.0,0.0,0.0,0.0,0.0,0.0,0.0,0.0,0.0,0.0,0.0,0.0,-675.8
t63,0.0,-97.3,0.0,0.0,0.0,0.0,0.0,-578.5,0.0,0.0,-314.0,0.0,0.0,0.0,0.0,0.0,0.0,0.0,0.0,0.0,0.0,0.0,0.0,0.0,0.0,0.0,-989.8
t64,0.0,-97.3,0.0,0.0,0.0,0.0,0.0,0.0,0.0,0.0,0.0,0.0,0.0,0.0,0.0,-93.6206414289046,0.0,0.0,0.0,0.0,0.0,0.0,0.0,0.0,0.0,0.0,-190.92064142890462
t65,0.0,-97.3,0.0,0.0,0.0,0.0,0.0,-433.87499999904645,0.0,0.0,0.0,0.0,0.0,0.0,0.0,0.0,0.0,0.0,0.0,0.0,0.0,0.0,0.0,0.0,0.0,0.0,-531.1749999990465
t66,0.0,0.0,0.0,0.0,0.0,0.0,0.0,-578.5,0.0,0.0,-314.0,0.0,0.0,0.0,0.0,0.0,0.0,0.0,0.0,0.0,0.0,0.0,0.0,0.0,0.0,0.0,-892.5
t67,0.0,-97.3,0.0,0.0,0.0,0.0,0.0,-578.5,0.0,0.0,-314.0,0.0,0.0,0.0,0.0,0.0,0.0,0.0,0.0,0.0,0.0,0.0,0.0,0.0,0.0,0.0,-989.8
t68,0.0,-61.72858459193891,0.0,0.0,0.0,0.0,0.0,0.0,0.0,0.0,0.0,0.0,0.0,0.0,0.0,0.0,0.0,0.0,0.0,0.0,0.0,0.0,0.0,0.0,0.0,0.0,-61.72858459193891
t69,0.0,-97.3,0.0,0.0,0.0,0.0,0.0,0.0,0.0,0.0,0.0,0.0,0.0,0.0,0.0,0.0,0.0,0.0,0.0,0.0,0.0,0.0,0.0,0.0,0.0,0.0,-97.3
t70,0.0,0.0,0.0,0.0,0.0,0.0,0.0,0.0,0.0,0.0,-314.0,0.0,0.0,0.0,0.0,0.0,0.0,0.0,0.0,0.0,0.0,0.0,0.0,0.0,0.0,0.0,-314.0
t71,0.0,49.38286767370683,0.0,0.0,0.0,0.0,0.0,0.0,0.0,0.0,0.0,0.0,0.0,0.0,0.0,-93.6206414289046,0.0,0.0,0.0,0.0,0.0,0.0,0.0,0.0,0.0,0.0,-44.23777375519777
t72,0.0,97.3,0.0,0.0,0.0,0.0,0.0,0.0,0.0,0.0,-3.6331147282597014,0.0,0.0,0.0,0.0,0.0,0.0,0.0,0.0,0.0,0.0,0.0,0.0,0.0,0.0,0.0,93.6668852717403
t73,0.0,0.0,0.0,0.0,0.0,0.0,0.0,0.0,0.0,0.0,0.0,0.0,0.0,0.0,0.0,0.0,0.0,0.0,0.0,0.0,0.0,0.0,0.0,0.0,0.0,0.0,0.0
t74,0.0,0.0,0.0,0.0,0.0,0.0,0.0,0.0,0.0,0.0,0.0,0.0,0.0,0.0,0.0,0.0,0.0,0.0,0.0,0.0,0.0,0.0,0.0,0.0,0.0,0.0,0.0
t75,0.0,0.0,0.0,0.0,0.0,0.0,0.0,0.0,0.0,0.0,0.0,0.0,0.0,0.0,0.0,0.0,0.0,0.0,0.0,0.0,0.0,0.0,0.0,0.0,0.0,0.0,0.0
t76,0.0,0.0,0.0,0.0,0.0,0.0,0.0,0.0,0.0,0.0,0.0,0.0,0.0,0.0,0.0,0.0,0.0,0.0,0.0,0.0,0.0,0.0,0.0,0.0,0.0,0.0,0.0
t77,0.0,0.0,0.0,0.0,0.0,0.0,0.0,0.0,0.0,0.0,0.0,0.0,0.0,0.0,0.0,0.0,0.0,0.0,0.0,0.0,0.0,0.0,0.0,0.0,0.0,0.0,0.0
t78,0.0,0.0,0.0,0.0,0.0,0.0,0.0,0.0,0.0,0.0,0.0,0.0,0.0,0.0,0.0,0.0,0.0,0.0,0.0,0.0,0.0,0.0,0.0,0.0,0.0,0.0,0.0
t79,0.0,0.0,0.0,0.0,0.0,0.0,0.0,0.0,0.0,0.0,0.0,0.0,0.0,0.0,0.0,0.0,0.0,0.0,0.0,0.0,0.0,0.0,0.0,0.0,0.0,0.0,0.0
t80,0.0,0.0,0.0,0.0,0.0,0.0,0.0,0.0,0.0,0.0,0.0,0.0,0.0,0.0,0.0,0.0,0.0,0.0,0.0,0.0,0.0,0.0,0.0,0.0,0.0,0.0,0.0
t81,0.0,0.0,0.0,0.0,0.0,0.0,0.0,0.0,0.0,0.0,0.0,0.0,0.0,0.0,0.0,0.0,0.0,0.0,0.0,0.0,0.0,0.0,0.0,0.0,0.0,0.0,0.0
t82,0.0,0.0,0.0,0.0,0.0,0.0,0.0,0.0,0.0,0.0,0.0,0.0,0.0,0.0,0.0,0.0,0.0,0.0,0.0,0.0,0.0,0.0,0.0,0.0,0.0,0.0,0.0
t83,0.0,0.0,0.0,0.0,0.0,0.0,0.0,0.0,0.0,0.0,0.0,0.0,0.0,0.0,0.0,0.0,0.0,0.0,0.0,0.0,0.0,0.0,0.0,0.0,0.0,0.0,0.0
t84,0.0,0.0,0.0,0.0,0.0,0.0,0.0,0.0,0.0,0.0,0.0,0.0,0.0,0.0,0.0,0.0,0.0,0.0,0.0,0.0,0.0,0.0,0.0,0.0,0.0,0.0,0.0
t85,0.0,0.0,0.0,0.0,0.0,0.0,0.0,0.0,0.0,0.0,0.0,0.0,0.0,0.0,0.0,0.0,0.0,0.0,0.0,0.0,0.0,0.0,0.0,0.0,0.0,0.0,0.0
t86,0.0,0.0,0.0,0.0,0.0,0.0,0.0,0.0,0.0,0.0,0.0,0.0,0.0,0.0,0.0,0.0,0.0,0.0,0.0,0.0,0.0,0.0,0.0,0.0,0.0,0.0,0.0
t87,0.0,0.0,0.0,0.0,0.0,0.0,0.0,0.0,0.0,0.0,0.0,0.0,0.0,0.0,0.0,0.0,0.0,0.0,0.0,0.0,0.0,0.0,0.0,0.0,0.0,0.0,0.0
t88,0.0,0.0,0.0,0.0,0.0,0.0,0.0,0.0,0.0,0.0,0.0,0.0,0.0,0.0,0.0,0.0,0.0,0.0,0.0,0.0,0.0,0.0,0.0,0.0,0.0,0.0,0.0
t89,0.0,0.0,0.0,0.0,0.0,0.0,0.0,0.0,0.0,0.0,0.0,0.0,0.0,0.0,0.0,0.0,0.0,0.0,0.0,0.0,0.0,0.0,0.0,0.0,0.0,0.0,0.0
t90,0.0,0.0,0.0,0.0,0.0,0.0,0.0,0.0,0.0,0.0,0.0,0.0,0.0,0.0,0.0,0.0,0.0,0.0,0.0,0.0,0.0,0.0,0.0,0.0,0.0,0.0,0.0
t91,0.0,0.0,0.0,0.0,0.0,0.0,0.0,0.0,0.0,0.0,0.0,0.0,0.0,0.0,0.0,0.0,0.0,0.0,0.0,0.0,0.0,0.0,0.0,0.0,0.0,0.0,0.0
t92,0.0,0.0,0.0,0.0,0.0,0.0,0.0,0.0,0.0,0.0,0.0,0.0,0.0,0.0,0.0,0.0,0.0,0.0,0.0,0.0,0.0,0.0,0.0,0.0,0.0,0.0,0.0
t93,0.0,0.0,0.0,0.0,0.0,0.0,0.0,0.0,0.0,0.0,0.0,0.0,0.0,0.0,0.0,0.0,0.0,0.0,0.0,0.0,0.0,0.0,0.0,0.0,0.0,0.0,0.0
t94,0.0,0.0,0.0,0.0,0.0,0.0,0.0,0.0,0.0,0.0,0.0,0.0,0.0,0.0,0.0,0.0,0.0,0.0,0.0,0.0,0.0,0.0,0.0,0.0,0.0,0.0,0.0
t95,0.0,0.0,0.0,0.0,0.0,0.0,0.0,0.0,0.0,0.0,0.0,0.0,0.0,0.0,0.0,0.0,0.0,0.0,0.0,0.0,0.0,0.0,0.0,0.0,0.0,0.0,0.0
t96,0.0,0.0,0.0,0.0,0.0,0.0,0.0,0.0,0.0,0.0,0.0,0.0,0.0,0.0,0.0,0.0,0.0,0.0,0.0,0.0,0.0,0.0,0.0,0.0,0.0,0.0,0.0
t97,0.0,-97.3,0.0,0.0,0.0,0.0,0.0,0.0,0.0,0.0,-314.0,0.0,0.0,0.0,0.0,0.0,0.0,0.0,0.0,0.0,0.0,0.0,0.0,0.0,0.0,0.0,-411.3
t98,0.0,-97.3,0.0,0.0,0.0,0.0,0.0,0.0,0.0,0.0,-314.0,0.0,0.0,0.0,0.0,0.0,0.0,0.0,0.0,0.0,0.0,0.0,0.0,0.0,0.0,0.0,-411.3
t99,0.0,-97.3,0.0,0.0,0.0,0.0,0.0,0.0,0.0,0.0,-314.0,0.0,0.0,0.0,0.0,0.0,0.0,0.0,0.0,0.0,0.0,0.0,0.0,0.0,0.0,0.0,-411.3
t100,0.0,0.0,0.0,0.0,0.0,0.0,0.0,0.0,0.0,0.0,0.0,0.0,0.0,0.0,0.0,0.0,0.0,0.0,0.0,0.0,0.0,0.0,0.0,0.0,0.0,0.0,0.0
t101,0.0,0.0,0.0,0.0,0.0,0.0,0.0,0.0,0.0,0.0,0.0,0.0,0.0,0.0,0.0,93.6206414289046,0.0,0.0,0.0,0.0,0.0,0.0,0.0,0.0,0.0,0.0,93.6206414289046
t102,0.0,0.0,0.0,0.0,0.0,0.0,0.0,0.0,0.0,0.0,0.0,0.0,0.0,0.0,0.0,93.6206414289046,0.0,0.0,0.0,0.0,0.0,0.0,0.0,0.0,0.0,0.0,93.6206414289046
t103,0.0,0.0,0.0,0.0,0.0,0.0,0.0,0.0,0.0,0.0,0.0,0.0,0.0,0.0,0.0,93.6206414289046,0.0,0.0,0.0,0.0,0.0,0.0,0.0,0.0,0.0,0.0,93.6206414289046
t104,0.0,-97.3,0.0,0.0,0.0,0.0,0.0,-578.5,0.0,0.0,-314.0,0.0,0.0,0.0,0.0,-93.6206414289046,0.0,0.0,0.0,0.0,0.0,0.0,0.0,0.0,0.0,0.0,-1083.4206414289047
t105,0.0,-97.3,0.0,0.0,0.0,0.0,0.0,-578.5,0.0,0.0,-314.0,0.0,0.0,0.0,0.0,-93.6206414289046,0.0,0.0,0.0,0.0,0.0,0.0,0.0,0.0,0.0,0.0,-1083.4206414289047
t106,0.0,-97.3,0.0,0.0,0.0,0.0,0.0,-578.5,0.0,0.0,-314.0,0.0,0.0,0.0,0.0,-93.6206414289046,0.0,0.0,0.0,0.0,0.0,0.0,0.0,0.0,0.0,0.0,-1083.4206414289047
t107,0.0,-48.507222618326765,0.0,0.0,0.0,0.0,0.0,-578.5,0.0,0.0,-298.11730551028444,0.0,0.0,0.0,0.0,-93.6206414289046,0.0,0.0,0.0,0.0,0.0,0.0,0.0,0.0,0.0,0.0,-1018.7451695575159
t108,0.0,-97.3,0.0,0.0,0.0,0.0,0.0,0.0,0.0,0.0,0.0,0.0,0.0,0.0,0.0,0.0,0.0,0.0,0.0,0.0,0.0,0.0,0.0,0.0,0.0,0.0,-97.3
t109,0.0,0.0,0.0,0.0,0.0,0.0,0.0,0.0,0.0,0.0,0.0,0.0,0.0,0.0,0.0,0.0,0.0,0.0,0.0,0.0,0.0,0.0,0.0,0.0,0.0,0.0,0.0
t110,0.0,97.3,0.0,0.0,0.0,0.0,0.0,0.0,0.0,0.0,314.0,0.0,0.0,0.0,0.0,0.0,0.0,0.0,0.0,0.0,0.0,0.0,0.0,0.0,0.0,0.0,411.3
t111,0.0,97.3,0.0,0.0,0.0,0.0,0.0,578.5,0.0,0.0,314.0,0.0,0.0,0.0,0.0,0.0,0.0,0.0,0.0,0.0,0.0,0.0,0.0,0.0,0.0,0.0,989.8
t112,0.0,97.3,0.0,0.0,0.0,0.0,0.0,0.0,0.0,0.0,314.0,0.0,0.0,1439.5798164908977,0.0,0.0,0.0,0.0,0.0,0.0,0.0,0.0,0.0,0.0,0.0,0.0,1850.8798164908976
t113,0.0,97.3,0.0,0.0,0.0,0.0,0.0,429.0263185699878,0.0,0.0,314.0,0.0,0.0,0.0,0.0,37.448256758491134,0.0,0.0,0.0,0.0,0.0,0.0,0.0,0.0,0.0,0.0,877.7745753284788
t114,0.0,0.0,0.0,0.0,0.0,0.0,0.0,33.773681429663725,0.0,0.0,314.0,0.0,0.0,0.0,0.0,0.0,0.0,0.0,0.0,0.0,0.0,0.0,0.0,0.0,0.0,0.0,347.7736814296637
t115,0.0,38.92000000011714,0.0,0.0,0.0,0.0,0.0,231.40000000069682,0.0,0.0,0.0,0.0,0.0,-1693.6233125241142,0.0,0.0,0.0,0.0,0.0,0.0,0.0,0.0,0.0,0.0,0.0,0.0,-1423.3033125233003
t116,0.0,0.0,0.0,0.0,0.0,0.0,0.0,578.5,0.0,0.0,0.0,0.0,0.0,0.0,0.0,0.0,0.0,0.0,0.0,0.0,0.0,0.0,0.0,0.0,0.0,0.0,578.5
t117,0.0,0.0,0.0,0.0,0.0,0.0,0.0,0.0,0.0,0.0,0.0,0.0,0.0,0.0,0.0,0.0,0.0,0.0,0.0,0.0,0.0,0.0,0.0,0.0,0.0,0.0,0.0
t118,0.0,97.3,0.0,0.0,0.0,0.0,0.0,0.0,0.0,0.0,0.0,0.0,0.0,0.0,0.0,0.0,0.0,0.0,0.0,0.0,0.0,0.0,0.0,0.0,0.0,0.0,97.3
t119,0.0,0.0,0.0,0.0,0.0,0.0,0.0,0.0,0.0,0.0,175.69384440855615,0.0,0.0,0.0,0.0,0.0,0.0,0.0,0.0,0.0,0.0,0.0,0.0,0.0,0.0,0.0,175.69384440855615
t120,0.0,58.26577809465407,0.0,0.0,0.0,0.0,0.0,0.0,0.0,0.0,0.0,0.0,0.0,0.0,0.0,0.0,0.0,0.0,0.0,0.0,0.0,0.0,0.0,0.0,0.0,0.0,58.26577809465407
t121,0.0,0.0,0.0,0.0,0.0,0.0,0.0,0.0,0.0,0.0,-204.9525398858345,0.0,0.0,0.0,0.0,0.0,0.0,0.0,0.0,0.0,0.0,0.0,0.0,0.0,0.0,0.0,-204.9525398858345
t122,0.0,0.0,0.0,0.0,0.0,0.0,0.0,168.34096338436586,0.0,0.0,0.0,0.0,0.0,0.0,0.0,0.0,0.0,0.0,0.0,0.0,0.0,0.0,0.0,0.0,0.0,0.0,168.34096338436586
t123,0.0,0.0,0.0,0.0,0.0,0.0,0.0,165.7484876338151,0.0,0.0,0.0,0.0,0.0,0.0,0.0,0.0,0.0,0.0,0.0,0.0,0.0,0.0,0.0,0.0,0.0,0.0,165.7484876338151
t124,0.0,0.0,0.0,0.0,0.0,0.0,0.0,578.5,0.0,0.0,0.0,0.0,0.0,0.0,0.0,0.0,0.0,0.0,0.0,0.0,0.0,0.0,0.0,0.0,0.0,0.0,578.5
t125,0.0,0.0,0.0,0.0,0.0,0.0,0.0,575.7694635183277,0.0,0.0,0.0,0.0,0.0,0.0,0.0,0.0,0.0,0.0,0.0,0.0,0.0,0.0,0.0,0.0,0.0,0.0,575.7694635183277
t126,0.0,0.0,0.0,0.0,0.0,0.0,0.0,12.146039445751398,0.0,0.0,289.11047790023804,0.0,0.0,0.0,0.0,0.0,0.0,0.0,0.0,0.0,0.0,0.0,0.0,0.0,0.0,0.0,301.25651734598944
t127,0.0,0.0,0.0,0.0,0.0,0.0,0.0,0.0,0.0,0.0,-114.14064996928937,0.0,0.0,0.0,0.0,0.0,0.0,0.0,0.0,0.0,0.0,0.0,0.0,0.0,0.0,0.0,-114.14064996928937
t128,0.0,0.0,0.0,0.0,0.0,0.0,0.0,0.0,0.0,0.0,0.0,0.0,0.0,0.0,0.0,0.0,0.0,0.0,0.0,0.0,0.0,0.0,0.0,0.0,0.0,0.0,0.0
t129,0.0,0.0,0.0,0.0,0.0,0.0,0.0,0.0,0.0,0.0,0.0,0.0,0.0,0.0,0.0,0.0,0.0,0.0,0.0,0.0,0.0,0.0,0.0,0.0,0.0,0.0,0.0
t130,0.0,0.0,0.0,0.0,0.0,0.0,0.0,0.0,0.0,0.0,0.0,0.0,0.0,0.0,0.0,0.0,0.0,0.0,0.0,0.0,0.0,0.0,0.0,0.0,0.0,0.0,0.0
t131,0.0,0.0,0.0,0.0,0.0,0.0,0.0,0.0,0.0,0.0,0.0,0.0,0.0,0.0,0.0,0.0,0.0,0.0,0.0,0.0,0.0,0.0,0.0,0.0,0.0,0.0,0.0
t132,0.0,0.0,0.0,0.0,0.0,0.0,0.0,0.0,0.0,0.0,0.0,0.0,0.0,0.0,0.0,0.0,0.0,0.0,0.0,0.0,0.0,0.0,0.0,0.0,0.0,0.0,0.0
t133,0.0,0.0,0.0,0.0,0.0,0.0,0.0,0.0,0.0,0.0,0.0,0.0,0.0,0.0,0.0,0.0,0.0,0.0,0.0,0.0,0.0,0.0,0.0,0.0,0.0,0.0,0.0
t134,0.0,0.0,0.0,0.0,0.0,0.0,0.0,-578.5,0.0,0.0,0.0,0.0,0.0,0.0,0.0,0.0,0.0,0.0,0.0,0.0,0.0,0.0,0.0,0.0,0.0,0.0,-578.5
t135,0.0,0.0,0.0,0.0,0.0,0.0,0.0,-578.5,0.0,0.0,0.0,0.0,0.0,0.0,0.0,0.0,0.0,0.0,0.0,0.0,0.0,0.0,0.0,0.0,0.0,0.0,-578.5
t136,0.0,0.0,0.0,0.0,0.0,0.0,0.0,-578.5,0.0,0.0,-199.29490751995795,0.0,0.0,0.0,0.0,0.0,0.0,0.0,0.0,0.0,0.0,0.0,0.0,0.0,0.0,0.0,-777.794907519958
t137,0.0,0.0,0.0,0.0,0.0,0.0,0.0,0.0,0.0,0.0,314.0,0.0,0.0,0.0,0.0,93.62064142890462,0.0,0.0,0.0,0.0,0.0,0.0,0.0,0.0,0.0,0.0,407.6206414289046
t138,0.0,0.0,0.0,0.0,0.0,0.0,0.0,0.0,0.0,0.0,314.0,0.0,0.0,0.0,0.0,0.0,0.0,0.0,0.0,0.0,0.0,0.0,0.0,0.0,0.0,0.0,314.0
t139,0.0,0.0,0.0,0.0,0.0,0.0,0.0,0.0,0.0,0.0,0.0,0.0,0.0,0.0,0.0,0.0,0.0,0.0,0.0,0.0,0.0,0.0,0.0,0.0,0.0,0.0,0.0
t140,0.0,0.0,0.0,0.0,0.0,0.0,0.0,0.0,0.0,0.0,0.0,0.0,0.0,0.0,0.0,0.0,0.0,0.0,0.0,0.0,0.0,0.0,0.0,0.0,0.0,0.0,0.0
t141,0.0,0.0,0.0,0.0,0.0,0.0,0.0,0.0,0.0,0.0,0.0,0.0,0.0,0.0,0.0,0.0,0.0,0.0,0.0,0.0,0.0,0.0,0.0,0.0,0.0,0.0,0.0
t142,0.0,0.0,0.0,0.0,0.0,0.0,0.0,0.0,0.0,0.0,0.0,0.0,0.0,0.0,0.0,-8.930426807991992,0.0,0.0,0.0,0.0,0.0,0.0,0.0,0.0,0.0,0.0,-8.930426807991992
t143,0.0,0.0,0.0,0.0,0.0,0.0,0.0,0.0,0.0,0.0,-314.0,0.0,0.0,0.0,0.0,-50.60575211007778,0.0,0.0,0.0,0.0,0.0,0.0,0.0,0.0,0.0,0.0,-364.6057521100778
t144,0.0,0.0,0.0,0.0,0.0,0.0,0.0,-140.13119247747227,0.0,0.0,-314.0,0.0,0.0,0.0,0.0,-50.60575211007778,0.0,0.0,0.0,0.0,0.0,0.0,0.0,0.0,0.0,0.0,-504.73694458755006
t145,0.0,0.0,0.0,0.0,0.0,0.0,0.0,0.0,0.0,0.0,0.0,0.0,0.0,0.0,0.0,0.0,0.0,0.0,0.0,0.0,0.0,0.0,0.0,0.0,0.0,0.0,0.0
t146,0.0,0.0,0.0,0.0,0.0,0.0,0.0,0.0,0.0,0.0,0.0,0.0,0.0,0.0,0.0,0.0,0.0,0.0,0.0,0.0,0.0,0.0,0.0,0.0,0.0,0.0,0.0
t147,0.0,0.0,0.0,0.0,0.0,0.0,0.0,0.0,0.0,0.0,0.0,0.0,0.0,0.0,0.0,0.0,0.0,0.0,0.0,0.0,0.0,0.0,0.0,0.0,0.0,0.0,0.0
t148,0.0,0.0,0.0,0.0,0.0,0.0,0.0,0.0,0.0,0.0,0.0,0.0,0.0,0.0,0.0,0.0,0.0,0.0,0.0,0.0,0.0,0.0,0.0,0.0,0.0,0.0,0.0
t149,0.0,0.0,0.0,0.0,0.0,0.0,0.0,0.0,0.0,0.0,0.0,0.0,0.0,0.0,0.0,0.0,0.0,0.0,0.0,0.0,0.0,0.0,0.0,0.0,0.0,0.0,0.0
t150,0.0,0.0,0.0,0.0,0.0,0.0,0.0,0.0,0.0,0.0,0.0,0.0,0.0,0.0,0.0,0.0,0.0,0.0,0.0,0.0,0.0,0.0,0.0,0.0,0.0,0.0,0.0
t151,0.0,0.0,0.0,0.0,0.0,0.0,0.0,0.0,0.0,0.0,0.0,0.0,0.0,0.0,0.0,0.0,0.0,0.0,0.0,0.0,0.0,0.0,0.0,0.0,0.0,0.0,0.0
t152,0.0,0.0,0.0,0.0,0.0,0.0,0.0,0.0,0.0,0.0,0.0,0.0,0.0,0.0,0.0,0.0,0.0,0.0,0.0,0.0,0.0,0.0,0.0,0.0,0.0,0.0,0.0
t153,0.0,0.0,0.0,0.0,0.0,0.0,0.0,0.0,0.0,0.0,0.0,0.0,0.0,0.0,0.0,0.0,0.0,0.0,0.0,0.0,0.0,0.0,0.0,0.0,0.0,0.0,0.0
t154,0.0,0.0,0.0,0.0,0.0,0.0,0.0,0.0,0.0,0.0,0.0,0.0,0.0,0.0,0.0,0.0,0.0,0.0,0.0,0.0,0.0,0.0,0.0,0.0,0.0,0.0,0.0
t155,0.0,0.0,0.0,0.0,0.0,0.0,0.0,0.0,0.0,0.0,0.0,0.0,0.0,0.0,0.0,0.0,0.0,0.0,0.0,0.0,0.0,0.0,0.0,0.0,0.0,0.0,0.0
t156,0.0,0.0,0.0,0.0,0.0,0.0,0.0,0.0,0.0,0.0,0.0,0.0,0.0,0.0,0.0,0.0,0.0,0.0,0.0,0.0,0.0,0.0,0.0,0.0,0.0,0.0,0.0
t157,0.0,0.0,0.0,0.0,0.0,0.0,0.0,0.0,0.0,0.0,0.0,0.0,0.0,0.0,0.0,0.0,0.0,0.0,0.0,0.0,0.0,0.0,0.0,0.0,0.0,0.0,0.0
t158,0.0,0.0,0.0,0.0,0.0,0.0,0.0,0.0,0.0,0.0,0.0,0.0,0.0,0.0,0.0,0.0,0.0,0.0,0.0,0.0,0.0,0.0,0.0,0.0,0.0,0.0,0.0
t159,0.0,0.0,0.0,0.0,0.0,0.0,0.0,0.0,0.0,0.0,0.0,0.0,0.0,0.0,0.0,0.0,0.0,0.0,0.0,0.0,0.0,0.0,0.0,0.0,0.0,0.0,0.0
t160,0.0,0.0,0.0,0.0,0.0,0.0,0.0,0.0,0.0,0.0,0.0,0.0,0.0,0.0,0.0,0.0,0.0,0.0,0.0,0.0,0.0,0.0,0.0,0.0,0.0,0.0,0.0
t161,0.0,0.0,0.0,0.0,0.0,0.0,0.0,0.0,0.0,0.0,0.0,0.0,0.0,0.0,0.0,0.0,0.0,0.0,0.0,0.0,0.0,0.0,0.0,0.0,0.0,0.0,0.0
t162,0.0,0.0,0.0,0.0,0.0,0.0,0.0,0.0,0.0,0.0,0.0,0.0,0.0,0.0,0.0,0.0,0.0,0.0,0.0,0.0,0.0,0.0,0.0,0.0,0.0,0.0,0.0
t163,0.0,0.0,0.0,0.0,0.0,0.0,0.0,0.0,0.0,0.0,0.0,0.0,0.0,0.0,0.0,0.0,0.0,0.0,0.0,0.0,0.0,0.0,0.0,0.0,0.0,0.0,0.0
t164,0.0,0.0,0.0,0.0,0.0,0.0,0.0,0.0,0.0,0.0,0.0,0.0,0.0,0.0,0.0,0.0,0.0,0.0,0.0,0.0,0.0,0.0,0.0,0.0,0.0,0.0,0.0
t165,0.0,0.0,0.0,0.0,0.0,0.0,0.0,0.0,0.0,0.0,0.0,0.0,0.0,0.0,0.0,0.0,0.0,0.0,0.0,0.0,0.0,0.0,0.0,0.0,0.0,0.0,0.0
t166,0.0,0.0,0.0,0.0,0.0,0.0,0.0,0.0,0.0,0.0,0.0,0.0,0.0,0.0,0.0,0.0,0.0,0.0,0.0,0.0,0.0,0.0,0.0,0.0,0.0,0.0,0.0
t167,0.0,0.0,0.0,0.0,0.0,0.0,0.0,0.0,0.0,0.0,0.0,0.0,0.0,0.0,0.0,0.0,0.0,0.0,0.0,0.0,0.0,0.0,0.0,0.0,0.0,0.0,0.0
t168,0.0,0.0,0.0,0.0,0.0,0.0,0.0,0.0,0.0,0.0,0.0,0.0,0.0,0.0,0.0,0.0,0.0,0.0,0.0,0.0,0.0,0.0,0.0,0.0,0.0,0.0,0.0
t169,0.0,-97.3,0.0,-2246.9,0.0,-1665.0,0.0,-578.5,0.0,0.0,-314.0,0.0,0.0,0.0,-137.14381159289965,0.0,0.0,0.0,0.0,0.0,0.0,0.0,0.0,0.0,0.0,0.0,-5038.8438115929
t170,0.0,-97.3,0.0,-2246.9,0.0,-1665.0,0.0,-578.5,0.0,0.0,-314.0,0.0,0.0,0.0,0.0,0.0,0.0,0.0,0.0,0.0,0.0,0.0,0.0,0.0,0.0,0.0,-4901.700000000001
t171,0.0,0.0,0.0,-558.5773924520868,0.0,-1665.0,0.0,0.0,0.0,0.0,0.0,0.0,0.0,0.0,0.0,0.0,0.0,0.0,0.0,0.0,0.0,0.0,0.0,0.0,0.0,0.0,-2223.5773924520868
t172,0.0,0.0,0.0,0.0,0.0,0.0,0.0,0.0,0.0,0.0,314.0,0.0,0.0,0.0,0.0,0.0,0.0,0.0,0.0,0.0,0.0,0.0,0.0,0.0,0.0,0.0,314.0
t173,0.0,97.3,0.0,0.0,0.0,562.2135268509653,0.0,437.78567410292584,0.0,0.0,314.0,0.0,0.0,0.0,0.0,0.0,0.0,0.0,0.0,0.0,0.0,0.0,0.0,0.0,0.0,0.0,1411.2992009538912
t174,0.0,97.3,0.0,1631.747175128205,0.0,1665.0,0.0,578.5,0.0,0.0,314.0,0.0,0.0,0.0,0.0,93.6206414289046,0.0,0.0,0.0,0.0,0.0,0.0,0.0,0.0,0.0,0.0,4380.167816557109
t175,0.0,97.3,0.0,2246.9,0.0,1665.0,0.0,578.5,0.0,0.0,314.0,0.0,0.0,2008.204537235896,0.0,93.62064142890462,0.0,0.0,0.0,0.0,0.0,0.0,0.0,0.0,0.0,0.0,7003.525178664801
t176,0.0,97.3,0.0,1647.4633005657247,0.0,999.0000000030122,0.0,0.0,0.0,0.0,0.0,0.0,0.0,0.0,0.0,0.0,0.0,0.0,0.0,0.0,0.0,0.0,0.0,0.0,0.0,0.0,2743.7633005687367
t177,0.0,0.0,0.0,2246.9,0.0,1665.0,0.0,237.7605655162054,0.0,0.0,251.20000000052016,0.0,0.0,0.0,0.0,0.0,0.0,0.0,0.0,0.0,0.0,0.0,0.0,0.0,0.0,0.0,4400.860565516726
t178,0.0,77.84000000016107,0.0,2246.9,0.0,1665.0,0.0,578.5,0.0,0.0,314.0,0.0,0.0,722.536731721,0.0,0.0,0.0,0.0,0.0,0.0,0.0,0.0,0.0,0.0,0.0,0.0,5604.776731721162
t179,0.0,97.3,0.0,2246.9,0.0,1665.0,0.0,578.5,0.0,0.0,314.0,0.0,0.0,784.2798922979878,0.0,0.0,0.0,0.0,0.0,0.0,0.0,0.0,0.0,0.0,0.0,0.0,5685.979892297988
t180,0.0,97.3,0.0,2246.9,0.0,1665.0,0.0,578.5,0.0,0.0,314.0,0.0,0.0,1009.1730899765323,164.67096638965245,0.0,0.0,0.0,0.0,0.0,0.0,0.0,0.0,0.0,0.0,0.0,6075.544056366186
t181,0.0,97.3,0.0,2246.9,0.0,1665.0,0.0,578.5,0.0,0.0,314.0,0.0,0.0,0.0,730.6747196823019,0.0,0.0,0.0,0.0,0.0,0.0,0.0,0.0,0.0,0.0,0.0,5632.374719682302
t182,0.0,97.3,0.0,1661.451438271211,0.0,1665.0,0.0,225.0394344847529,0.0,0.0,0.0,0.0,0.0,0.0,0.0,0.0,0.0,0.0,0.0,0.0,0.0,0.0,0.0,0.0,0.0,0.0,3648.7908727559634
t183,0.0,0.0,0.0,0.0,0.0,0.0,0.0,0.0,0.0,0.0,0.0,0.0,0.0,0.0,0.0,0.0,0.0,0.0,0.0,0.0,0.0,0.0,0.0,0.0,0.0,0.0,0.0
t184,0.0,-97.3,0.0,0.0,0.0,-1406.514281994905,0.0,-578.5,0.0,0.0,-314.0,0.0,0.0,103.29164619849507,0.0,0.0,0.0,0.0,0.0,0.0,0.0,0.0,0.0,0.0,0.0,0.0,-2293.02263579641
t185,0.0,-97.3,0.0,-2246.9,0.0,-1665.0,0.0,-578.5,0.0,0.0,-314.0,0.0,0.0,0.0,0.0,0.0,0.0,0.0,0.0,0.0,0.0,0.0,0.0,0.0,0.0,0.0,-4901.700000000001
t186,0.0,-97.3,0.0,-2246.9,0.0,-1665.0,0.0,-578.5,0.0,0.0,-314.0,0.0,0.0,-1453.7466579103193,-916.2040537555216,0.0,0.0,0.0,0.0,0.0,0.0,0.0,0.0,0.0,0.0,0.0,-7271.650711665841
t187,0.0,-97.3,0.0,-2246.9,0.0,-1665.0,0.0,0.0,0.0,0.0,-314.0,0.0,0.0,0.0,0.0,0.0,0.0,0.0,0.0,0.0,0.0,0.0,0.0,0.0,0.0,0.0,-4323.200000000001
t188,0.0,-97.3,0.0,-2246.9,0.0,-1665.0,0.0,-257.98209262882796,0.0,0.0,-314.0,0.0,0.0,-2987.438527957301,0.0,0.0,0.0,0.0,0.0,0.0,0.0,0.0,0.0,0.0,0.0,0.0,-7568.620620586129
t189,0.0,-97.3,0.0,-2246.9,0.0,-1665.0,0.0,-578.5,0.0,0.0,-314.0,0.0,0.0,0.0,0.0,0.0,0.0,0.0,0.0,0.0,0.0,0.0,0.0,0.0,0.0,0.0,-4901.700000000001
t190,0.0,-97.3,0.0,-2246.9,0.0,-1665.0,0.0,-578.5,0.0,0.0,-314.0,0.0,0.0,0.0,0.0,-93.6206414289046,0.0,0.0,0.0,0.0,0.0,0.0,0.0,0.0,0.0,0.0,-4995.320641428905
t191,0.0,-97.3,0.0,-2246.9,0.0,-545.0026265690608,0.0,-578.5,0.0,0.0,-314.0,0.0,0.0,0.0,0.0,-93.6206414289046,0.0,0.0,0.0,0.0,0.0,0.0,0.0,0.0,0.0,0.0,-3875.3232679979656
t192,0.0,-97.3,0.0,-2246.9,0.0,-1665.0,0.0,-578.5,0.0,0.0,-314.0,0.0,0.0,-1002.9158667351995,0.0,-33.042579198485875,0.0,0.0,0.0,0.0,0.0,0.0,0.0,0.0,0.0,0.0,-5937.658445933686
t193,0.0,0.0,0.0,0.0,0.0,0.0,0.0,0.0,0.0,0.0,0.0,0.0,0.0,0.0,0.0,0.0,0.0,0.0,0.0,0.0,0.0,0.0,0.0,0.0,0.0,0.0,0.0
t194,0.0,0.0,0.0,0.0,0.0,0.0,0.0,0.0,0.0,0.0,0.0,0.0,0.0,0.0,0.0,0.0,0.0,0.0,0.0,0.0,0.0,0.0,0.0,0.0,0.0,0.0,0.0
t195,0.0,0.0,0.0,0.0,0.0,0.0,0.0,0.0,0.0,0.0,0.0,0.0,0.0,0.0,0.0,0.0,0.0,0.0,0.0,0.0,0.0,0.0,0.0,0.0,0.0,0.0,0.0
t196,0.0,0.0,0.0,0.0,0.0,0.0,0.0,0.0,0.0,0.0,0.0,0.0,0.0,0.0,0.0,0.0,0.0,0.0,0.0,0.0,0.0,0.0,0.0,0.0,0.0,0.0,0.0
t197,0.0,0.0,0.0,0.0,0.0,0.0,0.0,0.0,0.0,0.0,0.0,0.0,0.0,0.0,0.0,0.0,0.0,0.0,0.0,0.0,0.0,0.0,0.0,0.0,0.0,0.0,0.0
t198,0.0,0.0,0.0,0.0,0.0,0.0,0.0,0.0,0.0,0.0,0.0,0.0,0.0,0.0,0.0,0.0,0.0,0.0,0.0,0.0,0.0,0.0,0.0,0.0,0.0,0.0,0.0
t199,0.0,0.0,0.0,0.0,0.0,0.0,0.0,0.0,0.0,0.0,0.0,0.0,0.0,0.0,0.0,0.0,0.0,0.0,0.0,0.0,0.0,0.0,0.0,0.0,0.0,0.0,0.0
t200,0.0,0.0,0.0,0.0,0.0,0.0,0.0,0.0,0.0,0.0,0.0,0.0,0.0,0.0,0.0,0.0,0.0,0.0,0.0,0.0,0.0,0.0,0.0,0.0,0.0,0.0,0.0
t201,0.0,0.0,0.0,0.0,0.0,0.0,0.0,0.0,0.0,0.0,0.0,0.0,0.0,0.0,0.0,0.0,0.0,0.0,0.0,0.0,0.0,0.0,0.0,0.0,0.0,0.0,0.0
t202,0.0,0.0,0.0,0.0,0.0,0.0,0.0,0.0,0.0,0.0,0.0,0.0,0.0,0.0,0.0,0.0,0.0,0.0,0.0,0.0,0.0,0.0,0.0,0.0,0.0,0.0,0.0
t203,0.0,0.0,0.0,0.0,0.0,0.0,0.0,0.0,0.0,0.0,0.0,0.0,0.0,0.0,0.0,0.0,0.0,0.0,0.0,0.0,0.0,0.0,0.0,0.0,0.0,0.0,0.0
t204,0.0,0.0,0.0,0.0,0.0,0.0,0.0,0.0,0.0,0.0,0.0,0.0,0.0,0.0,0.0,0.0,0.0,0.0,0.0,0.0,0.0,0.0,0.0,0.0,0.0,0.0,0.0
t205,0.0,0.0,0.0,0.0,0.0,0.0,0.0,0.0,0.0,0.0,0.0,0.0,0.0,0.0,0.0,0.0,0.0,0.0,0.0,0.0,0.0,0.0,0.0,0.0,0.0,0.0,0.0
t206,0.0,0.0,0.0,0.0,0.0,0.0,0.0,0.0,0.0,0.0,0.0,0.0,0.0,0.0,0.0,0.0,0.0,0.0,0.0,0.0,0.0,0.0,0.0,0.0,0.0,0.0,0.0
t207,0.0,0.0,0.0,0.0,0.0,0.0,0.0,0.0,0.0,0.0,0.0,0.0,0.0,0.0,0.0,0.0,0.0,0.0,0.0,0.0,0.0,0.0,0.0,0.0,0.0,0.0,0.0
t208,0.0,0.0,0.0,0.0,0.0,0.0,0.0,0.0,0.0,0.0,0.0,0.0,0.0,0.0,0.0,0.0,0.0,0.0,0.0,0.0,0.0,0.0,0.0,0.0,0.0,0.0,0.0
t209,0.0,0.0,0.0,0.0,0.0,0.0,0.0,0.0,0.0,0.0,0.0,0.0,0.0,0.0,0.0,0.0,0.0,0.0,0.0,0.0,0.0,0.0,0.0,0.0,0.0,0.0,0.0
t210,0.0,0.0,0.0,0.0,0.0,0.0,0.0,0.0,0.0,0.0,0.0,0.0,0.0,0.0,0.0,0.0,0.0,0.0,0.0,0.0,0.0,0.0,0.0,0.0,0.0,0.0,0.0
t211,0.0,0.0,0.0,0.0,0.0,0.0,0.0,0.0,0.0,0.0,0.0,0.0,0.0,0.0,0.0,0.0,0.0,0.0,0.0,0.0,0.0,0.0,0.0,0.0,0.0,0.0,0.0
t212,0.0,0.0,0.0,0.0,0.0,0.0,0.0,0.0,0.0,0.0,0.0,0.0,0.0,0.0,0.0,0.0,0.0,0.0,0.0,0.0,0.0,0.0,0.0,0.0,0.0,0.0,0.0
t213,0.0,0.0,0.0,0.0,0.0,0.0,0.0,0.0,0.0,0.0,0.0,0.0,0.0,0.0,0.0,0.0,0.0,0.0,0.0,0.0,0.0,0.0,0.0,0.0,0.0,0.0,0.0
t214,0.0,0.0,0.0,0.0,0.0,0.0,0.0,0.0,0.0,0.0,0.0,0.0,0.0,0.0,0.0,0.0,0.0,0.0,0.0,0.0,0.0,0.0,0.0,0.0,0.0,0.0,0.0
t215,0.0,0.0,0.0,0.0,0.0,0.0,0.0,0.0,0.0,0.0,0.0,0.0,0.0,0.0,0.0,0.0,0.0,0.0,0.0,0.0,0.0,0.0,0.0,0.0,0.0,0.0,0.0
t216,0.0,0.0,0.0,0.0,0.0,0.0,0.0,0.0,0.0,0.0,0.0,0.0,0.0,0.0,0.0,0.0,0.0,0.0,0.0,0.0,0.0,0.0,0.0,0.0,0.0,0.0,0.0
t217,0.0,0.0,0.0,0.0,0.0,0.0,0.0,0.0,0.0,0.0,0.0,0.0,0.0,0.0,0.0,0.0,0.0,0.0,0.0,0.0,0.0,0.0,0.0,0.0,0.0,0.0,0.0
t218,0.0,0.0,0.0,0.0,0.0,0.0,0.0,0.0,0.0,0.0,0.0,0.0,0.0,0.0,0.0,0.0,0.0,0.0,0.0,0.0,0.0,0.0,0.0,0.0,0.0,0.0,0.0
t219,0.0,0.0,0.0,0.0,0.0,0.0,0.0,0.0,0.0,0.0,0.0,0.0,0.0,0.0,0.0,0.0,0.0,0.0,0.0,0.0,0.0,0.0,0.0,0.0,0.0,0.0,0.0
t220,0.0,0.0,0.0,0.0,0.0,0.0,0.0,0.0,0.0,0.0,0.0,0.0,0.0,0.0,0.0,0.0,0.0,0.0,0.0,0.0,0.0,0.0,0.0,0.0,0.0,0.0,0.0
t221,0.0,0.0,0.0,0.0,0.0,0.0,0.0,0.0,0.0,0.0,0.0,0.0,0.0,0.0,0.0,0.0,0.0,0.0,0.0,0.0,0.0,0.0,0.0,0.0,0.0,0.0,0.0
t222,0.0,0.0,0.0,0.0,0.0,0.0,0.0,0.0,0.0,0.0,0.0,0.0,0.0,0.0,0.0,0.0,0.0,0.0,0.0,0.0,0.0,0.0,0.0,0.0,0.0,0.0,0.0
t223,0.0,0.0,0.0,0.0,0.0,0.0,0.0,0.0,0.0,0.0,0.0,0.0,0.0,0.0,0.0,0.0,0.0,0.0,0.0,0.0,0.0,0.0,0.0,0.0,0.0,0.0,0.0
t224,0.0,0.0,0.0,0.0,0.0,0.0,0.0,0.0,0.0,0.0,0.0,0.0,0.0,0.0,0.0,0.0,0.0,0.0,0.0,0.0,0.0,0.0,0.0,0.0,0.0,0.0,0.0
t225,0.0,0.0,0.0,0.0,0.0,0.0,0.0,0.0,0.0,0.0,0.0,0.0,0.0,0.0,0.0,0.0,0.0,0.0,0.0,0.0,0.0,0.0,0.0,0.0,0.0,0.0,0.0
t226,0.0,0.0,0.0,0.0,0.0,0.0,0.0,0.0,0.0,0.0,0.0,0.0,0.0,0.0,0.0,0.0,0.0,0.0,0.0,0.0,0.0,0.0,0.0,0.0,0.0,0.0,0.0
t227,0.0,0.0,0.0,0.0,0.0,0.0,0.0,0.0,0.0,0.0,0.0,0.0,0.0,0.0,0.0,0.0,0.0,0.0,0.0,0.0,0.0,0.0,0.0,0.0,0.0,0.0,0.0
t228,0.0,0.0,0.0,0.0,0.0,0.0,0.0,0.0,0.0,0.0,0.0,0.0,0.0,0.0,0.0,0.0,0.0,0.0,0.0,0.0,0.0,0.0,0.0,0.0,0.0,0.0,0.0
t229,0.0,0.0,0.0,0.0,0.0,0.0,0.0,0.0,0.0,0.0,0.0,0.0,0.0,0.0,0.0,0.0,0.0,0.0,0.0,0.0,0.0,0.0,0.0,0.0,0.0,0.0,0.0
t230,0.0,0.0,0.0,0.0,0.0,0.0,0.0,0.0,0.0,0.0,0.0,0.0,0.0,0.0,0.0,0.0,0.0,0.0,0.0,0.0,0.0,0.0,0.0,0.0,0.0,0.0,0.0
t231,0.0,0.0,0.0,0.0,0.0,0.0,0.0,0.0,0.0,0.0,0.0,0.0,0.0,0.0,0.0,0.0,0.0,0.0,0.0,0.0,0.0,0.0,0.0,0.0,0.0,0.0,0.0
t232,0.0,0.0,0.0,0.0,0.0,0.0,0.0,0.0,0.0,0.0,0.0,0.0,0.0,0.0,0.0,0.0,0.0,0.0,0.0,0.0,0.0,0.0,0.0,0.0,0.0,0.0,0.0
t233,0.0,0.0,0.0,0.0,0.0,0.0,0.0,0.0,0.0,0.0,0.0,0.0,0.0,0.0,0.0,0.0,0.0,0.0,0.0,0.0,0.0,0.0,0.0,0.0,0.0,0.0,0.0
t234,0.0,0.0,0.0,0.0,0.0,0.0,0.0,0.0,0.0,0.0,0.0,0.0,0.0,0.0,0.0,0.0,0.0,0.0,0.0,0.0,0.0,0.0,0.0,0.0,0.0,0.0,0.0
t235,0.0,0.0,0.0,0.0,0.0,0.0,0.0,0.0,0.0,0.0,0.0,0.0,0.0,0.0,0.0,0.0,0.0,0.0,0.0,0.0,0.0,0.0,0.0,0.0,0.0,0.0,0.0
t236,0.0,0.0,0.0,0.0,0.0,0.0,0.0,0.0,0.0,0.0,0.0,0.0,0.0,0.0,0.0,0.0,0.0,0.0,0.0,0.0,0.0,0.0,0.0,0.0,0.0,0.0,0.0
t237,0.0,0.0,0.0,0.0,0.0,0.0,0.0,0.0,0.0,0.0,0.0,0.0,0.0,0.0,0.0,0.0,0.0,0.0,0.0,0.0,0.0,0.0,0.0,0.0,0.0,0.0,0.0
t238,0.0,0.0,0.0,0.0,0.0,0.0,0.0,0.0,0.0,0.0,0.0,0.0,0.0,0.0,0.0,0.0,0.0,0.0,0.0,0.0,0.0,0.0,0.0,0.0,0.0,0.0,0.0
t239,0.0,0.0,0.0,0.0,0.0,0.0,0.0,0.0,0.0,0.0,0.0,0.0,0.0,0.0,0.0,0.0,0.0,0.0,0.0,0.0,0.0,0.0,0.0,0.0,0.0,0.0,0.0
t240,0.0,0.0,0.0,0.0,0.0,0.0,0.0,0.0,0.0,0.0,0.0,0.0,0.0,0.0,0.0,0.0,0.0,0.0,0.0,0.0,0.0,0.0,0.0,0.0,0.0,0.0,0.0
t241,0.0,97.3,0.0,-2246.9,0.0,-1665.0,0.0,-578.5,0.0,0.0,0.0,0.0,0.0,-2987.438527957301,-916.2040537555216,-93.62064142890459,0.0,0.0,0.0,0.0,0.0,0.0,0.0,0.0,0.0,0.0,-8390.363223141729
t242,0.0,97.3,0.0,-2246.9,0.0,-1665.0,0.0,0.0,0.0,0.0,0.0,0.0,0.0,-220.96498806561985,-916.2040537555216,0.0,0.0,0.0,0.0,0.0,0.0,0.0,0.0,0.0,0.0,0.0,-4951.769041821141
t243,0.0,97.3,0.0,-2190.8591716825717,0.0,0.0,0.0,0.0,0.0,0.0,0.0,0.0,0.0,0.0,0.0,0.0,0.0,0.0,0.0,0.0,0.0,0.0,0.0,0.0,0.0,0.0,-2093.5591716825716
t244,0.0,97.3,0.0,0.0,0.0,345.39089031749023,0.0,0.0,0.0,0.0,0.0,0.0,0.0,578.3432011310546,0.0,0.0,0.0,0.0,0.0,0.0,0.0,0.0,0.0,0.0,0.0,0.0,1021.0340914485448
t245,0.0,97.3,0.0,2145.109219031233,0.0,0.0,0.0,0.0,0.0,0.0,0.0,0.0,0.0,0.0,0.0,62.434967123272145,0.0,0.0,0.0,0.0,0.0,0.0,0.0,0.0,0.0,0.0,2304.844186154505
t246,0.0,97.3,0.0,2023.4014079799103,0.0,1665.0,0.0,0.0,0.0,0.0,0.0,0.0,0.0,0.0,0.0,17.142578138029094,0.0,0.0,0.0,0.0,0.0,0.0,0.0,0.0,0.0,0.0,3802.8439861179395
t247,0.0,97.3,0.0,1562.5169771796982,0.0,1665.0,0.0,0.0,0.0,0.0,0.0,0.0,0.0,0.0,0.0,0.0,0.0,0.0,0.0,0.0,0.0,0.0,0.0,0.0,0.0,0.0,3324.8169771796984
t248,0.0,97.3,0.0,0.0,0.0,0.0,0.0,0.0,0.0,0.0,0.0,0.0,0.0,212.6724586438366,2.2921366652177366,0.0,0.0,0.0,0.0,0.0,0.0,0.0,0.0,0.0,0.0,0.0,312.26459530905436
t249,0.0,97.3,0.0,-427.4891923298355,0.0,-1665.0,0.0,-194.9572335167065,0.0,0.0,0.0,0.0,0.0,-930.6066580121919,-2.6966313692607855,0.0,0.0,0.0,0.0,0.0,0.0,0.0,0.0,0.0,0.0,0.0,-3123.4497152279946
t250,0.0,97.3,0.0,-2246.9,0.0,-1665.0,0.0,0.0,0.0,0.0,0.0,0.0,0.0,0.0,0.0,0.0,0.0,0.0,0.0,0.0,0.0,0.0,0.0,0.0,0.0,0.0,-3814.6
t251,0.0,-97.3,0.0,-2246.9,0.0,-693.6911185219715,0.0,-175.16660808600864,0.0,0.0,0.0,0.0,0.0,0.0,0.0,0.0,0.0,0.0,0.0,0.0,0.0,0.0,0.0,0.0,0.0,0.0,-3213.0577266079804
t252,0.0,-97.3,0.0,0.0,0.0,0.0,0.0,0.0,0.0,0.0,0.0,0.0,0.0,0.0,0.0,-93.6206414289046,0.0,0.0,0.0,0.0,0.0,0.0,0.0,0.0,0.0,0.0,-190.92064142890462
t253,0.0,-97.3,0.0,2246.9,0.0,1665.0,0.0,0.0,0.0,0.0,0.0,0.0,0.0,1289.8162468672338,0.0,0.0,0.0,0.0,0.0,0.0,0.0,0.0,0.0,0.0,0.0,0.0,5104.416246867234
t254,0.0,-97.3,0.0,2246.9,0.0,1665.0,0.0,225.5396015878897,0.0,0.0,0.0,0.0,0.0,2987.438527957301,916.2040537555216,0.0,0.0,0.0,0.0,0.0,0.0,0.0,0.0,0.0,0.0,0.0,7943.782183300712
t255,0.0,-97.3,0.0,2246.9,0.0,1665.0,0.0,42.802739589249235,0.0,0.0,0.0,0.0,0.0,2533.3996843006453,916.2040537555216,0.0,0.0,0.0,0.0,0.0,0.0,0.0,0.0,0.0,0.0,0.0,7307.0064776454155
t256,0.0,-97.3,0.0,2246.9,0.0,1665.0,0.0,490.55673210517597,0.0,0.0,0.0,0.0,0.0,1743.1669754821746,630.1814419459397,0.0,0.0,0.0,0.0,0.0,0.0,0.0,0.0,0.0,0.0,0.0,6678.505149533291
t257,0.0,-97.3,0.0,2246.9,0.0,1665.0,0.0,0.0,0.0,0.0,0.0,0.0,0.0,2329.4514707107137,916.2040537555216,79.57754526130122,0.0,0.0,0.0,0.0,0.0,0.0,0.0,0.0,0.0,0.0,7139.833069727537
t258,0.0,-97.3,0.0,975.9236798218095,0.0,0.0,0.0,0.0,0.0,0.0,0.0,0.0,0.0,0.0,0.0,0.0,0.0,0.0,0.0,0.0,0.0,0.0,0.0,0.0,0.0,0.0,878.6236798218096
t259,0.0,0.0,0.0,0.0,0.0,-1230.0915169478658,0.0,0.0,0.0,0.0,0.0,0.0,0.0,-2987.438527957301,-916.2040537555216,0.0,0.0,0.0,0.0,0.0,0.0,0.0,0.0,0.0,0.0,0.0,-5133.734098660688
t260,0.0,-97.3,0.0,-2246.9,0.0,-1147.9188848173035,0.0,0.0,0.0,0.0,0.0,0.0,0.0,-2987.438527957301,-916.2040537555216,0.0,0.0,0.0,0.0,0.0,0.0,0.0,0.0,0.0,0.0,0.0,-7395.761466530126
t261,0.0,-97.3,0.0,-2246.9,0.0,-1665.0,0.0,0.0,0.0,0.0,0.0,0.0,0.0,-1801.5960591542412,0.0,0.0,0.0,0.0,0.0,0.0,0.0,0.0,0.0,0.0,0.0,0.0,-5810.796059154241
t262,0.0,-97.3,0.0,-2246.9,0.0,-372.8587391973998,0.0,0.0,0.0,0.0,0.0,0.0,0.0,-1088.5306565952992,-310.2350805406082,0.0,0.0,0.0,0.0,0.0,0.0,0.0,0.0,0.0,0.0,0.0,-4115.824476333308
t263,0.0,-48.649999999771204,0.0,-2246.9,0.0,-1665.0,0.0,0.0,0.0,0.0,0.0,0.0,0.0,-730.4431816385967,0.0,0.0,0.0,0.0,0.0,0.0,0.0,0.0,0.0,0.0,0.0,0.0,-4690.993181638368
t264,0.0,-97.3,0.0,-1833.265740999183,0.0,-1565.9283534095,0.0,0.0,0.0,0.0,0.0,0.0,0.0,0.0,0.0,0.0,0.0,0.0,0.0,0.0,0.0,0.0,0.0,0.0,0.0,0.0,-3496.494094408683
t265,0.0,-97.3,0.0,0.0,0.0,0.0,0.0,-249.41120362888688,0.0,0.0,-157.00000000014793,0.0,0.0,0.0,0.0,0.0,0.0,0.0,0.0,0.0,0.0,0.0,0.0,0.0,0.0,0.0,-503.7112036290348
t266,0.0,-97.3,0.0,0.0,0.0,0.0,0.0,-39.83879637138671,0.0,0.0,-314.0,0.0,0.0,0.0,0.0,0.0,0.0,0.0,0.0,0.0,0.0,0.0,0.0,0.0,0.0,0.0,-451.1387963713867
t267,0.0,0.0,0.0,0.0,0.0,0.0,0.0,0.0,0.0,0.0,0.0,0.0,0.0,0.0,0.0,0.0,0.0,0.0,0.0,0.0,0.0,0.0,0.0,0.0,0.0,0.0,0.0
t268,0.0,97.3,0.0,0.0,0.0,0.0,0.0,578.5,0.0,0.0,314.0,0.0,0.0,0.0,0.0,93.6206414289046,0.0,0.0,0.0,0.0,0.0,0.0,0.0,0.0,0.0,0.0,1083.4206414289047
t269,0.0,97.3,0.0,0.0,0.0,0.0,0.0,578.5,0.0,0.0,125.60000000014172,0.0,0.0,0.0,0.0,93.6206414289046,0.0,0.0,0.0,0.0,0.0,0.0,0.0,0.0,0.0,0.0,895.0206414290462
t270,0.0,97.3,0.0,0.0,0.0,0.0,0.0,0.0,0.0,0.0,314.0,0.0,0.0,0.0,0.0,36.30774978908101,0.0,0.0,0.0,0.0,0.0,0.0,0.0,0.0,0.0,0.0,447.607749789081
t271,0.0,38.91999999997071,0.0,0.0,0.0,0.0,0.0,296.6457793886594,0.0,0.0,0.0,0.0,0.0,0.0,0.0,93.6206414289046,0.0,0.0,0.0,0.0,0.0,0.0,0.0,0.0,0.0,0.0,429.18642081753467
t272,0.0,0.0,0.0,0.0,0.0,0.0,0.0,-578.5,0.0,0.0,-314.0,0.0,0.0,0.0,0.0,-93.6206414289046,0.0,0.0,0.0,0.0,0.0,0.0,0.0,0.0,0.0,0.0,-986.1206414289046
t273,0.0,-97.3,0.0,0.0,0.0,0.0,0.0,0.0,0.0,0.0,-314.0,0.0,0.0,0.0,0.0,-60.57806223041876,0.0,0.0,0.0,0.0,0.0,0.0,0.0,0.0,0.0,0.0,-471.8780622304188
t274,0.0,0.0,0.0,0.0,0.0,0.0,0.0,-578.5,0.0,0.0,0.0,0.0,0.0,0.0,0.0,-93.6206414289046,0.0,0.0,0.0,0.0,0.0,0.0,0.0,0.0,0.0,0.0,-672.1206414289046
t275,0.0,0.0,0.0,0.0,0.0,0.0,0.0,-578.5,0.0,0.0,0.0,0.0,0.0,0.0,0.0,-93.6206414289046,0.0,0.0,0.0,0.0,0.0,0.0,0.0,0.0,0.0,0.0,-672.1206414289046
t276,0.0,-97.3,0.0,0.0,0.0,0.0,0.0,-578.5,0.0,0.0,-314.0,0.0,0.0,0.0,0.0,-31.700806294085442,0.0,0.0,0.0,0.0,0.0,0.0,0.0,0.0,0.0,0.0,-1021.5008062940854
t277,0.0,0.0,0.0,0.0,0.0,0.0,0.0,0.0,0.0,0.0,0.0,0.0,0.0,0.0,0.0,0.0,0.0,0.0,0.0,0.0,0.0,0.0,0.0,0.0,0.0,0.0,0.0
t278,0.0,-97.3,0.0,0.0,0.0,0.0,0.0,0.0,0.0,0.0,0.0,0.0,0.0,0.0,0.0,0.0,0.0,0.0,0.0,0.0,0.0,0.0,0.0,0.0,0.0,0.0,-97.3
t279,0.0,-97.3,0.0,0.0,0.0,0.0,0.0,0.0,0.0,0.0,0.0,0.0,0.0,0.0,0.0,93.6206414289046,0.0,0.0,0.0,0.0,0.0,0.0,0.0,0.0,0.0,0.0,-3.679358571095392
t280,0.0,0.0,0.0,0.0,0.0,0.0,0.0,578.5,0.0,0.0,314.0,0.0,0.0,0.0,0.0,93.6206414289046,0.0,0.0,0.0,0.0,0.0,0.0,0.0,0.0,0.0,0.0,986.1206414289046
t281,0.0,97.3,0.0,0.0,0.0,0.0,0.0,333.0621503374488,0.0,0.0,314.0,0.0,0.0,0.0,0.0,0.0,0.0,0.0,0.0,0.0,0.0,0.0,0.0,0.0,0.0,0.0,744.3621503374488
t282,0.0,97.3,0.0,0.0,0.0,0.0,0.0,0.0,0.0,0.0,49.34271379711385,0.0,0.0,0.0,0.0,64.39394212428775,0.0,0.0,0.0,0.0,0.0,0.0,0.0,0.0,0.0,0.0,211.0366559214016
t283,0.0,-97.3,0.0,0.0,0.0,0.0,0.0,0.0,0.0,0.0,-92.21410952093359,0.0,0.0,0.0,0.0,-93.6206414289046,0.0,0.0,0.0,0.0,0.0,0.0,0.0,0.0,0.0,0.0,-283.1347509498382
t284,0.0,0.0,0.0,0.0,0.0,0.0,0.0,-578.5,0.0,0.0,-283.4642827251515,0.0,0.0,0.0,0.0,-15.179516694842505,0.0,0.0,0.0,0.0,0.0,0.0,0.0,0.0,0.0,0.0,-877.143799419994
t285,0.0,-97.3,0.0,0.0,0.0,0.0,0.0,0.0,0.0,0.0,0.0,0.0,0.0,0.0,0.0,0.0,0.0,0.0,0.0,0.0,0.0,0.0,0.0,0.0,0.0,0.0,-97.3
t286,0.0,0.0,0.0,0.0,0.0,0.0,0.0,-147.75960299379489,0.0,0.0,0.0,0.0,0.0,0.0,0.0,-93.6206414289046,0.0,0.0,0.0,0.0,0.0,0.0,0.0,0.0,0.0,0.0,-241.3802444226995
t287,0.0,1.8303227805059773e-10,0.0,0.0,0.0,0.0,0.0,-155.36373089479437,0.0,0.0,0.0,0.0,0.0,0.0,0.0,-93.6206414289046,0.0,0.0,0.0,0.0,0.0,0.0,0.0,0.0,0.0,0.0,-248.98437232351594
t288,0.0,97.3,0.0,0.0,0.0,0.0,0.0,422.6907373855068,0.0,0.0,0.0,0.0,0.0,0.0,0.0,0.0,0.0,0.0,0.0,0.0,0.0,0.0,0.0,0.0,0.0,0.0,519.9907373855068
t289,0.0,97.3,0.0,-516.9808100288291,0.0,0.0,0.0,0.0,0.0,0.0,314.0,0.0,0.0,0.0,0.0,0.0,0.0,0.0,0.0,0.0,0.0,0.0,0.0,0.0,0.0,0.0,-105.68081002882906
t290,0.0,97.3,0.0,0.0,0.0,0.0,0.0,0.0,0.0,0.0,314.0,0.0,0.0,0.0,0.0,0.0,0.0,0.0,0.0,0.0,0.0,0.0,0.0,0.0,0.0,0.0,411.3
t291,0.0,97.3,0.0,0.0,0.0,0.0,0.0,0.0,0.0,0.0,314.0,0.0,0.0,0.0,0.0,0.0,0.0,0.0,0.0,0.0,0.0,0.0,0.0,0.0,0.0,0.0,411.3
t292,0.0,97.3,0.0,0.0,0.0,0.0,0.0,0.0,0.0,0.0,314.0,0.0,0.0,0.0,0.0,0.0,0.0,0.0,0.0,0.0,0.0,0.0,0.0,0.0,0.0,0.0,411.3
t293,0.0,97.3,0.0,0.0,0.0,0.0,0.0,0.0,0.0,0.0,0.0,0.0,0.0,0.0,0.0,0.0,0.0,0.0,0.0,0.0,0.0,0.0,0.0,0.0,0.0,0.0,97.3
t294,0.0,97.3,0.0,0.0,0.0,0.0,0.0,0.0,0.0,0.0,83.03242061176667,0.0,0.0,0.0,0.0,0.0,0.0,0.0,0.0,0.0,0.0,0.0,0.0,0.0,0.0,0.0,180.33242061176668
t295,0.0,97.3,0.0,0.0,0.0,0.0,0.0,0.0,0.0,0.0,314.0,0.0,0.0,0.0,0.0,0.0,0.0,0.0,0.0,0.0,0.0,0.0,0.0,0.0,0.0,0.0,411.3
t296,0.0,97.3,0.0,413.5846480231411,0.0,0.0,0.0,-8.692495612194762e-10,0.0,0.0,314.0,0.0,0.0,0.0,0.0,0.0,0.0,0.0,0.0,0.0,0.0,0.0,0.0,0.0,0.0,0.0,824.8846480222719
t297,0.0,97.3,0.0,0.0,0.0,0.0,0.0,578.5,0.0,0.0,314.0,0.0,0.0,0.0,0.0,0.0,0.0,0.0,0.0,0.0,0.0,0.0,0.0,0.0,0.0,0.0,989.8
t298,0.0,-97.3,0.0,0.0,0.0,0.0,0.0,-578.5,0.0,0.0,0.0,0.0,0.0,0.0,0.0,0.0,0.0,0.0,0.0,0.0,0.0,0.0,0.0,0.0,0.0,0.0,-675.8
t299,0.0,-97.3,0.0,0.0,0.0,0.0,0.0,-578.5,0.0,0.0,0.0,0.0,0.0,0.0,0.0,0.0,0.0,0.0,0.0,0.0,0.0,0.0,0.0,0.0,0.0,0.0,-675.8
t300,0.0,-97.3,0.0,0.0,0.0,0.0,0.0,0.0,0.0,0.0,0.0,0.0,0.0,0.0,0.0,0.0,0.0,0.0,0.0,0.0,0.0,0.0,0.0,0.0,0.0,0.0,-97.3
t301,0.0,97.3,0.0,0.0,0.0,0.0,0.0,347.10000000104344,0.0,0.0,229.12289557779434,0.0,0.0,0.0,0.0,0.0,0.0,0.0,0.0,0.0,0.0,0.0,0.0,0.0,0.0,0.0,673.5228955788377
t302,0.0,38.92000000019035,0.0,0.0,0.0,0.0,0.0,0.0,0.0,0.0,0.0,0.0,0.0,0.0,0.0,0.0,0.0,0.0,0.0,0.0,0.0,0.0,0.0,0.0,0.0,0.0,38.92000000019035
t303,0.0,-97.3,0.0,0.0,0.0,0.0,0.0,0.0,0.0,0.0,-314.0,0.0,0.0,0.0,0.0,0.0,0.0,0.0,0.0,0.0,0.0,0.0,0.0,0.0,0.0,0.0,-411.3
t304,0.0,-97.3,0.0,0.0,0.0,0.0,0.0,0.0,0.0,0.0,-314.0,0.0,0.0,0.0,0.0,0.0,0.0,0.0,0.0,0.0,0.0,0.0,0.0,0.0,0.0,0.0,-411.3
t305,0.0,-97.3,0.0,0.0,0.0,0.0,0.0,0.0,0.0,0.0,-311.6941452363608,0.0,0.0,0.0,0.0,0.0,0.0,0.0,0.0,0.0,0.0,0.0,0.0,0.0,0.0,0.0,-408.9941452363608
t306,0.0,-97.3,0.0,0.0,0.0,0.0,0.0,0.0,0.0,0.0,-314.0,0.0,0.0,0.0,0.0,0.0,0.0,0.0,0.0,0.0,0.0,0.0,0.0,0.0,0.0,0.0,-411.3
t307,0.0,-97.3,0.0,0.0,0.0,0.0,0.0,0.0,0.0,0.0,-314.0,0.0,0.0,0.0,0.0,0.0,0.0,0.0,0.0,0.0,0.0,0.0,0.0,0.0,0.0,0.0,-411.3
t308,0.0,-97.3,0.0,0.0,0.0,0.0,0.0,0.0,0.0,0.0,-314.0,0.0,0.0,0.0,0.0,0.0,0.0,0.0,0.0,0.0,0.0,0.0,0.0,0.0,0.0,0.0,-411.3
t309,0.0,-97.3,0.0,0.0,0.0,0.0,0.0,0.0,0.0,0.0,-314.0,0.0,0.0,0.0,0.0,0.0,0.0,0.0,0.0,0.0,0.0,0.0,0.0,0.0,0.0,0.0,-411.3
t310,0.0,-97.3,0.0,0.0,0.0,0.0,0.0,0.0,0.0,0.0,-314.0,0.0,0.0,0.0,0.0,0.0,0.0,0.0,0.0,0.0,0.0,0.0,0.0,0.0,0.0,0.0,-411.3
t311,0.0,-97.3,0.0,0.0,0.0,0.0,0.0,0.0,0.0,0.0,-314.0,0.0,0.0,0.0,0.0,0.0,0.0,0.0,0.0,0.0,0.0,0.0,0.0,0.0,0.0,0.0,-411.3
t312,0.0,-97.3,0.0,0.0,0.0,0.0,0.0,0.0,0.0,0.0,-314.0,0.0,0.0,0.0,0.0,0.0,0.0,0.0,0.0,0.0,0.0,0.0,0.0,0.0,0.0,0.0,-411.3
t313,0.0,0.0,0.0,0.0,0.0,0.0,0.0,0.0,0.0,0.0,0.0,0.0,0.0,0.0,0.0,0.0,0.0,0.0,0.0,0.0,0.0,0.0,0.0,0.0,0.0,0.0,0.0
t314,0.0,0.0,0.0,0.0,0.0,0.0,0.0,0.0,0.0,0.0,0.0,0.0,0.0,0.0,0.0,0.0,0.0,0.0,0.0,0.0,0.0,0.0,0.0,0.0,0.0,0.0,0.0
t315,0.0,0.0,0.0,0.0,0.0,0.0,0.0,0.0,0.0,0.0,0.0,0.0,0.0,0.0,0.0,0.0,0.0,0.0,0.0,0.0,0.0,0.0,0.0,0.0,0.0,0.0,0.0
t316,0.0,0.0,0.0,0.0,0.0,0.0,0.0,0.0,0.0,0.0,0.0,0.0,0.0,0.0,0.0,0.0,0.0,0.0,0.0,0.0,0.0,0.0,0.0,0.0,0.0,0.0,0.0
t317,0.0,0.0,0.0,0.0,0.0,0.0,0.0,0.0,0.0,0.0,0.0,0.0,0.0,0.0,0.0,0.0,0.0,0.0,0.0,0.0,0.0,0.0,0.0,0.0,0.0,0.0,0.0
t318,0.0,0.0,0.0,0.0,0.0,0.0,0.0,0.0,0.0,0.0,0.0,0.0,0.0,0.0,0.0,0.0,0.0,0.0,0.0,0.0,0.0,0.0,0.0,0.0,0.0,0.0,0.0
t319,0.0,0.0,0.0,0.0,0.0,0.0,0.0,0.0,0.0,0.0,188.40000000033115,0.0,0.0,0.0,330.8476698157423,93.6206414289046,0.0,0.0,0.0,0.0,0.0,0.0,0.0,0.0,0.0,0.0,612.868311244978
t320,0.0,58.3800000001025,0.0,0.0,0.0,0.0,0.0,0.0,0.0,0.0,0.0,0.0,0.0,2218.25068899069,916.2040537555216,65.53444909369787,0.0,0.0,0.0,0.0,0.0,0.0,0.0,0.0,0.0,0.0,3258.369191840012
t321,0.0,0.0,0.0,-655.0412974512108,0.0,0.0,0.0,0.0,0.0,0.0,0.0,0.0,0.0,-2609.70669139766,-916.2040537555216,0.0,0.0,0.0,0.0,0.0,0.0,0.0,0.0,0.0,0.0,0.0,-4180.952042604392
t322,0.0,0.0,0.0,-1070.768194036027,0.0,0.0,0.0,0.0,0.0,0.0,0.0,0.0,0.0,0.0,-550.9156201726272,-93.6206414289046,0.0,0.0,0.0,0.0,0.0,0.0,0.0,0.0,0.0,0.0,-1715.3044556375585
t323,0.0,0.0,0.0,0.0,0.0,0.0,0.0,0.0,0.0,0.0,0.0,0.0,0.0,0.0,0.0,-93.6206414289046,0.0,0.0,0.0,0.0,0.0,0.0,0.0,0.0,0.0,0.0,-93.6206414289046
t324,0.0,97.3,0.0,2108.332931748943,0.0,1487.19540537876,0.0,0.0,0.0,0.0,314.0,0.0,0.0,0.0,0.0,0.0,0.0,0.0,0.0,0.0,0.0,0.0,0.0,0.0,0.0,0.0,4006.828337127703
t325,0.0,97.3,0.0,2246.9,0.0,1127.3428469842158,0.0,0.0,0.0,0.0,314.0,0.0,0.0,0.0,0.0,0.0,0.0,0.0,0.0,0.0,0.0,0.0,0.0,0.0,0.0,0.0,3785.5428469842163
t326,0.0,97.3,0.0,620.454661441783,0.0,0.0,0.0,0.0,0.0,0.0,314.0,0.0,0.0,0.0,0.0,0.0,0.0,0.0,0.0,0.0,0.0,0.0,0.0,0.0,0.0,0.0,1031.754661441783
t327,0.0,97.3,0.0,0.0,0.0,0.0,0.0,0.0,0.0,0.0,314.0,0.0,0.0,0.0,0.0,0.0,0.0,0.0,0.0,0.0,0.0,0.0,0.0,0.0,0.0,0.0,411.3
t328,0.0,97.3,0.0,0.0,0.0,0.0,0.0,0.0,0.0,0.0,314.0,0.0,0.0,0.0,0.0,0.0,0.0,0.0,0.0,0.0,0.0,0.0,0.0,0.0,0.0,0.0,411.3
t329,0.0,0.0,0.0,-2246.9,0.0,-1603.1728154531052,0.0,0.0,0.0,0.0,0.0,0.0,0.0,0.0,0.0,0.0,0.0,0.0,0.0,0.0,0.0,0.0,0.0,0.0,0.0,0.0,-3850.0728154531052
t330,0.0,-97.3,0.0,-2246.9,0.0,-1665.0,0.0,0.0,0.0,0.0,-314.0,0.0,0.0,0.0,0.0,0.0,0.0,0.0,0.0,0.0,0.0,0.0,0.0,0.0,0.0,0.0,-4323.200000000001
t331,0.0,-97.3,0.0,0.0,0.0,0.0,0.0,0.0,0.0,0.0,-314.0,0.0,0.0,0.0,0.0,0.0,0.0,0.0,0.0,0.0,0.0,0.0,0.0,0.0,0.0,0.0,-411.3
t332,0.0,-97.3,0.0,0.0,0.0,0.0,0.0,0.0,0.0,0.0,-314.0,0.0,0.0,0.0,0.0,0.0,0.0,0.0,0.0,0.0,0.0,0.0,0.0,0.0,0.0,0.0,-411.3
t333,0.0,-97.3,0.0,0.0,0.0,0.0,0.0,0.0,0.0,0.0,-314.0,0.0,0.0,0.0,0.0,0.0,0.0,0.0,0.0,0.0,0.0,0.0,0.0,0.0,0.0,0.0,-411.3
t334,0.0,-97.3,0.0,0.0,0.0,0.0,0.0,0.0,0.0,0.0,-314.0,0.0,0.0,0.0,0.0,0.0,0.0,0.0,0.0,0.0,0.0,0.0,0.0,0.0,0.0,0.0,-411.3
t335,0.0,-97.3,0.0,0.0,0.0,0.0,0.0,0.0,0.0,0.0,-314.0,0.0,0.0,0.0,0.0,0.0,0.0,0.0,0.0,0.0,0.0,0.0,0.0,0.0,0.0,0.0,-411.3
t336,0.0,-97.3,0.0,0.0,0.0,0.0,0.0,0.0,0.0,0.0,-314.0,0.0,0.0,0.0,0.0,0.0,0.0,0.0,0.0,0.0,0.0,0.0,0.0,0.0,0.0,0.0,-411.3
t337,0.0,0.0,0.0,0.0,0.0,0.0,0.0,0.0,0.0,0.0,0.0,0.0,0.0,0.0,0.0,0.0,0.0,0.0,0.0,0.0,0.0,0.0,0.0,0.0,0.0,0.0,0.0
t338,0.0,0.0,0.0,0.0,0.0,0.0,0.0,0.0,0.0,0.0,0.0,0.0,0.0,0.0,0.0,0.0,0.0,0.0,0.0,0.0,0.0,0.0,0.0,0.0,0.0,0.0,0.0
t339,0.0,0.0,0.0,0.0,0.0,0.0,0.0,0.0,0.0,0.0,0.0,0.0,0.0,0.0,0.0,0.0,0.0,0.0,0.0,0.0,0.0,0.0,0.0,0.0,0.0,0.0,0.0
t340,0.0,0.0,0.0,0.0,0.0,0.0,0.0,0.0,0.0,0.0,0.0,0.0,0.0,0.0,0.0,0.0,0.0,0.0,0.0,0.0,0.0,0.0,0.0,0.0,0.0,0.0,0.0
t341,0.0,0.0,0.0,0.0,0.0,0.0,0.0,0.0,0.0,0.0,0.0,0.0,0.0,0.0,0.0,0.0,0.0,0.0,0.0,0.0,0.0,0.0,0.0,0.0,0.0,0.0,0.0
t342,0.0,0.0,0.0,0.0,0.0,0.0,0.0,0.0,0.0,0.0,314.0,0.0,0.0,0.0,0.0,0.0,0.0,0.0,0.0,0.0,0.0,0.0,0.0,0.0,0.0,0.0,314.0
t343,0.0,0.0,0.0,0.0,0.0,0.0,0.0,0.0,0.0,0.0,0.0,0.0,0.0,0.0,0.0,0.0,0.0,0.0,0.0,0.0,0.0,0.0,0.0,0.0,0.0,0.0,0.0
t344,0.0,0.0,0.0,0.0,0.0,0.0,0.0,0.0,0.0,0.0,0.0,0.0,0.0,0.0,0.0,0.0,0.0,0.0,0.0,0.0,0.0,0.0,0.0,0.0,0.0,0.0,0.0
t345,0.0,0.0,0.0,0.0,0.0,0.0,0.0,0.0,0.0,0.0,0.0,0.0,0.0,0.0,0.0,0.0,0.0,0.0,0.0,0.0,0.0,0.0,0.0,0.0,0.0,0.0,0.0
t346,0.0,0.0,0.0,0.0,0.0,0.0,0.0,0.0,0.0,0.0,0.0,0.0,0.0,0.0,0.0,0.0,0.0,0.0,0.0,0.0,0.0,0.0,0.0,0.0,0.0,0.0,0.0
t347,0.0,0.0,0.0,0.0,0.0,0.0,0.0,0.0,0.0,0.0,0.0,0.0,0.0,0.0,0.0,0.0,0.0,0.0,0.0,0.0,0.0,0.0,0.0,0.0,0.0,0.0,0.0
t348,0.0,0.0,0.0,0.0,0.0,0.0,0.0,0.0,0.0,0.0,-314.0,0.0,0.0,0.0,0.0,0.0,0.0,0.0,0.0,0.0,0.0,0.0,0.0,0.0,0.0,0.0,-314.0
t349,0.0,0.0,0.0,0.0,0.0,0.0,0.0,0.0,0.0,0.0,0.0,0.0,0.0,0.0,0.0,0.0,0.0,0.0,0.0,0.0,0.0,0.0,0.0,0.0,0.0,0.0,0.0
t350,0.0,0.0,0.0,0.0,0.0,0.0,0.0,0.0,0.0,0.0,0.0,0.0,0.0,0.0,0.0,0.0,0.0,0.0,0.0,0.0,0.0,0.0,0.0,0.0,0.0,0.0,0.0
t351,0.0,0.0,0.0,0.0,0.0,0.0,0.0,0.0,0.0,0.0,0.0,0.0,0.0,0.0,0.0,0.0,0.0,0.0,0.0,0.0,0.0,0.0,0.0,0.0,0.0,0.0,0.0
t352,0.0,0.0,0.0,0.0,0.0,0.0,0.0,0.0,0.0,0.0,0.0,0.0,0.0,0.0,0.0,0.0,0.0,0.0,0.0,0.0,0.0,0.0,0.0,0.0,0.0,0.0,0.0
t353,0.0,0.0,0.0,0.0,0.0,0.0,0.0,0.0,0.0,0.0,0.0,0.0,0.0,0.0,0.0,0.0,0.0,0.0,0.0,0.0,0.0,0.0,0.0,0.0,0.0,0.0,0.0
t354,0.0,0.0,0.0,0.0,0.0,0.0,0.0,0.0,0.0,0.0,0.0,0.0,0.0,0.0,0.0,0.0,0.0,0.0,0.0,0.0,0.0,0.0,0.0,0.0,0.0,0.0,0.0
t355,0.0,0.0,0.0,0.0,0.0,0.0,0.0,0.0,0.0,0.0,0.0,0.0,0.0,0.0,0.0,0.0,0.0,0.0,0.0,0.0,0.0,0.0,0.0,0.0,0.0,0.0,0.0
t356,0.0,0.0,0.0,0.0,0.0,0.0,0.0,0.0,0.0,0.0,0.0,0.0,0.0,0.0,0.0,0.0,0.0,0.0,0.0,0.0,0.0,0.0,0.0,0.0,0.0,0.0,0.0
t357,0.0,0.0,0.0,0.0,0.0,0.0,0.0,0.0,0.0,0.0,0.0,0.0,0.0,0.0,0.0,0.0,0.0,0.0,0.0,0.0,0.0,0.0,0.0,0.0,0.0,0.0,0.0
t358,0.0,0.0,0.0,0.0,0.0,0.0,0.0,0.0,0.0,0.0,0.0,0.0,0.0,0.0,0.0,0.0,0.0,0.0,0.0,0.0,0.0,0.0,0.0,0.0,0.0,0.0,0.0
t359,0.0,0.0,0.0,0.0,0.0,0.0,0.0,0.0,0.0,0.0,0.0,0.0,0.0,0.0,0.0,0.0,0.0,0.0,0.0,0.0,0.0,0.0,0.0,0.0,0.0,0.0,0.0
t360,0.0,0.0,0.0,0.0,0.0,0.0,0.0,0.0,0.0,0.0,-78.49999999992617,0.0,0.0,0.0,0.0,0.0,0.0,0.0,0.0,0.0,0.0,0.0,0.0,0.0,0.0,0.0,-78.49999999992617
t361,0.0,0.0,0.0,0.0,0.0,0.0,0.0,-450.6424508936338,0.0,0.0,-314.0,0.0,0.0,0.0,0.0,0.0,0.0,0.0,0.0,0.0,0.0,0.0,0.0,0.0,0.0,0.0,-764.6424508936338
t362,0.0,0.0,0.0,0.0,0.0,0.0,0.0,0.0,0.0,0.0,-314.0,0.0,0.0,0.0,0.0,0.0,0.0,0.0,0.0,0.0,0.0,0.0,0.0,0.0,0.0,0.0,-314.0
t363,0.0,0.0,0.0,0.0,0.0,0.0,0.0,0.0,0.0,0.0,-314.0,0.0,0.0,0.0,0.0,0.0,0.0,0.0,0.0,0.0,0.0,0.0,0.0,0.0,0.0,0.0,-314.0
t364,0.0,0.0,0.0,0.0,0.0,0.0,0.0,-578.5,0.0,0.0,-314.0,0.0,0.0,0.0,0.0,0.0,0.0,0.0,0.0,0.0,0.0,0.0,0.0,0.0,0.0,0.0,-892.5
t365,0.0,0.0,0.0,0.0,0.0,0.0,0.0,0.0,0.0,0.0,0.0,0.0,0.0,0.0,0.0,0.0,0.0,0.0,0.0,0.0,0.0,0.0,0.0,0.0,0.0,0.0,0.0
t366,0.0,0.0,0.0,0.0,0.0,0.0,0.0,578.5,0.0,0.0,279.90655189604075,0.0,0.0,0.0,0.0,0.0,0.0,0.0,0.0,0.0,0.0,0.0,0.0,0.0,0.0,0.0,858.4065518960408
t367,0.0,0.0,0.0,0.0,0.0,0.0,0.0,0.0,0.0,0.0,314.0,0.0,0.0,0.0,0.0,0.0,0.0,0.0,0.0,0.0,0.0,0.0,0.0,0.0,0.0,0.0,314.0
t368,0.0,0.0,0.0,0.0,0.0,0.0,0.0,0.0,0.0,0.0,314.0,0.0,0.0,0.0,0.0,0.0,0.0,0.0,0.0,0.0,0.0,0.0,0.0,0.0,0.0,0.0,314.0
t369,0.0,0.0,0.0,0.0,0.0,0.0,0.0,0.0,0.0,0.0,314.0,0.0,0.0,0.0,0.0,0.0,0.0,0.0,0.0,0.0,0.0,0.0,0.0,0.0,0.0,0.0,314.0
t370,0.0,0.0,0.0,0.0,0.0,0.0,0.0,0.0,0.0,0.0,314.0,0.0,0.0,0.0,0.0,0.0,0.0,0.0,0.0,0.0,0.0,0.0,0.0,0.0,0.0,0.0,314.0
t371,0.0,0.0,0.0,0.0,0.0,0.0,0.0,0.0,0.0,0.0,314.0,0.0,0.0,0.0,0.0,0.0,0.0,0.0,0.0,0.0,0.0,0.0,0.0,0.0,0.0,0.0,314.0
t372,0.0,0.0,0.0,0.0,0.0,0.0,0.0,0.0,0.0,0.0,314.0,0.0,0.0,0.0,0.0,0.0,0.0,0.0,0.0,0.0,0.0,0.0,0.0,0.0,0.0,0.0,314.0
t373,0.0,0.0,0.0,0.0,0.0,0.0,0.0,0.0,0.0,0.0,314.0,0.0,0.0,0.0,0.0,0.0,0.0,0.0,0.0,0.0,0.0,0.0,0.0,0.0,0.0,0.0,314.0
t374,0.0,0.0,0.0,0.0,0.0,0.0,0.0,129.113960715149,0.0,0.0,314.0,0.0,0.0,0.0,0.0,0.0,0.0,0.0,0.0,0.0,0.0,0.0,0.0,0.0,0.0,0.0,443.113960715149
t375,0.0,0.0,0.0,0.0,0.0,0.0,0.0,578.5,0.0,0.0,314.0,0.0,0.0,0.0,0.0,0.0,0.0,0.0,0.0,0.0,0.0,0.0,0.0,0.0,0.0,0.0,892.5
t376,0.0,0.0,0.0,0.0,0.0,0.0,0.0,0.0,0.0,0.0,-314.0,0.0,0.0,0.0,0.0,0.0,0.0,0.0,0.0,0.0,0.0,0.0,0.0,0.0,0.0,0.0,-314.0
t377,0.0,0.0,0.0,0.0,0.0,0.0,0.0,0.0,0.0,0.0,-314.0,0.0,0.0,0.0,0.0,0.0,0.0,0.0,0.0,0.0,0.0,0.0,0.0,0.0,0.0,0.0,-314.0
t378,0.0,0.0,0.0,0.0,0.0,0.0,0.0,-578.5,0.0,0.0,-314.0,0.0,0.0,0.0,0.0,0.0,0.0,0.0,0.0,0.0,0.0,0.0,0.0,0.0,0.0,0.0,-892.5
t379,0.0,0.0,0.0,0.0,0.0,0.0,0.0,0.0,0.0,0.0,-314.0,0.0,0.0,0.0,0.0,0.0,0.0,0.0,0.0,0.0,0.0,0.0,0.0,0.0,0.0,0.0,-314.0
t380,0.0,0.0,0.0,0.0,0.0,0.0,0.0,0.0,0.0,0.0,-314.0,0.0,0.0,0.0,0.0,0.0,0.0,0.0,0.0,0.0,0.0,0.0,0.0,0.0,0.0,0.0,-314.0
t381,0.0,0.0,0.0,0.0,0.0,0.0,0.0,0.0,0.0,0.0,-314.0,0.0,0.0,0.0,0.0,0.0,0.0,0.0,0.0,0.0,0.0,0.0,0.0,0.0,0.0,0.0,-314.0
t382,0.0,0.0,0.0,0.0,0.0,0.0,0.0,0.0,0.0,0.0,-314.0,0.0,0.0,0.0,0.0,0.0,0.0,0.0,0.0,0.0,0.0,0.0,0.0,0.0,0.0,0.0,-314.0
t383,0.0,0.0,0.0,0.0,0.0,0.0,0.0,0.0,0.0,0.0,-314.0,0.0,0.0,0.0,0.0,0.0,0.0,0.0,0.0,0.0,0.0,0.0,0.0,0.0,0.0,0.0,-314.0
t384,0.0,0.0,0.0,0.0,0.0,0.0,0.0,0.0,0.0,0.0,-114.38318986931958,0.0,0.0,0.0,0.0,0.0,0.0,0.0,0.0,0.0,0.0,0.0,0.0,0.0,0.0,0.0,-114.38318986931958
t385,0.0,-97.3,0.0,0.0,0.0,0.0,0.0,0.0,0.0,0.0,-314.0,0.0,0.0,0.0,0.0,0.0,0.0,0.0,0.0,0.0,0.0,0.0,0.0,0.0,0.0,0.0,-411.3
t386,0.0,-97.3,0.0,0.0,0.0,0.0,0.0,0.0,0.0,0.0,-314.0,0.0,0.0,0.0,0.0,0.0,0.0,0.0,0.0,0.0,0.0,0.0,0.0,0.0,0.0,0.0,-411.3
t387,0.0,-97.3,0.0,0.0,0.0,0.0,0.0,0.0,0.0,0.0,-314.0,0.0,0.0,0.0,0.0,0.0,0.0,0.0,0.0,0.0,0.0,0.0,0.0,0.0,0.0,0.0,-411.3
t388,0.0,0.0,0.0,0.0,0.0,0.0,0.0,0.0,0.0,0.0,0.0,0.0,0.0,0.0,0.0,0.0,0.0,0.0,0.0,0.0,0.0,0.0,0.0,0.0,0.0,0.0,0.0
t389,0.0,0.0,0.0,0.0,0.0,0.0,0.0,0.0,0.0,0.0,0.0,0.0,0.0,-782.5491926342124,0.0,93.6206414289046,0.0,0.0,0.0,0.0,0.0,0.0,0.0,0.0,0.0,0.0,-688.9285512053078
t390,0.0,97.3,0.0,0.0,0.0,0.0,0.0,0.0,0.0,0.0,0.0,0.0,0.0,0.0,0.0,93.6206414289046,0.0,0.0,0.0,0.0,0.0,0.0,0.0,0.0,0.0,0.0,190.92064142890462
t391,0.0,0.0,0.0,0.0,0.0,0.0,0.0,0.0,0.0,0.0,0.0,0.0,0.0,0.0,0.0,0.0,0.0,0.0,0.0,0.0,0.0,0.0,0.0,0.0,0.0,0.0,0.0
t392,0.0,-97.3,0.0,0.0,0.0,0.0,0.0,-521.5192109971656,0.0,0.0,-314.0,0.0,0.0,0.0,0.0,-93.6206414289046,0.0,0.0,0.0,0.0,0.0,0.0,0.0,0.0,0.0,0.0,-1026.43985242607
t393,0.0,-97.3,0.0,0.0,0.0,0.0,0.0,-578.5,0.0,0.0,-314.0,0.0,0.0,0.0,0.0,-93.6206414289046,0.0,0.0,0.0,0.0,0.0,0.0,0.0,0.0,0.0,0.0,-1083.4206414289047
t394,0.0,-97.3,0.0,0.0,0.0,0.0,0.0,-578.5,0.0,0.0,-314.0,0.0,0.0,0.0,0.0,-33.042579198485846,0.0,0.0,0.0,0.0,0.0,0.0,0.0,0.0,0.0,0.0,-1022.8425791984859
t395,0.0,-97.3,0.0,0.0,0.0,0.0,0.0,-578.5,0.0,0.0,-314.0,0.0,0.0,260.04813522704535,600.4210947997283,0.0,0.0,0.0,0.0,0.0,0.0,0.0,0.0,0.0,0.0,0.0,-129.33076997322632
t396,0.0,-97.3,0.0,0.0,0.0,0.0,0.0,-15.659923572799505,0.0,0.0,-314.0,0.0,0.0,2432.3389473173797,5.547878415185096,0.0,0.0,0.0,0.0,0.0,0.0,0.0,0.0,0.0,0.0,0.0,2010.9269021597654
t397,0.0,-97.3,0.0,0.0,0.0,0.0,0.0,0.0,0.0,0.0,-314.0,0.0,0.0,1339.5701931594679,916.2040537555216,0.0,0.0,0.0,0.0,0.0,0.0,0.0,0.0,0.0,0.0,0.0,1844.4742469149896
t398,0.0,-97.3,0.0,0.0,0.0,0.0,0.0,0.0,0.0,0.0,-314.0,0.0,0.0,709.9485690922985,0.0,0.0,0.0,0.0,0.0,0.0,0.0,0.0,0.0,0.0,0.0,0.0,298.6485690922985
t399,0.0,0.0,0.0,0.0,0.0,0.0,0.0,0.0,0.0,0.0,0.0,0.0,0.0,-973.0525629887222,-916.2040537555216,0.0,0.0,0.0,0.0,0.0,0.0,0.0,0.0,0.0,0.0,0.0,-1889.2566167442437
t400,0.0,97.3,0.0,0.0,0.0,0.0,0.0,0.0,0.0,0.0,0.0,0.0,0.0,-1394.503472038017,0.0,0.0,0.0,0.0,0.0,0.0,0.0,0.0,0.0,0.0,0.0,0.0,-1297.203472038017
t401,0.0,97.3,0.0,1048.1142042184883,0.0,0.0,0.0,453.2164435527461,0.0,0.0,314.0,0.0,0.0,2987.438527957301,0.0,0.0,0.0,0.0,0.0,0.0,0.0,0.0,0.0,0.0,0.0,0.0,4900.069175728536
t402,0.0,97.3,0.0,0.0,0.0,0.0,0.0,578.5,0.0,0.0,314.0,0.0,0.0,738.5823269501211,0.0,0.0,0.0,0.0,0.0,0.0,0.0,0.0,0.0,0.0,0.0,0.0,1728.382326950121
t403,0.0,1.4642582244050574e-10,0.0,0.0,0.0,0.0,0.0,0.0,0.0,0.0,314.0000000004729,0.0,0.0,0.0,-556.4444282987711,0.0,0.0,0.0,0.0,0.0,0.0,0.0,0.0,0.0,0.0,0.0,-242.44442829815176
t404,0.0,97.3,0.0,0.0,0.0,0.0,0.0,0.0,0.0,0.0,314.0,0.0,0.0,-1614.8316362979629,0.0,0.0,0.0,0.0,0.0,0.0,0.0,0.0,0.0,0.0,0.0,0.0,-1203.531636297963
t405,0.0,97.3,0.0,0.0,0.0,0.0,0.0,477.16142606487665,0.0,0.0,314.0,0.0,0.0,-2209.8913077670572,0.0,0.0,0.0,0.0,0.0,0.0,0.0,0.0,0.0,0.0,0.0,0.0,-1321.4298817021806
t406,0.0,97.3,0.0,-1310.142755272864,0.0,0.0,0.0,0.0,0.0,0.0,314.0,0.0,0.0,0.0,0.0,0.0,0.0,0.0,0.0,0.0,0.0,0.0,0.0,0.0,0.0,0.0,-898.842755272864
t407,0.0,97.3,0.0,0.0,0.0,0.0,0.0,0.0,0.0,0.0,314.0,0.0,0.0,0.0,-318.14331332986177,0.0,0.0,0.0,0.0,0.0,0.0,0.0,0.0,0.0,0.0,0.0,93.15668667013824
t408,0.0,0.0,0.0,0.0,0.0,0.0,0.0,309.26543803869134,0.0,0.0,314.0,0.0,0.0,-2987.438527957301,0.0,0.0,0.0,0.0,0.0,0.0,0.0,0.0,0.0,0.0,0.0,0.0,-2364.1730899186095
t409,0.0,0.0,0.0,0.0,0.0,0.0,0.0,0.0,0.0,0.0,0.0,0.0,0.0,0.0,0.0,0.0,0.0,0.0,0.0,0.0,0.0,0.0,0.0,0.0,0.0,0.0,0.0
t410,0.0,0.0,0.0,0.0,0.0,0.0,0.0,0.0,0.0,0.0,0.0,0.0,0.0,0.0,0.0,0.0,0.0,0.0,0.0,0.0,0.0,0.0,0.0,0.0,0.0,0.0,0.0
t411,0.0,0.0,0.0,0.0,0.0,0.0,0.0,-186.36640959529382,0.0,0.0,0.0,0.0,0.0,0.0,0.0,0.0,0.0,0.0,0.0,0.0,0.0,0.0,0.0,0.0,0.0,0.0,-186.36640959529382
t412,0.0,0.0,0.0,0.0,0.0,0.0,0.0,0.0,0.0,0.0,0.0,0.0,0.0,0.0,0.0,0.0,0.0,0.0,0.0,0.0,0.0,0.0,0.0,0.0,0.0,0.0,0.0
t413,0.0,0.0,0.0,0.0,0.0,0.0,0.0,0.0,0.0,0.0,0.0,0.0,0.0,0.0,0.0,0.0,0.0,0.0,0.0,0.0,0.0,0.0,0.0,0.0,0.0,0.0,0.0
t414,0.0,0.0,0.0,0.0,0.0,0.0,0.0,0.0,0.0,0.0,-314.0,0.0,0.0,0.0,0.0,0.0,0.0,0.0,0.0,0.0,0.0,0.0,0.0,0.0,0.0,0.0,-314.0
t415,0.0,0.0,0.0,0.0,0.0,0.0,0.0,0.0,0.0,0.0,0.0,0.0,0.0,0.0,0.0,0.0,0.0,0.0,0.0,0.0,0.0,0.0,0.0,0.0,0.0,0.0,0.0
t416,0.0,0.0,0.0,0.0,0.0,0.0,0.0,0.0,0.0,0.0,0.0,0.0,0.0,0.0,0.0,0.0,0.0,0.0,0.0,0.0,0.0,0.0,0.0,0.0,0.0,0.0,0.0
t417,0.0,0.0,0.0,0.0,0.0,0.0,0.0,0.0,0.0,0.0,0.0,0.0,0.0,0.0,0.0,0.0,0.0,0.0,0.0,0.0,0.0,0.0,0.0,0.0,0.0,0.0,0.0
t418,0.0,0.0,0.0,0.0,0.0,0.0,0.0,0.0,0.0,0.0,0.0,0.0,0.0,0.0,0.0,0.0,0.0,0.0,0.0,0.0,0.0,0.0,0.0,0.0,0.0,0.0,0.0
t419,0.0,0.0,0.0,0.0,0.0,0.0,0.0,0.0,0.0,0.0,0.0,0.0,0.0,0.0,0.0,0.0,0.0,0.0,0.0,0.0,0.0,0.0,0.0,0.0,0.0,0.0,0.0
t420,0.0,0.0,0.0,0.0,0.0,0.0,0.0,0.0,0.0,0.0,0.0,0.0,0.0,0.0,0.0,0.0,0.0,0.0,0.0,0.0,0.0,0.0,0.0,0.0,0.0,0.0,0.0
t421,0.0,0.0,0.0,0.0,0.0,0.0,0.0,0.0,0.0,0.0,0.0,0.0,0.0,0.0,0.0,0.0,0.0,0.0,0.0,0.0,0.0,0.0,0.0,0.0,0.0,0.0,0.0
t422,0.0,0.0,0.0,0.0,0.0,0.0,0.0,0.0,0.0,0.0,0.0,0.0,0.0,0.0,0.0,0.0,0.0,0.0,0.0,0.0,0.0,0.0,0.0,0.0,0.0,0.0,0.0
t423,0.0,0.0,0.0,0.0,0.0,0.0,0.0,0.0,0.0,0.0,-74.32795855609967,0.0,0.0,0.0,0.0,0.0,0.0,0.0,0.0,0.0,0.0,0.0,0.0,0.0,0.0,0.0,-74.32795855609967
t424,0.0,0.0,0.0,0.0,0.0,0.0,0.0,0.0,0.0,0.0,314.0,0.0,0.0,0.0,0.0,0.0,0.0,0.0,0.0,0.0,0.0,0.0,0.0,0.0,0.0,0.0,314.0
t425,0.0,0.0,0.0,0.0,0.0,0.0,0.0,578.5,0.0,0.0,314.0,0.0,0.0,0.0,0.0,0.0,0.0,0.0,0.0,0.0,0.0,0.0,0.0,0.0,0.0,0.0,892.5
t426,0.0,0.0,0.0,0.0,0.0,0.0,0.0,-536.7585904045701,0.0,0.0,0.0,0.0,0.0,0.0,0.0,0.0,0.0,0.0,0.0,0.0,0.0,0.0,0.0,0.0,0.0,0.0,-536.7585904045701
t427,0.0,0.0,0.0,0.0,0.0,0.0,0.0,0.0,0.0,0.0,-82.67204144375268,0.0,0.0,0.0,0.0,0.0,0.0,0.0,0.0,0.0,0.0,0.0,0.0,0.0,0.0,0.0,-82.67204144375268
t428,0.0,0.0,0.0,0.0,0.0,0.0,0.0,0.0,0.0,0.0,0.0,0.0,0.0,0.0,0.0,0.0,0.0,0.0,0.0,0.0,0.0,0.0,0.0,0.0,0.0,0.0,0.0
t429,0.0,0.0,0.0,0.0,0.0,0.0,0.0,0.0,0.0,0.0,0.0,0.0,0.0,0.0,0.0,0.0,0.0,0.0,0.0,0.0,0.0,0.0,0.0,0.0,0.0,0.0,0.0
t430,0.0,0.0,0.0,0.0,0.0,0.0,0.0,0.0,0.0,0.0,0.0,0.0,0.0,0.0,0.0,0.0,0.0,0.0,0.0,0.0,0.0,0.0,0.0,0.0,0.0,0.0,0.0
t431,0.0,0.0,0.0,0.0,0.0,0.0,0.0,0.0,0.0,0.0,0.0,0.0,0.0,0.0,0.0,0.0,0.0,0.0,0.0,0.0,0.0,0.0,0.0,0.0,0.0,0.0,0.0
t432,0.0,0.0,0.0,0.0,0.0,0.0,0.0,0.0,0.0,0.0,-314.0,0.0,0.0,0.0,0.0,0.0,0.0,0.0,0.0,0.0,0.0,0.0,0.0,0.0,0.0,0.0,-314.0
t433,0.0,0.0,0.0,0.0,0.0,0.0,0.0,0.0,0.0,0.0,0.0,0.0,0.0,0.0,0.0,0.0,0.0,0.0,0.0,0.0,0.0,0.0,0.0,0.0,0.0,0.0,0.0
t434,0.0,0.0,0.0,0.0,0.0,0.0,0.0,0.0,0.0,0.0,0.0,0.0,0.0,0.0,0.0,0.0,0.0,0.0,0.0,0.0,0.0,0.0,0.0,0.0,0.0,0.0,0.0
t435,0.0,0.0,0.0,0.0,0.0,0.0,0.0,0.0,0.0,0.0,0.0,0.0,0.0,0.0,0.0,0.0,0.0,0.0,0.0,0.0,0.0,0.0,0.0,0.0,0.0,0.0,0.0
t436,0.0,0.0,0.0,0.0,0.0,0.0,0.0,0.0,0.0,0.0,0.0,0.0,0.0,0.0,0.0,0.0,0.0,0.0,0.0,0.0,0.0,0.0,0.0,0.0,0.0,0.0,0.0
t437,0.0,0.0,0.0,0.0,0.0,0.0,0.0,0.0,0.0,0.0,0.0,0.0,0.0,0.0,0.0,0.0,0.0,0.0,0.0,0.0,0.0,0.0,0.0,0.0,0.0,0.0,0.0
t438,0.0,0.0,0.0,0.0,0.0,0.0,0.0,0.0,0.0,0.0,0.0,0.0,0.0,0.0,0.0,0.0,0.0,0.0,0.0,0.0,0.0,0.0,0.0,0.0,0.0,0.0,0.0
t439,0.0,0.0,0.0,0.0,0.0,0.0,0.0,0.0,0.0,0.0,0.0,0.0,0.0,0.0,0.0,0.0,0.0,0.0,0.0,0.0,0.0,0.0,0.0,0.0,0.0,0.0,0.0
t440,0.0,0.0,0.0,0.0,0.0,0.0,0.0,0.0,0.0,0.0,0.0,0.0,0.0,0.0,0.0,0.0,0.0,0.0,0.0,0.0,0.0,0.0,0.0,0.0,0.0,0.0,0.0
t441,0.0,0.0,0.0,0.0,0.0,0.0,0.0,0.0,0.0,0.0,0.0,0.0,0.0,0.0,0.0,0.0,0.0,0.0,0.0,0.0,0.0,0.0,0.0,0.0,0.0,0.0,0.0
t442,0.0,0.0,0.0,0.0,0.0,0.0,0.0,0.0,0.0,0.0,0.0,0.0,0.0,0.0,0.0,0.0,0.0,0.0,0.0,0.0,0.0,0.0,0.0,0.0,0.0,0.0,0.0
t443,0.0,0.0,0.0,0.0,0.0,0.0,0.0,0.0,0.0,0.0,0.0,0.0,0.0,0.0,0.0,0.0,0.0,0.0,0.0,0.0,0.0,0.0,0.0,0.0,0.0,0.0,0.0
t444,0.0,0.0,0.0,0.0,0.0,0.0,0.0,0.0,0.0,0.0,0.0,0.0,0.0,0.0,0.0,0.0,0.0,0.0,0.0,0.0,0.0,0.0,0.0,0.0,0.0,0.0,0.0
t445,0.0,0.0,0.0,0.0,0.0,0.0,0.0,0.0,0.0,0.0,0.0,0.0,0.0,0.0,0.0,0.0,0.0,0.0,0.0,0.0,0.0,0.0,0.0,0.0,0.0,0.0,0.0
t446,0.0,0.0,0.0,0.0,0.0,0.0,0.0,0.0,0.0,0.0,0.0,0.0,0.0,0.0,0.0,0.0,0.0,0.0,0.0,0.0,0.0,0.0,0.0,0.0,0.0,0.0,0.0
t447,0.0,0.0,0.0,0.0,0.0,0.0,0.0,0.0,0.0,0.0,0.0,0.0,0.0,0.0,0.0,0.0,0.0,0.0,0.0,0.0,0.0,0.0,0.0,0.0,0.0,0.0,0.0
t448,0.0,0.0,0.0,0.0,0.0,0.0,0.0,0.0,0.0,0.0,0.0,0.0,0.0,0.0,0.0,0.0,0.0,0.0,0.0,0.0,0.0,0.0,0.0,0.0,0.0,0.0,0.0
t449,0.0,0.0,0.0,0.0,0.0,0.0,0.0,0.0,0.0,0.0,0.0,0.0,0.0,0.0,0.0,0.0,0.0,0.0,0.0,0.0,0.0,0.0,0.0,0.0,0.0,0.0,0.0
t450,0.0,0.0,0.0,0.0,0.0,0.0,0.0,0.0,0.0,0.0,0.0,0.0,0.0,0.0,0.0,0.0,0.0,0.0,0.0,0.0,0.0,0.0,0.0,0.0,0.0,0.0,0.0
t451,0.0,0.0,0.0,0.0,0.0,0.0,0.0,0.0,0.0,0.0,0.0,0.0,0.0,0.0,0.0,0.0,0.0,0.0,0.0,0.0,0.0,0.0,0.0,0.0,0.0,0.0,0.0
t452,0.0,0.0,0.0,0.0,0.0,0.0,0.0,0.0,0.0,0.0,0.0,0.0,0.0,0.0,0.0,0.0,0.0,0.0,0.0,0.0,0.0,0.0,0.0,0.0,0.0,0.0,0.0
t453,0.0,0.0,0.0,0.0,0.0,0.0,0.0,0.0,0.0,0.0,0.0,0.0,0.0,0.0,0.0,0.0,0.0,0.0,0.0,0.0,0.0,0.0,0.0,0.0,0.0,0.0,0.0
t454,0.0,0.0,0.0,0.0,0.0,0.0,0.0,0.0,0.0,0.0,0.0,0.0,0.0,0.0,0.0,0.0,0.0,0.0,0.0,0.0,0.0,0.0,0.0,0.0,0.0,0.0,0.0
t455,0.0,0.0,0.0,0.0,0.0,0.0,0.0,0.0,0.0,0.0,0.0,0.0,0.0,0.0,0.0,0.0,0.0,0.0,0.0,0.0,0.0,0.0,0.0,0.0,0.0,0.0,0.0
t456,0.0,0.0,0.0,0.0,0.0,0.0,0.0,0.0,0.0,0.0,0.0,0.0,0.0,0.0,0.0,0.0,0.0,0.0,0.0,0.0,0.0,0.0,0.0,0.0,0.0,0.0,0.0
t457,0.0,0.0,0.0,0.0,0.0,0.0,0.0,0.0,0.0,0.0,0.0,0.0,0.0,0.0,0.0,0.0,0.0,0.0,0.0,0.0,0.0,0.0,0.0,0.0,0.0,0.0,0.0
t458,0.0,0.0,0.0,0.0,0.0,0.0,0.0,0.0,0.0,0.0,0.0,0.0,0.0,0.0,0.0,0.0,0.0,0.0,0.0,0.0,0.0,0.0,0.0,0.0,0.0,0.0,0.0
t459,0.0,0.0,0.0,0.0,0.0,0.0,0.0,0.0,0.0,0.0,0.0,0.0,0.0,0.0,0.0,0.0,0.0,0.0,0.0,0.0,0.0,0.0,0.0,0.0,0.0,0.0,0.0
t460,0.0,0.0,0.0,0.0,0.0,0.0,0.0,0.0,0.0,0.0,0.0,0.0,0.0,0.0,0.0,0.0,0.0,0.0,0.0,0.0,0.0,0.0,0.0,0.0,0.0,0.0,0.0
t461,0.0,0.0,0.0,0.0,0.0,0.0,0.0,0.0,0.0,0.0,0.0,0.0,0.0,0.0,0.0,0.0,0.0,0.0,0.0,0.0,0.0,0.0,0.0,0.0,0.0,0.0,0.0
t462,0.0,0.0,0.0,0.0,0.0,0.0,0.0,0.0,0.0,0.0,0.0,0.0,0.0,0.0,0.0,0.0,0.0,0.0,0.0,0.0,0.0,0.0,0.0,0.0,0.0,0.0,0.0
t463,0.0,0.0,0.0,0.0,0.0,0.0,0.0,0.0,0.0,0.0,0.0,0.0,0.0,0.0,0.0,0.0,0.0,0.0,0.0,0.0,0.0,0.0,0.0,0.0,0.0,0.0,0.0
t464,0.0,0.0,0.0,0.0,0.0,0.0,0.0,0.0,0.0,0.0,0.0,0.0,0.0,0.0,0.0,0.0,0.0,0.0,0.0,0.0,0.0,0.0,0.0,0.0,0.0,0.0,0.0
t465,0.0,0.0,0.0,0.0,0.0,0.0,0.0,0.0,0.0,0.0,0.0,0.0,0.0,0.0,0.0,0.0,0.0,0.0,0.0,0.0,0.0,0.0,0.0,0.0,0.0,0.0,0.0
t466,0.0,0.0,0.0,0.0,0.0,0.0,0.0,0.0,0.0,0.0,0.0,0.0,0.0,0.0,0.0,0.0,0.0,0.0,0.0,0.0,0.0,0.0,0.0,0.0,0.0,0.0,0.0
t467,0.0,0.0,0.0,0.0,0.0,0.0,0.0,0.0,0.0,0.0,0.0,0.0,0.0,0.0,0.0,0.0,0.0,0.0,0.0,0.0,0.0,0.0,0.0,0.0,0.0,0.0,0.0
t468,0.0,0.0,0.0,0.0,0.0,0.0,0.0,0.0,0.0,0.0,0.0,0.0,0.0,0.0,0.0,0.0,0.0,0.0,0.0,0.0,0.0,0.0,0.0,0.0,0.0,0.0,0.0
t469,0.0,0.0,0.0,0.0,0.0,0.0,0.0,0.0,0.0,0.0,0.0,0.0,0.0,0.0,0.0,0.0,0.0,0.0,0.0,0.0,0.0,0.0,0.0,0.0,0.0,0.0,0.0
t470,0.0,0.0,0.0,0.0,0.0,0.0,0.0,0.0,0.0,0.0,0.0,0.0,0.0,0.0,0.0,0.0,0.0,0.0,0.0,0.0,0.0,0.0,0.0,0.0,0.0,0.0,0.0
t471,0.0,0.0,0.0,0.0,0.0,0.0,0.0,0.0,0.0,0.0,0.0,0.0,0.0,0.0,0.0,0.0,0.0,0.0,0.0,0.0,0.0,0.0,0.0,0.0,0.0,0.0,0.0
t472,0.0,0.0,0.0,0.0,0.0,0.0,0.0,0.0,0.0,0.0,0.0,0.0,0.0,0.0,0.0,0.0,0.0,0.0,0.0,0.0,0.0,0.0,0.0,0.0,0.0,0.0,0.0
t473,0.0,0.0,0.0,0.0,0.0,0.0,0.0,0.0,0.0,0.0,0.0,0.0,0.0,0.0,0.0,0.0,0.0,0.0,0.0,0.0,0.0,0.0,0.0,0.0,0.0,0.0,0.0
t474,0.0,0.0,0.0,0.0,0.0,0.0,0.0,0.0,0.0,0.0,0.0,0.0,0.0,0.0,0.0,0.0,0.0,0.0,0.0,0.0,0.0,0.0,0.0,0.0,0.0,0.0,0.0
t475,0.0,0.0,0.0,0.0,0.0,0.0,0.0,0.0,0.0,0.0,0.0,0.0,0.0,0.0,0.0,0.0,0.0,0.0,0.0,0.0,0.0,0.0,0.0,0.0,0.0,0.0,0.0
t476,0.0,0.0,0.0,0.0,0.0,0.0,0.0,0.0,0.0,0.0,0.0,0.0,0.0,0.0,0.0,0.0,0.0,0.0,0.0,0.0,0.0,0.0,0.0,0.0,0.0,0.0,0.0
t477,0.0,0.0,0.0,0.0,0.0,0.0,0.0,0.0,0.0,0.0,0.0,0.0,0.0,0.0,0.0,0.0,0.0,0.0,0.0,0.0,0.0,0.0,0.0,0.0,0.0,0.0,0.0
t478,0.0,0.0,0.0,0.0,0.0,0.0,0.0,0.0,0.0,0.0,0.0,0.0,0.0,0.0,0.0,0.0,0.0,0.0,0.0,0.0,0.0,0.0,0.0,0.0,0.0,0.0,0.0
t479,0.0,0.0,0.0,0.0,0.0,0.0,0.0,0.0,0.0,0.0,0.0,0.0,0.0,0.0,0.0,0.0,0.0,0.0,0.0,0.0,0.0,0.0,0.0,0.0,0.0,0.0,0.0
t480,0.0,0.0,0.0,0.0,0.0,0.0,0.0,0.0,0.0,0.0,0.0,0.0,0.0,0.0,0.0,0.0,0.0,0.0,0.0,0.0,0.0,0.0,0.0,0.0,0.0,0.0,0.0
t481,0.0,38.919999999897506,0.0,1348.1399999972925,0.0,384.20623916443674,0.0,0.0,0.0,0.0,0.0,0.0,0.0,0.0,0.0,0.0,0.0,0.0,0.0,0.0,0.0,0.0,0.0,0.0,0.0,0.0,1771.2662391616268
t482,0.0,0.0,0.0,0.0,0.0,0.0,0.0,0.0,0.0,0.0,314.0,0.0,0.0,0.0,0.0,0.0,0.0,0.0,0.0,0.0,0.0,0.0,0.0,0.0,0.0,0.0,314.0
t483,0.0,0.0,0.0,0.0,0.0,268.0717793239446,0.0,0.0,0.0,0.0,314.0,0.0,0.0,0.0,0.0,54.048964930922814,0.0,0.0,0.0,0.0,0.0,0.0,0.0,0.0,0.0,0.0,636.1207442548674
t484,0.0,97.3,0.0,0.0,0.0,0.0,0.0,126.86478751276547,0.0,0.0,314.0,0.0,0.0,0.0,0.0,0.0,0.0,0.0,0.0,0.0,0.0,0.0,0.0,0.0,0.0,0.0,538.1647875127655
t485,0.0,0.0,0.0,0.0,0.0,0.0,0.0,307.4741521109519,0.0,0.0,314.0,0.0,0.0,0.0,0.0,39.5716764979818,0.0,0.0,0.0,0.0,0.0,0.0,0.0,0.0,0.0,0.0,661.0458286089337
t486,0.0,0.0,0.0,0.0,0.0,0.0,0.0,0.0,0.0,0.0,314.0,0.0,0.0,0.0,0.0,0.0,0.0,0.0,0.0,0.0,0.0,0.0,0.0,0.0,0.0,0.0,314.0
t487,0.0,0.0,0.0,0.0,0.0,346.7219815096232,0.0,0.0,0.0,0.0,314.0,0.0,0.0,0.0,0.0,0.0,0.0,0.0,0.0,0.0,0.0,0.0,0.0,0.0,0.0,0.0,660.7219815096232
t488,0.0,-5.227003870001538,0.0,0.0,0.0,0.0,0.0,491.2610603755872,0.0,0.0,0.0,0.0,0.0,0.0,0.0,0.0,0.0,0.0,0.0,0.0,0.0,0.0,0.0,0.0,0.0,0.0,486.0340565055857
t489,0.0,0.0,0.0,0.0,0.0,0.0,0.0,-578.5,0.0,0.0,0.0,0.0,0.0,0.0,0.0,0.0,0.0,0.0,0.0,0.0,0.0,0.0,0.0,0.0,0.0,0.0,-578.5
t490,0.0,0.0,0.0,0.0,0.0,0.0,0.0,-578.5,0.0,0.0,-314.0,0.0,0.0,0.0,0.0,0.0,0.0,0.0,0.0,0.0,0.0,0.0,0.0,0.0,0.0,0.0,-892.5
t491,0.0,0.0,0.0,0.0,0.0,0.0,0.0,-578.5,0.0,0.0,-314.0,0.0,0.0,0.0,0.0,0.0,0.0,0.0,0.0,0.0,0.0,0.0,0.0,0.0,0.0,0.0,-892.5
t492,0.0,0.0,0.0,0.0,0.0,0.0,0.0,0.0,0.0,0.0,0.0,0.0,0.0,0.0,0.0,0.0,0.0,0.0,0.0,0.0,0.0,0.0,0.0,0.0,0.0,0.0,0.0
t493,0.0,0.0,0.0,0.0,0.0,0.0,0.0,-144.62499999877664,0.0,0.0,0.0,0.0,0.0,0.0,0.0,0.0,0.0,0.0,0.0,0.0,0.0,0.0,0.0,0.0,0.0,0.0,-144.62499999877664
t494,0.0,0.0,0.0,0.0,0.0,0.0,0.0,0.0,0.0,0.0,-78.499999999335,0.0,0.0,0.0,0.0,-93.6206414289046,0.0,0.0,0.0,0.0,0.0,0.0,0.0,0.0,0.0,0.0,-172.1206414282396
t495,0.0,0.0,0.0,0.0,0.0,0.0,0.0,0.0,0.0,0.0,-314.0,0.0,0.0,0.0,0.0,-16.521289599242937,0.0,0.0,0.0,0.0,0.0,0.0,0.0,0.0,0.0,0.0,-330.52128959924295
t496,0.0,-97.3,0.0,0.0,0.0,0.0,0.0,578.5,0.0,0.0,314.0,0.0,0.0,0.0,0.0,0.0,0.0,0.0,0.0,0.0,0.0,0.0,0.0,0.0,0.0,0.0,795.2
t497,0.0,0.0,0.0,0.0,0.0,0.0,0.0,0.0,0.0,0.0,-314.0,0.0,0.0,0.0,0.0,0.0,0.0,0.0,0.0,0.0,0.0,0.0,0.0,0.0,0.0,0.0,-314.0
t498,0.0,0.0,0.0,0.0,0.0,0.0,0.0,0.0,0.0,0.0,-314.0,0.0,0.0,0.0,0.0,0.0,0.0,0.0,0.0,0.0,0.0,0.0,0.0,0.0,0.0,0.0,-314.0
t499,0.0,0.0,0.0,0.0,0.0,0.0,0.0,0.0,0.0,0.0,-314.0,0.0,0.0,0.0,0.0,0.0,0.0,0.0,0.0,0.0,0.0,0.0,0.0,0.0,0.0,0.0,-314.0
t500,0.0,-67.74799612983828,0.0,0.0,0.0,0.0,0.0,0.0,0.0,0.0,0.0,0.0,0.0,0.0,0.0,0.0,0.0,0.0,0.0,0.0,0.0,0.0,0.0,0.0,0.0,0.0,-67.74799612983828
t501,0.0,0.0,0.0,0.0,0.0,0.0,0.0,0.0,0.0,0.0,-314.0,0.0,0.0,0.0,0.0,0.0,0.0,0.0,0.0,0.0,0.0,0.0,0.0,0.0,0.0,0.0,-314.0
t502,0.0,0.0,0.0,0.0,0.0,0.0,0.0,0.0,0.0,0.0,0.0,0.0,0.0,0.0,0.0,0.0,0.0,0.0,0.0,0.0,0.0,0.0,0.0,0.0,0.0,0.0,0.0
t503,0.0,0.0,0.0,0.0,0.0,-1248.7499999972708,0.0,0.0,0.0,0.0,-157.00000000014793,0.0,0.0,0.0,0.0,0.0,0.0,0.0,0.0,0.0,0.0,0.0,0.0,0.0,0.0,0.0,-1405.7499999974189
t504,0.0,0.0,0.0,-1685.1749999962985,0.0,0.0,0.0,0.0,0.0,0.0,-314.0,0.0,0.0,0.0,0.0,0.0,0.0,0.0,0.0,0.0,0.0,0.0,0.0,0.0,0.0,0.0,-1999.1749999962985
t505,0.0,0.0,0.0,0.0,0.0,0.0,0.0,0.0,0.0,0.0,0.0,0.0,0.0,0.0,0.0,0.0,0.0,0.0,0.0,0.0,0.0,0.0,0.0,0.0,0.0,0.0,0.0
t506,0.0,0.0,0.0,0.0,0.0,0.0,0.0,0.0,0.0,0.0,0.0,0.0,0.0,0.0,0.0,0.0,0.0,0.0,0.0,0.0,0.0,0.0,0.0,0.0,0.0,0.0,0.0
t507,0.0,0.0,0.0,0.0,0.0,0.0,0.0,0.0,0.0,0.0,0.0,0.0,0.0,0.0,0.0,0.0,0.0,0.0,0.0,0.0,0.0,0.0,0.0,0.0,0.0,0.0,0.0
t508,0.0,0.0,0.0,0.0,0.0,0.0,0.0,0.0,0.0,0.0,0.0,0.0,0.0,0.0,0.0,0.0,0.0,0.0,0.0,0.0,0.0,0.0,0.0,0.0,0.0,0.0,0.0
t509,0.0,0.0,0.0,0.0,0.0,0.0,0.0,0.0,0.0,0.0,0.0,0.0,0.0,0.0,0.0,0.0,0.0,0.0,0.0,0.0,0.0,0.0,0.0,0.0,0.0,0.0,0.0
t510,0.0,0.0,0.0,0.0,0.0,0.0,0.0,0.0,0.0,0.0,0.0,0.0,0.0,0.0,0.0,0.0,0.0,0.0,0.0,0.0,0.0,0.0,0.0,0.0,0.0,0.0,0.0
t511,0.0,0.0,0.0,0.0,0.0,0.0,0.0,0.0,0.0,0.0,0.0,0.0,0.0,0.0,0.0,0.0,0.0,0.0,0.0,0.0,0.0,0.0,0.0,0.0,0.0,0.0,0.0
t512,0.0,0.0,0.0,0.0,0.0,0.0,0.0,0.0,0.0,0.0,0.0,0.0,0.0,0.0,0.0,0.0,0.0,0.0,0.0,0.0,0.0,0.0,0.0,0.0,0.0,0.0,0.0
t513,0.0,0.0,0.0,0.0,0.0,0.0,0.0,0.0,0.0,0.0,0.0,0.0,0.0,0.0,0.0,0.0,0.0,0.0,0.0,0.0,0.0,0.0,0.0,0.0,0.0,0.0,0.0
t514,0.0,0.0,0.0,0.0,0.0,0.0,0.0,0.0,0.0,0.0,0.0,0.0,0.0,0.0,0.0,0.0,0.0,0.0,0.0,0.0,0.0,0.0,0.0,0.0,0.0,0.0,0.0
t515,0.0,0.0,0.0,0.0,0.0,0.0,0.0,0.0,0.0,0.0,0.0,0.0,0.0,0.0,0.0,0.0,0.0,0.0,0.0,0.0,0.0,0.0,0.0,0.0,0.0,0.0,0.0
t516,0.0,0.0,0.0,0.0,0.0,0.0,0.0,0.0,0.0,0.0,0.0,0.0,0.0,0.0,0.0,0.0,0.0,0.0,0.0,0.0,0.0,0.0,0.0,0.0,0.0,0.0,0.0
t517,0.0,0.0,0.0,0.0,0.0,0.0,0.0,0.0,0.0,0.0,0.0,0.0,0.0,0.0,0.0,0.0,0.0,0.0,0.0,0.0,0.0,0.0,0.0,0.0,0.0,0.0,0.0
t518,0.0,0.0,0.0,0.0,0.0,0.0,0.0,0.0,0.0,0.0,0.0,0.0,0.0,0.0,0.0,0.0,0.0,0.0,0.0,0.0,0.0,0.0,0.0,0.0,0.0,0.0,0.0
t519,0.0,0.0,0.0,0.0,0.0,0.0,0.0,0.0,0.0,0.0,0.0,0.0,0.0,0.0,0.0,0.0,0.0,0.0,0.0,0.0,0.0,0.0,0.0,0.0,0.0,0.0,0.0
t520,0.0,0.0,0.0,0.0,0.0,0.0,0.0,0.0,0.0,0.0,0.0,0.0,0.0,0.0,0.0,0.0,0.0,0.0,0.0,0.0,0.0,0.0,0.0,0.0,0.0,0.0,0.0
t521,0.0,0.0,0.0,0.0,0.0,0.0,0.0,0.0,0.0,0.0,0.0,0.0,0.0,0.0,0.0,0.0,0.0,0.0,0.0,0.0,0.0,0.0,0.0,0.0,0.0,0.0,0.0
t522,0.0,0.0,0.0,0.0,0.0,0.0,0.0,0.0,0.0,0.0,0.0,0.0,0.0,0.0,0.0,0.0,0.0,0.0,0.0,0.0,0.0,0.0,0.0,0.0,0.0,0.0,0.0
t523,0.0,0.0,0.0,0.0,0.0,0.0,0.0,0.0,0.0,0.0,0.0,0.0,0.0,0.0,0.0,0.0,0.0,0.0,0.0,0.0,0.0,0.0,0.0,0.0,0.0,0.0,0.0
t524,0.0,0.0,0.0,0.0,0.0,0.0,0.0,0.0,0.0,0.0,0.0,0.0,0.0,0.0,0.0,0.0,0.0,0.0,0.0,0.0,0.0,0.0,0.0,0.0,0.0,0.0,0.0
t525,0.0,0.0,0.0,0.0,0.0,0.0,0.0,0.0,0.0,0.0,0.0,0.0,0.0,0.0,0.0,0.0,0.0,0.0,0.0,0.0,0.0,0.0,0.0,0.0,0.0,0.0,0.0
t526,0.0,0.0,0.0,0.0,0.0,0.0,0.0,0.0,0.0,0.0,0.0,0.0,0.0,0.0,0.0,0.0,0.0,0.0,0.0,0.0,0.0,0.0,0.0,0.0,0.0,0.0,0.0
t527,0.0,0.0,0.0,0.0,0.0,0.0,0.0,0.0,0.0,0.0,0.0,0.0,0.0,0.0,0.0,0.0,0.0,0.0,0.0,0.0,0.0,0.0,0.0,0.0,0.0,0.0,0.0
t528,0.0,0.0,0.0,0.0,0.0,0.0,0.0,0.0,0.0,0.0,0.0,0.0,0.0,0.0,0.0,0.0,0.0,0.0,0.0,0.0,0.0,0.0,0.0,0.0,0.0,0.0,0.0
t529,0.0,58.37999999988286,0.0,0.0,0.0,0.0,0.0,0.0,0.0,0.0,314.0,0.0,0.0,0.0,0.0,0.0,0.0,0.0,0.0,0.0,0.0,0.0,0.0,0.0,0.0,0.0,372.37999999988284
t530,0.0,0.0,0.0,0.0,0.0,0.0,0.0,164.8739100458546,0.0,0.0,0.0,0.0,0.0,0.0,0.0,0.0,0.0,0.0,0.0,0.0,0.0,0.0,0.0,0.0,0.0,0.0,164.8739100458546
t531,0.0,0.0,0.0,0.0,0.0,0.0,0.0,535.2042368589082,0.0,0.0,263.8352393357167,0.0,0.0,0.0,0.0,0.0,0.0,0.0,0.0,0.0,0.0,0.0,0.0,0.0,0.0,0.0,799.039476194625
t532,0.0,97.3,0.0,0.0,0.0,0.0,0.0,0.0,0.0,0.0,314.0,0.0,0.0,0.0,0.0,0.0,0.0,0.0,0.0,0.0,0.0,0.0,0.0,0.0,0.0,0.0,411.3
t533,0.0,0.0,0.0,0.0,0.0,0.0,0.0,578.5,0.0,0.0,0.0,0.0,0.0,0.0,0.0,0.0,0.0,0.0,0.0,0.0,0.0,0.0,0.0,0.0,0.0,0.0,578.5
t534,0.0,0.0,0.0,0.0,0.0,0.0,0.0,0.0,0.0,0.0,314.0,0.0,0.0,0.0,0.0,0.0,0.0,0.0,0.0,0.0,0.0,0.0,0.0,0.0,0.0,0.0,314.0
t535,0.0,0.0,0.0,0.0,0.0,0.0,0.0,456.9218530948019,0.0,0.0,0.0,0.0,0.0,0.0,0.0,0.0,0.0,0.0,0.0,0.0,0.0,0.0,0.0,0.0,0.0,0.0,456.9218530948019
t536,0.0,0.0,0.0,0.0,0.0,0.0,0.0,-578.5,0.0,0.0,-314.0,0.0,0.0,0.0,0.0,0.0,0.0,0.0,0.0,0.0,0.0,0.0,0.0,0.0,0.0,0.0,-892.5
t537,0.0,0.0,0.0,0.0,0.0,0.0,0.0,0.0,0.0,0.0,0.0,0.0,0.0,0.0,0.0,0.0,0.0,0.0,0.0,0.0,0.0,0.0,0.0,0.0,0.0,0.0,0.0
t538,0.0,0.0,0.0,0.0,0.0,0.0,0.0,0.0,0.0,0.0,0.0,0.0,0.0,0.0,0.0,0.0,0.0,0.0,0.0,0.0,0.0,0.0,0.0,0.0,0.0,0.0,0.0
t539,0.0,0.0,0.0,0.0,0.0,0.0,0.0,0.0,0.0,0.0,0.0,0.0,0.0,0.0,0.0,0.0,0.0,0.0,0.0,0.0,0.0,0.0,0.0,0.0,0.0,0.0,0.0
t540,0.0,0.0,0.0,0.0,0.0,0.0,0.0,0.0,0.0,0.0,0.0,0.0,0.0,0.0,0.0,0.0,0.0,0.0,0.0,0.0,0.0,0.0,0.0,0.0,0.0,0.0,0.0
t541,0.0,0.0,0.0,0.0,0.0,0.0,0.0,0.0,0.0,0.0,0.0,0.0,0.0,0.0,0.0,0.0,0.0,0.0,0.0,0.0,0.0,0.0,0.0,0.0,0.0,0.0,0.0
t542,0.0,0.0,0.0,0.0,0.0,0.0,0.0,-578.5,0.0,0.0,-314.0,0.0,0.0,0.0,0.0,0.0,0.0,0.0,0.0,0.0,0.0,0.0,0.0,0.0,0.0,0.0,-892.5
t543,0.0,0.0,0.0,0.0,0.0,0.0,0.0,-578.5,0.0,0.0,-314.0,0.0,0.0,0.0,0.0,0.0,0.0,0.0,0.0,0.0,0.0,0.0,0.0,0.0,0.0,0.0,-892.5
t544,0.0,0.0,0.0,0.0,0.0,0.0,0.0,0.0,0.0,0.0,0.0,0.0,0.0,0.0,0.0,93.6206414289046,0.0,0.0,0.0,0.0,0.0,0.0,0.0,0.0,0.0,0.0,93.6206414289046
t545,0.0,0.0,0.0,0.0,0.0,0.0,0.0,578.5,0.0,0.0,314.0,0.0,0.0,0.0,0.0,93.6206414289046,0.0,0.0,0.0,0.0,0.0,0.0,0.0,0.0,0.0,0.0,986.1206414289046
t546,0.0,-97.3,0.0,0.0,0.0,0.0,0.0,309.97185255693984,0.0,0.0,0.0,0.0,0.0,0.0,0.0,93.6206414289046,0.0,0.0,0.0,0.0,0.0,0.0,0.0,0.0,0.0,0.0,306.29249398584443
t547,0.0,0.0,0.0,0.0,0.0,0.0,0.0,0.0,0.0,0.0,0.0,0.0,0.0,0.0,0.0,0.0,0.0,0.0,0.0,0.0,0.0,0.0,0.0,0.0,0.0,0.0,0.0
t548,0.0,1.8303227805059773e-10,0.0,0.0,0.0,0.0,0.0,0.0,0.0,0.0,0.0,0.0,0.0,0.0,0.0,0.0,0.0,0.0,0.0,0.0,0.0,0.0,0.0,0.0,0.0,0.0,1.8303227805059773e-10
t549,0.0,0.0,0.0,0.0,0.0,0.0,0.0,0.0,0.0,0.0,-15.79404916928824,0.0,0.0,0.0,0.0,-49.563868797728766,0.0,0.0,0.0,0.0,0.0,0.0,0.0,0.0,0.0,0.0,-65.357917967017
t550,0.0,0.0,0.0,0.0,0.0,0.0,0.0,-578.5,0.0,0.0,-314.0,0.0,0.0,0.0,0.0,-93.6206414289046,0.0,0.0,0.0,0.0,0.0,0.0,0.0,0.0,0.0,0.0,-986.1206414289046
t551,0.0,-97.3,0.0,0.0,0.0,0.0,0.0,-578.5,0.0,0.0,-314.0,0.0,0.0,0.0,0.0,-93.6206414289046,0.0,0.0,0.0,0.0,0.0,0.0,0.0,0.0,0.0,0.0,-1083.4206414289047
t552,0.0,0.0,0.0,0.0,0.0,0.0,0.0,-387.46481569501344,0.0,0.0,-314.0,0.0,0.0,0.0,0.0,-93.6206414289046,0.0,0.0,0.0,0.0,0.0,0.0,0.0,0.0,0.0,0.0,-795.085457123918
t553,0.0,0.0,0.0,0.0,0.0,0.0,0.0,0.0,0.0,0.0,0.0,0.0,0.0,0.0,0.0,0.0,0.0,0.0,0.0,0.0,0.0,0.0,0.0,0.0,0.0,0.0,0.0
t554,0.0,0.0,0.0,0.0,0.0,0.0,0.0,0.0,0.0,0.0,0.0,0.0,0.0,0.0,0.0,0.0,0.0,0.0,0.0,0.0,0.0,0.0,0.0,0.0,0.0,0.0,0.0
t555,0.0,0.0,0.0,0.0,0.0,0.0,0.0,0.0,0.0,0.0,0.0,0.0,0.0,0.0,0.0,0.0,0.0,0.0,0.0,0.0,0.0,0.0,0.0,0.0,0.0,0.0,0.0
t556,0.0,0.0,0.0,0.0,0.0,0.0,0.0,0.0,0.0,0.0,0.0,0.0,0.0,0.0,0.0,0.0,0.0,0.0,0.0,0.0,0.0,0.0,0.0,0.0,0.0,0.0,0.0
t557,0.0,0.0,0.0,0.0,0.0,0.0,0.0,0.0,0.0,0.0,0.0,0.0,0.0,0.0,0.0,0.0,0.0,0.0,0.0,0.0,0.0,0.0,0.0,0.0,0.0,0.0,0.0
t558,0.0,0.0,0.0,0.0,0.0,0.0,0.0,0.0,0.0,0.0,0.0,0.0,0.0,0.0,0.0,0.0,0.0,0.0,0.0,0.0,0.0,0.0,0.0,0.0,0.0,0.0,0.0
t559,0.0,0.0,0.0,0.0,0.0,0.0,0.0,0.0,0.0,0.0,0.0,0.0,0.0,0.0,0.0,0.0,0.0,0.0,0.0,0.0,0.0,0.0,0.0,0.0,0.0,0.0,0.0
t560,0.0,0.0,0.0,0.0,0.0,0.0,0.0,0.0,0.0,0.0,0.0,0.0,0.0,0.0,0.0,0.0,0.0,0.0,0.0,0.0,0.0,0.0,0.0,0.0,0.0,0.0,0.0
t561,0.0,0.0,0.0,0.0,0.0,0.0,0.0,0.0,0.0,0.0,0.0,0.0,0.0,0.0,0.0,0.0,0.0,0.0,0.0,0.0,0.0,0.0,0.0,0.0,0.0,0.0,0.0
t562,0.0,0.0,0.0,0.0,0.0,0.0,0.0,0.0,0.0,0.0,0.0,0.0,0.0,0.0,0.0,0.0,0.0,0.0,0.0,0.0,0.0,0.0,0.0,0.0,0.0,0.0,0.0
t563,0.0,0.0,0.0,0.0,0.0,0.0,0.0,0.0,0.0,0.0,0.0,0.0,0.0,0.0,0.0,0.0,0.0,0.0,0.0,0.0,0.0,0.0,0.0,0.0,0.0,0.0,0.0
t564,0.0,0.0,0.0,0.0,0.0,0.0,0.0,0.0,0.0,0.0,0.0,0.0,0.0,0.0,0.0,0.0,0.0,0.0,0.0,0.0,0.0,0.0,0.0,0.0,0.0,0.0,0.0
t565,0.0,0.0,0.0,0.0,0.0,0.0,0.0,0.0,0.0,0.0,0.0,0.0,0.0,0.0,0.0,0.0,0.0,0.0,0.0,0.0,0.0,0.0,0.0,0.0,0.0,0.0,0.0
t566,0.0,0.0,0.0,0.0,0.0,0.0,0.0,0.0,0.0,0.0,0.0,0.0,0.0,0.0,0.0,0.0,0.0,0.0,0.0,0.0,0.0,0.0,0.0,0.0,0.0,0.0,0.0
t567,0.0,0.0,0.0,0.0,0.0,0.0,0.0,0.0,0.0,0.0,0.0,0.0,0.0,0.0,0.0,0.0,0.0,0.0,0.0,0.0,0.0,0.0,0.0,0.0,0.0,0.0,0.0
t568,0.0,0.0,0.0,0.0,0.0,0.0,0.0,0.0,0.0,0.0,0.0,0.0,0.0,0.0,0.0,0.0,0.0,0.0,0.0,0.0,0.0,0.0,0.0,0.0,0.0,0.0,0.0
t569,0.0,0.0,0.0,0.0,0.0,0.0,0.0,0.0,0.0,0.0,0.0,0.0,0.0,0.0,0.0,0.0,0.0,0.0,0.0,0.0,0.0,0.0,0.0,0.0,0.0,0.0,0.0
t570,0.0,0.0,0.0,0.0,0.0,0.0,0.0,0.0,0.0,0.0,0.0,0.0,0.0,0.0,0.0,0.0,0.0,0.0,0.0,0.0,0.0,0.0,0.0,0.0,0.0,0.0,0.0
t571,0.0,0.0,0.0,0.0,0.0,0.0,0.0,0.0,0.0,0.0,0.0,0.0,0.0,0.0,0.0,0.0,0.0,0.0,0.0,0.0,0.0,0.0,0.0,0.0,0.0,0.0,0.0
t572,0.0,0.0,0.0,0.0,0.0,0.0,0.0,0.0,0.0,0.0,0.0,0.0,0.0,0.0,0.0,0.0,0.0,0.0,0.0,0.0,0.0,0.0,0.0,0.0,0.0,0.0,0.0
t573,0.0,0.0,0.0,0.0,0.0,0.0,0.0,0.0,0.0,0.0,0.0,0.0,0.0,0.0,0.0,0.0,0.0,0.0,0.0,0.0,0.0,0.0,0.0,0.0,0.0,0.0,0.0
t574,0.0,0.0,0.0,0.0,0.0,0.0,0.0,0.0,0.0,0.0,0.0,0.0,0.0,0.0,0.0,0.0,0.0,0.0,0.0,0.0,0.0,0.0,0.0,0.0,0.0,0.0,0.0
t575,0.0,0.0,0.0,0.0,0.0,0.0,0.0,0.0,0.0,0.0,0.0,0.0,0.0,0.0,0.0,0.0,0.0,0.0,0.0,0.0,0.0,0.0,0.0,0.0,0.0,0.0,0.0
t576,0.0,0.0,0.0,0.0,0.0,0.0,0.0,0.0,0.0,0.0,0.0,0.0,0.0,0.0,0.0,0.0,0.0,0.0,0.0,0.0,0.0,0.0,0.0,0.0,0.0,0.0,0.0
t577,0.0,0.0,0.0,0.0,0.0,0.0,0.0,0.0,0.0,0.0,0.0,0.0,0.0,0.0,0.0,0.0,0.0,0.0,0.0,0.0,0.0,0.0,0.0,0.0,0.0,0.0,0.0
t578,0.0,97.3,0.0,0.0,0.0,0.0,0.0,578.5,0.0,0.0,314.0,0.0,0.0,0.0,0.0,0.0,0.0,0.0,0.0,0.0,0.0,0.0,0.0,0.0,0.0,0.0,989.8
t579,0.0,0.0,0.0,0.0,0.0,0.0,0.0,578.5,0.0,0.0,314.0,0.0,0.0,0.0,0.0,93.6206414289046,0.0,0.0,0.0,0.0,0.0,0.0,0.0,0.0,0.0,0.0,986.1206414289046
t580,0.0,38.919999999897506,0.0,0.0,0.0,0.0,0.0,578.5,0.0,0.0,314.0,0.0,0.0,0.0,0.0,64.39394212428773,0.0,0.0,0.0,0.0,0.0,0.0,0.0,0.0,0.0,0.0,995.8139421241852
t581,0.0,97.3,0.0,0.0,0.0,0.0,0.0,578.5,0.0,0.0,314.0,0.0,0.0,0.0,0.0,93.6206414289046,0.0,0.0,0.0,0.0,0.0,0.0,0.0,0.0,0.0,0.0,1083.4206414289047
t582,0.0,97.3,0.0,0.0,0.0,0.0,0.0,578.5,0.0,0.0,314.0,0.0,0.0,0.0,0.0,93.6206414289046,0.0,0.0,0.0,0.0,0.0,0.0,0.0,0.0,0.0,0.0,1083.4206414289047
t583,0.0,-97.3,0.0,0.0,0.0,0.0,0.0,78.6540699732819,0.0,0.0,0.0,0.0,0.0,0.0,0.0,0.0,0.0,0.0,0.0,0.0,0.0,0.0,0.0,0.0,0.0,0.0,-18.64593002671809
t584,0.0,0.0,0.0,0.0,0.0,0.0,0.0,-280.6441745154752,0.0,0.0,-314.0,0.0,0.0,0.0,0.0,-93.6206414289046,0.0,0.0,0.0,0.0,0.0,0.0,0.0,0.0,0.0,0.0,-688.2648159443798
t585,0.0,0.0,0.0,0.0,0.0,0.0,0.0,-578.5,0.0,0.0,-235.50000000007395,0.0,0.0,0.0,0.0,-93.6206414289046,0.0,0.0,0.0,0.0,0.0,0.0,0.0,0.0,0.0,0.0,-907.6206414289785
t586,0.0,0.0,0.0,0.0,0.0,0.0,0.0,-578.5,0.0,0.0,0.0,0.0,0.0,0.0,0.0,-93.6206414289046,0.0,0.0,0.0,0.0,0.0,0.0,0.0,0.0,0.0,0.0,-672.1206414289046
t587,0.0,0.0,0.0,0.0,0.0,0.0,0.0,-578.5,0.0,0.0,-314.0,0.0,0.0,0.0,0.0,0.0,0.0,0.0,0.0,0.0,0.0,0.0,0.0,0.0,0.0,0.0,-892.5
t588,0.0,0.0,0.0,0.0,0.0,0.0,0.0,-578.5,0.0,0.0,-314.0,0.0,0.0,0.0,0.0,-93.6206414289046,0.0,0.0,0.0,0.0,0.0,0.0,0.0,0.0,0.0,0.0,-986.1206414289046
t589,0.0,0.0,0.0,0.0,0.0,0.0,0.0,-578.5,0.0,0.0,-314.0,0.0,0.0,0.0,0.0,0.0,0.0,0.0,0.0,0.0,0.0,0.0,0.0,0.0,0.0,0.0,-892.5
t590,0.0,0.0,0.0,0.0,0.0,0.0,0.0,-578.5,0.0,0.0,-314.0,0.0,0.0,0.0,0.0,-31.700806294085442,0.0,0.0,0.0,0.0,0.0,0.0,0.0,0.0,0.0,0.0,-924.2008062940854
t591,0.0,0.0,0.0,0.0,0.0,0.0,0.0,0.0,0.0,0.0,0.0,0.0,0.0,0.0,0.0,0.0,0.0,0.0,0.0,0.0,0.0,0.0,0.0,0.0,0.0,0.0,0.0
t592,0.0,0.0,0.0,0.0,0.0,0.0,0.0,578.5,0.0,0.0,314.0,0.0,0.0,0.0,0.0,93.6206414289046,0.0,0.0,0.0,0.0,0.0,0.0,0.0,0.0,0.0,0.0,986.1206414289046
t593,0.0,0.0,0.0,0.0,0.0,0.0,0.0,221.18821090483323,0.0,0.0,314.0,0.0,0.0,0.0,0.0,12.902589198193214,0.0,0.0,0.0,0.0,0.0,0.0,0.0,0.0,0.0,0.0,548.0908001030265
t594,0.0,0.0,0.0,0.0,0.0,0.0,0.0,0.0,0.0,0.0,309.8844368882279,0.0,0.0,0.0,0.0,0.0,0.0,0.0,0.0,0.0,0.0,0.0,0.0,0.0,0.0,0.0,309.8844368882279
t595,0.0,-97.3,0.0,0.0,0.0,0.0,0.0,0.0,0.0,0.0,0.0,0.0,0.0,0.0,0.0,0.0,0.0,0.0,0.0,0.0,0.0,0.0,0.0,0.0,0.0,0.0,-97.3
t596,0.0,0.0,0.0,0.0,0.0,0.0,0.0,-138.27481847570684,0.0,0.0,-314.0,0.0,0.0,0.0,0.0,-31.700806294085396,0.0,0.0,0.0,0.0,0.0,0.0,0.0,0.0,0.0,0.0,-483.97562476979226
t597,0.0,-97.3,0.0,0.0,0.0,0.0,0.0,-550.8379530318446,0.0,0.0,-73.35554610962093,0.0,0.0,0.0,0.0,-93.6206414289046,0.0,0.0,0.0,0.0,0.0,0.0,0.0,0.0,0.0,0.0,-815.1141405703701
t598,0.0,0.0,0.0,0.0,0.0,0.0,0.0,-19.17258458665708,0.0,0.0,-314.0,0.0,0.0,0.0,0.0,0.0,0.0,0.0,0.0,0.0,0.0,0.0,0.0,0.0,0.0,0.0,-333.1725845866571
t599,0.0,-24.324999999794088,0.0,0.0,0.0,0.0,0.0,-43.28293551355932,0.0,0.0,-314.0,0.0,0.0,0.0,0.0,0.0,0.0,0.0,0.0,0.0,0.0,0.0,0.0,0.0,0.0,0.0,-381.6079355133534
t600,0.0,-97.3,0.0,0.0,0.0,0.0,0.0,-210.34038497351355,0.0,0.0,-314.0,0.0,0.0,0.0,0.0,0.0,0.0,0.0,0.0,0.0,0.0,0.0,0.0,0.0,0.0,0.0,-621.6403849735136
