Voll,Demand_Segment,Cost_of_Demand_Curtailment_per_MW,Max_Demand_Curtailment,$/MWh,Rep_Periods,Timesteps_per_Rep_Period,Sub_Weights,Time_Index,Demand_MW_z1,Demand_MW_z2,Demand_MW_z3,Demand_MW_z4,Demand_MW_z5,Demand_MW_z6,Demand_MW_z7
2000.0,1.0,1.0,1.0,2000.0,25.0,24.0,3.428571428571429,1,18942.0,19317.0,33531.0,17508.0,5261.0,32299.0,15065.0
,2.0,0.9,0.04,1800.0,,,3.428571428571429,2,19116.0,20328.0,32159.0,18017.0,5284.0,34845.0,14879.0
,3.0,0.55,0.024,1100.0,,,3.428571428571429,3,18618.0,20630.0,30622.0,18153.0,5283.0,35727.0,14350.0
,4.0,0.2,0.003,400.0,,,3.428571428571429,4,18450.0,21164.0,32516.0,18209.0,5317.0,35114.0,14293.0
,,,,,,,2053.714285714286,5,18522.0,22118.0,33077.0,18240.0,5343.0,34773.0,14189.0
,,,,,,,1536.0,6,18672.0,22990.0,32183.0,17999.0,5293.0,34568.0,13994.0
,,,,,,,3.428571428571429,7,18830.0,23354.0,30008.0,17433.0,5196.0,34093.0,13972.0
,,,,,,,1114.2857142857142,8,18888.0,23129.0,30184.0,17093.0,5136.0,33368.0,13883.0
,,,,,,,3.428571428571429,9,18761.0,23177.0,30926.0,16975.0,5098.0,32685.0,13864.0
,,,,,,,3.428571428571429,10,18712.0,22948.0,31321.0,17032.0,5143.0,32272.0,13945.0
,,,,,,,3.428571428571429,11,18837.0,22954.0,31644.0,17270.0,5195.0,32102.0,14199.0
,,,,,,,3.428571428571429,12,19150.0,22849.0,33368.0,17621.0,5264.0,32329.0,14528.0
,,,,,,,3.428571428571429,13,19848.0,23213.0,35748.0,18303.0,5353.0,33435.0,14919.0
,,,,,,,3.428571428571429,14,20338.0,24694.0,38355.0,18340.0,5298.0,35026.0,15429.0
,,,,,,,3.428571428571429,15,19975.0,24775.0,39765.0,18083.0,5120.0,34913.0,15397.0
,,,,,,,3.428571428571429,16,19240.0,24013.0,40221.0,17581.0,4896.0,33969.0,15238.0
,,,,,,,3.428571428571429,17,18312.0,22776.0,40668.0,17127.0,4704.0,32508.0,14985.0
,,,,,,,3.428571428571429,18,17261.0,21441.0,40732.0,16524.0,4540.0,30825.0,14701.0
,,,,,,,3.428571428571429,19,16587.0,20159.0,41209.0,16512.0,4503.0,29179.0,14425.0
,,,,,,,3.428571428571429,20,16429.0,19670.0,41551.0,16733.0,4617.0,28556.0,14261.0
,,,,,,,3.428571428571429,21,16547.0,19949.0,41880.0,16616.0,4618.0,28868.0,14226.0
,,,,,,,3.428571428571429,22,16353.0,19429.0,42001.0,15917.0,4650.0,28591.0,14090.0
,,,,,,,702.8571428571428,23,16137.0,18211.0,41386.0,16088.0,4807.0,27822.0,13784.0
,,,,,,,3284.5714285714284,24,16933.0,18375.0,40737.0,16543.0,4908.0,28686.0,13760.0
,,,,,,,3.428571428571429,25,17653.0,18905.0,34121.0,16810.0,4819.0,31127.0,13665.0
,,,,,,,,26,17690.0,20041.0,32549.0,16981.0,4809.0,33409.0,13720.0
,,,,,,,,27,17749.0,20347.0,30999.0,17176.0,4896.0,34169.0,13333.0
,,,,,,,,28,18364.0,20801.0,30287.0,17394.0,5025.0,34171.0,13558.0
,,,,,,,,29,19178.0,21916.0,30962.0,17496.0,5160.0,34374.0,13741.0
,,,,,,,,30,20084.0,22804.0,30538.0,17503.0,5227.0,34570.0,13740.0
,,,,,,,,31,20839.0,23215.0,29107.0,17130.0,5226.0,34530.0,13914.0
,,,,,,,,32,21402.0,23069.0,29512.0,17007.0,5238.0,34140.0,14042.0
,,,,,,,,33,21794.0,22932.0,30744.0,17043.0,5261.0,33770.0,14205.0
,,,,,,,,34,22013.0,22694.0,32415.0,17181.0,5330.0,33468.0,14445.0
,,,,,,,,35,22070.0,22767.0,32967.0,17429.0,5338.0,33583.0,14756.0
,,,,,,,,36,22173.0,23216.0,33370.0,18122.0,5289.0,34608.0,14945.0
,,,,,,,,37,22553.0,24328.0,34788.0,18442.0,5290.0,35908.0,15218.0
,,,,,,,,38,22170.0,24831.0,35711.0,18303.0,5299.0,36253.0,14994.0
,,,,,,,,39,21315.0,24634.0,35574.0,17876.0,5092.0,35747.0,14768.0
,,,,,,,,40,20431.0,23888.0,34871.0,17328.0,4864.0,34756.0,14313.0
,,,,,,,,41,19227.0,22741.0,34571.0,16694.0,4637.0,33409.0,13893.0
,,,,,,,,42,18036.0,21382.0,33910.0,16025.0,4496.0,31722.0,13571.0
,,,,,,,,43,17371.0,20134.0,33663.0,16347.0,4572.0,30212.0,13277.0
,,,,,,,,44,17303.0,20135.0,33892.0,16812.0,4693.0,29952.0,13219.0
,,,,,,,,45,17344.0,20529.0,34703.0,16716.0,4646.0,30236.0,13286.0
,,,,,,,,46,16862.0,19827.0,36524.0,15755.0,4511.0,29628.0,13241.0
,,,,,,,,47,16368.0,18133.0,36178.0,16025.0,4632.0,28646.0,12973.0
,,,,,,,,48,16923.0,18257.0,35315.0,16394.0,4709.0,29316.0,12895.0
,,,,,,,,49,20006.0,20522.0,35399.0,19529.0,5261.0,35239.0,15732.0
,,,,,,,,50,20032.0,21513.0,33912.0,19861.0,5319.0,37814.0,15575.0
,,,,,,,,51,19762.0,21965.0,32351.0,20251.0,5412.0,38676.0,14966.0
,,,,,,,,52,19718.0,22346.0,31750.0,20503.0,5562.0,38647.0,14976.0
,,,,,,,,53,19890.0,23243.0,32156.0,20680.0,5654.0,38491.0,14893.0
,,,,,,,,54,19823.0,23979.0,31506.0,20296.0,5736.0,38235.0,14675.0
,,,,,,,,55,19738.0,24243.0,29679.0,19778.0,5719.0,37614.0,14480.0
,,,,,,,,56,19508.0,23804.0,29861.0,19262.0,5656.0,36765.0,14357.0
,,,,,,,,57,19218.0,23582.0,30548.0,18865.0,5609.0,35757.0,14393.0
,,,,,,,,58,19066.0,23070.0,31097.0,18860.0,5625.0,35042.0,14531.0
,,,,,,,,59,19132.0,22938.0,31194.0,18947.0,5585.0,34757.0,14854.0
,,,,,,,,60,19560.0,23229.0,32228.0,19388.0,5635.0,35295.0,15438.0
,,,,,,,,61,20575.0,24152.0,33713.0,20151.0,5894.0,36716.0,16073.0
,,,,,,,,62,20939.0,25308.0,35180.0,20150.0,5830.0,37970.0,16581.0
,,,,,,,,63,20677.0,25331.0,35960.0,19999.0,5660.0,37684.0,16738.0
,,,,,,,,64,20159.0,24629.0,35837.0,19418.0,5464.0,36967.0,16675.0
,,,,,,,,65,19343.0,23538.0,35959.0,18697.0,5259.0,35631.0,16471.0
,,,,,,,,66,18490.0,22311.0,35751.0,18064.0,5099.0,33869.0,16220.0
,,,,,,,,67,18093.0,21133.0,35973.0,18328.0,5183.0,32278.0,16021.0
,,,,,,,,68,18036.0,21202.0,36105.0,18773.0,5330.0,32148.0,15982.0
,,,,,,,,69,18359.0,21528.0,36388.0,18787.0,5295.0,32527.0,15933.0
,,,,,,,,70,18214.0,20963.0,36722.0,18076.0,5161.0,32245.0,15590.0
,,,,,,,,71,17909.0,19447.0,36428.0,18274.0,5352.0,31368.0,15149.0
,,,,,,,,72,18797.0,19808.0,36458.0,18784.0,5476.0,32408.0,15078.0
,,,,,,,,73,15964.0,16789.0,37974.0,14763.0,4411.0,28040.0,13412.0
,,,,,,,,74,16216.0,17031.0,36676.0,15122.0,4481.0,29145.0,13372.0
,,,,,,,,75,16744.0,17528.0,35079.0,15545.0,4571.0,30224.0,13581.0
,,,,,,,,76,17283.0,18553.0,32161.0,15808.0,4652.0,31084.0,14021.0
,,,,,,,,77,17858.0,19636.0,32377.0,15806.0,4720.0,31486.0,14280.0
,,,,,,,,78,18417.0,20254.0,31575.0,15544.0,4757.0,31377.0,14173.0
,,,,,,,,79,18806.0,20426.0,30491.0,15291.0,4751.0,30815.0,14389.0
,,,,,,,,80,19288.0,20522.0,30892.0,15156.0,4753.0,30280.0,14721.0
,,,,,,,,81,19716.0,20644.0,31396.0,15129.0,4751.0,29778.0,15197.0
,,,,,,,,82,20095.0,20825.0,31845.0,15211.0,4782.0,29484.0,15838.0
,,,,,,,,83,20383.0,21008.0,32883.0,15420.0,4822.0,29629.0,16142.0
,,,,,,,,84,20490.0,21034.0,34166.0,15860.0,4863.0,30237.0,16285.0
,,,,,,,,85,20536.0,21612.0,35455.0,16210.0,4834.0,31290.0,16347.0
,,,,,,,,86,20110.0,21857.0,35823.0,16019.0,4715.0,31636.0,16420.0
,,,,,,,,87,19622.0,21393.0,34838.0,15680.0,4566.0,31153.0,16081.0
,,,,,,,,88,18923.0,20631.0,33627.0,15104.0,4408.0,30389.0,15751.0
,,,,,,,,89,18084.0,19660.0,32357.0,14631.0,4247.0,29296.0,15292.0
,,,,,,,,90,17278.0,18680.0,31383.0,14192.0,4138.0,28276.0,15008.0
,,,,,,,,91,16657.0,17876.0,30692.0,14031.0,4085.0,27587.0,14675.0
,,,,,,,,92,16328.0,17387.0,30809.0,14261.0,4140.0,27343.0,14432.0
,,,,,,,,93,16211.0,17588.0,32400.0,14200.0,4089.0,27560.0,14522.0
,,,,,,,,94,15965.0,17195.0,33891.0,13677.0,3959.0,27418.0,14470.0
,,,,,,,,95,15448.0,16193.0,33644.0,13780.0,4001.0,26955.0,14147.0
,,,,,,,,96,15491.0,16514.0,33095.0,13989.0,4078.0,27571.0,13821.0
,,,,,,,,97,19569.0,20169.0,32964.0,19509.0,5593.0,36315.0,15199.0
,,,,,,,,98,19791.0,21677.0,31515.0,20274.0,5542.0,39169.0,15131.0
,,,,,,,,99,19488.0,22048.0,30259.0,20411.0,5557.0,40295.0,14892.0
,,,,,,,,100,19377.0,22306.0,32131.0,20566.0,5593.0,40150.0,14914.0
,,,,,,,,101,19507.0,23301.0,32840.0,20506.0,5576.0,39952.0,14851.0
,,,,,,,,102,19488.0,23923.0,32009.0,20093.0,5499.0,39530.0,14582.0
,,,,,,,,103,19464.0,23869.0,29728.0,19439.0,5359.0,38607.0,14522.0
,,,,,,,,104,19351.0,23247.0,29925.0,19100.0,5254.0,37534.0,14447.0
,,,,,,,,105,19239.0,23075.0,30435.0,18809.0,5184.0,36438.0,14593.0
,,,,,,,,106,19239.0,22745.0,30918.0,18746.0,5194.0,35585.0,14710.0
,,,,,,,,107,19398.0,22575.0,31404.0,18868.0,5300.0,35211.0,14872.0
,,,,,,,,108,19884.0,22677.0,32612.0,19323.0,5404.0,35763.0,15256.0
,,,,,,,,109,20699.0,23498.0,34755.0,19871.0,5554.0,37842.0,16002.0
,,,,,,,,110,20880.0,24653.0,37052.0,19925.0,5521.0,38909.0,16394.0
,,,,,,,,111,20510.0,24527.0,38277.0,19828.0,5401.0,38712.0,16479.0
,,,,,,,,112,19959.0,23785.0,38577.0,19450.0,5250.0,38035.0,16467.0
,,,,,,,,113,18993.0,22747.0,39020.0,18786.0,5076.0,36730.0,16228.0
,,,,,,,,114,18107.0,21325.0,39294.0,17980.0,4953.0,34977.0,16052.0
,,,,,,,,115,17493.0,20244.0,39636.0,17831.0,4996.0,33399.0,15847.0
,,,,,,,,116,17285.0,19854.0,40072.0,18199.0,5121.0,32694.0,15746.0
,,,,,,,,117,17551.0,20225.0,40271.0,18343.0,5129.0,32977.0,15798.0
,,,,,,,,118,17278.0,19866.0,40296.0,17976.0,5084.0,32942.0,15515.0
,,,,,,,,119,17216.0,18781.0,39768.0,18235.0,5312.0,32294.0,15159.0
,,,,,,,,120,17749.0,19247.0,39413.0,18745.0,5454.0,33386.0,15037.0
,,,,,,,,121,17658.0,19093.0,36572.0,15797.0,4841.0,34096.0,13454.0
,,,,,,,,122,18049.0,19896.0,34932.0,16023.0,4913.0,35620.0,13208.0
,,,,,,,,123,18394.0,20079.0,33146.0,16144.0,5084.0,35317.0,12769.0
,,,,,,,,124,19268.0,20950.0,32451.0,16807.0,5328.0,34842.0,13041.0
,,,,,,,,125,20322.0,22217.0,32748.0,17389.0,5568.0,35029.0,13324.0
,,,,,,,,126,21312.0,23488.0,32263.0,17653.0,5710.0,34975.0,13415.0
,,,,,,,,127,22028.0,23918.0,30507.0,17627.0,5766.0,34606.0,13559.0
,,,,,,,,128,22314.0,23775.0,30643.0,17609.0,5780.0,34040.0,13719.0
,,,,,,,,129,22488.0,23768.0,31159.0,17502.0,5756.0,33440.0,13867.0
,,,,,,,,130,22471.0,23491.0,31495.0,17332.0,5712.0,32914.0,14093.0
,,,,,,,,131,22571.0,23398.0,31127.0,17306.0,5676.0,32637.0,14348.0
,,,,,,,,132,22500.0,23418.0,32208.0,17474.0,5660.0,32744.0,14496.0
,,,,,,,,133,22288.0,23413.0,34053.0,17533.0,5617.0,32843.0,14672.0
,,,,,,,,134,22441.0,23776.0,35663.0,17554.0,5563.0,33049.0,14649.0
,,,,,,,,135,22052.0,24281.0,36685.0,17588.0,5355.0,33662.0,14854.0
,,,,,,,,136,21446.0,24495.0,37035.0,17078.0,5089.0,33361.0,14992.0
,,,,,,,,137,20275.0,23548.0,37322.0,16420.0,4856.0,32107.0,14819.0
,,,,,,,,138,19169.0,22502.0,37476.0,15790.0,4610.0,30452.0,14605.0
,,,,,,,,139,17832.0,21092.0,37780.0,14505.0,4290.0,29052.0,14275.0
,,,,,,,,140,16849.0,18492.0,37575.0,14808.0,4329.0,27293.0,13762.0
,,,,,,,,141,16649.0,18480.0,37709.0,14679.0,4266.0,27440.0,13652.0
,,,,,,,,142,16177.0,17942.0,37734.0,14212.0,4120.0,27267.0,13476.0
,,,,,,,,143,15701.0,17063.0,37315.0,14362.0,4165.0,27024.0,13100.0
,,,,,,,,144,15696.0,17163.0,37298.0,14675.0,4237.0,27722.0,12758.0
,,,,,,,,145,22090.0,20741.0,30737.0,15881.0,5420.0,30924.0,17183.0
,,,,,,,,146,23125.0,21065.0,29714.0,15852.0,5549.0,32388.0,16782.0
,,,,,,,,147,24394.0,21402.0,28856.0,16384.0,5865.0,33404.0,16858.0
,,,,,,,,148,26311.0,22886.0,28431.0,17324.0,6263.0,34946.0,17523.0
,,,,,,,,149,28399.0,24960.0,28847.0,18311.0,6581.0,36994.0,18234.0
,,,,,,,,150,30271.0,26838.0,28738.0,18978.0,6778.0,38710.0,18721.0
,,,,,,,,151,31667.0,28026.0,27573.0,19337.0,6883.0,39826.0,19301.0
,,,,,,,,152,32670.0,28678.0,27824.0,19493.0,6933.0,40503.0,19870.0
,,,,,,,,153,33231.0,29450.0,28292.0,19715.0,6952.0,40983.0,20599.0
,,,,,,,,154,33764.0,29920.0,28626.0,19978.0,6920.0,41210.0,21265.0
,,,,,,,,155,33926.0,30429.0,29289.0,19955.0,6829.0,41473.0,21922.0
,,,,,,,,156,33762.0,30730.0,30800.0,19892.0,6769.0,41551.0,22079.0
,,,,,,,,157,33335.0,30544.0,31924.0,19716.0,6668.0,41500.0,22185.0
,,,,,,,,158,32520.0,30228.0,32311.0,19551.0,6539.0,41378.0,22022.0
,,,,,,,,159,31537.0,29486.0,32113.0,19241.0,6274.0,40796.0,21553.0
,,,,,,,,160,30121.0,28879.0,31674.0,18683.0,5901.0,40163.0,21040.0
,,,,,,,,161,28213.0,27655.0,31286.0,17697.0,5610.0,38402.0,20466.0
,,,,,,,,162,26351.0,25826.0,30978.0,16835.0,5385.0,36077.0,19750.0
,,,,,,,,163,24791.0,23899.0,30617.0,15957.0,5206.0,33585.0,19101.0
,,,,,,,,164,23709.0,22278.0,31078.0,16177.0,5286.0,32298.0,18867.0
,,,,,,,,165,23163.0,22108.0,32935.0,15777.0,5230.0,31889.0,18944.0
,,,,,,,,166,22400.0,21245.0,33103.0,14905.0,5042.0,31204.0,18685.0
,,,,,,,,167,21687.0,19637.0,32533.0,14981.0,5136.0,30105.0,18298.0
,,,,,,,,168,21689.0,19722.0,31690.0,15358.0,5250.0,30709.0,18007.0
,,,,,,,,169,17631.0,18887.0,30745.0,16585.0,4772.0,30913.0,13985.0
,,,,,,,,170,17605.0,20046.0,29804.0,17033.0,4794.0,33209.0,13917.0
,,,,,,,,171,17801.0,20316.0,29093.0,16898.0,4884.0,33976.0,13645.0
,,,,,,,,172,18362.0,20841.0,31301.0,17141.0,5035.0,33754.0,13917.0
,,,,,,,,173,19100.0,21959.0,32236.0,17372.0,5173.0,34100.0,14027.0
,,,,,,,,174,19936.0,22883.0,31623.0,17298.0,5243.0,34421.0,14146.0
,,,,,,,,175,20594.0,23289.0,29633.0,17088.0,5227.0,34380.0,14429.0
,,,,,,,,176,21050.0,23032.0,29903.0,16986.0,5227.0,34178.0,14595.0
,,,,,,,,177,21448.0,22908.0,30546.0,16944.0,5212.0,33933.0,14852.0
,,,,,,,,178,21575.0,22621.0,31380.0,17135.0,5253.0,33517.0,15162.0
,,,,,,,,179,21753.0,22621.0,31737.0,17376.0,5314.0,33619.0,15337.0
,,,,,,,,180,21887.0,22956.0,33113.0,18086.0,5379.0,34631.0,15574.0
,,,,,,,,181,22255.0,24240.0,35374.0,18390.0,5398.0,35798.0,15862.0
,,,,,,,,182,21919.0,24721.0,37033.0,18152.0,5316.0,35914.0,15739.0
,,,,,,,,183,21240.0,24560.0,37699.0,17702.0,5135.0,35368.0,15309.0
,,,,,,,,184,20361.0,23617.0,36877.0,17102.0,4926.0,34295.0,14841.0
,,,,,,,,185,19260.0,22482.0,36277.0,16432.0,4670.0,32737.0,14417.0
,,,,,,,,186,18194.0,21288.0,35453.0,15704.0,4536.0,31018.0,14022.0
,,,,,,,,187,17461.0,20306.0,35027.0,15649.0,4587.0,29630.0,13651.0
,,,,,,,,188,17365.0,20306.0,35330.0,16134.0,4692.0,29324.0,13858.0
,,,,,,,,189,17467.0,20719.0,36586.0,15964.0,4629.0,29687.0,13569.0
,,,,,,,,190,16859.0,20081.0,38462.0,15010.0,4457.0,29294.0,13578.0
,,,,,,,,191,16390.0,18551.0,38196.0,15120.0,4602.0,28058.0,13255.0
,,,,,,,,192,16869.0,18606.0,37174.0,15383.0,4701.0,28703.0,13188.0
,,,,,,,,193,18903.0,20469.0,36040.0,19300.0,5457.0,31319.0,14572.0
,,,,,,,,194,18906.0,21693.0,34882.0,19814.0,5434.0,33920.0,14573.0
,,,,,,,,195,18694.0,21982.0,33108.0,19858.0,5474.0,34892.0,14396.0
,,,,,,,,196,18691.0,22318.0,29921.0,20145.0,5619.0,34870.0,14786.0
,,,,,,,,197,18938.0,23346.0,30217.0,20018.0,5585.0,35400.0,14687.0
,,,,,,,,198,19186.0,23963.0,29911.0,19600.0,5564.0,35744.0,14482.0
,,,,,,,,199,19258.0,23952.0,28689.0,18973.0,5442.0,35665.0,14369.0
,,,,,,,,200,19270.0,23510.0,28843.0,18541.0,5354.0,35423.0,14339.0
,,,,,,,,201,19258.0,23308.0,29313.0,18264.0,5296.0,35230.0,14603.0
,,,,,,,,202,19319.0,23015.0,29437.0,18227.0,5358.0,35078.0,15006.0
,,,,,,,,203,19457.0,22869.0,30418.0,18606.0,5426.0,35491.0,15245.0
,,,,,,,,204,20126.0,23103.0,31665.0,19403.0,5596.0,36901.0,15546.0
,,,,,,,,205,20834.0,24202.0,32871.0,19785.0,5669.0,38287.0,16080.0
,,,,,,,,206,20816.0,24803.0,33197.0,19718.0,5628.0,38552.0,16102.0
,,,,,,,,207,20307.0,24715.0,32501.0,19433.0,5506.0,38231.0,15919.0
,,,,,,,,208,19662.0,23952.0,31835.0,18944.0,5351.0,37179.0,15651.0
,,,,,,,,209,18836.0,22831.0,31127.0,18278.0,5187.0,35665.0,15276.0
,,,,,,,,210,17841.0,21610.0,30519.0,17632.0,5039.0,33618.0,14876.0
,,,,,,,,211,17292.0,20618.0,30109.0,17346.0,5023.0,31957.0,14430.0
,,,,,,,,212,17219.0,20293.0,30317.0,17806.0,5125.0,31248.0,14266.0
,,,,,,,,213,17376.0,20603.0,31363.0,18114.0,5121.0,31434.0,14427.0
,,,,,,,,214,17152.0,20185.0,32969.0,17485.0,5028.0,31152.0,14242.0
,,,,,,,,215,16949.0,19045.0,32647.0,17514.0,5218.0,30305.0,14189.0
,,,,,,,,216,17704.0,19263.0,31992.0,18003.0,5330.0,31272.0,14230.0
,,,,,,,,217,19669.0,21323.0,33856.0,24888.0,5666.0,40742.0,15010.0
,,,,,,,,218,20050.0,22455.0,32263.0,25136.0,5706.0,43639.0,14937.0
,,,,,,,,219,19938.0,22981.0,31325.0,25742.0,5858.0,44891.0,14670.0
,,,,,,,,220,20222.0,23944.0,31687.0,26365.0,6072.0,45195.0,15101.0
,,,,,,,,221,20832.0,25375.0,32647.0,26780.0,6279.0,45435.0,15119.0
,,,,,,,,222,21190.0,26651.0,32264.0,26666.0,6309.0,45467.0,15109.0
,,,,,,,,223,21431.0,27089.0,30581.0,26468.0,6281.0,45046.0,15198.0
,,,,,,,,224,21335.0,27001.0,31181.0,26110.0,6253.0,44437.0,15374.0
,,,,,,,,225,21083.0,26747.0,32511.0,25848.0,6261.0,43725.0,15759.0
,,,,,,,,226,21148.0,26389.0,33799.0,26046.0,6340.0,43424.0,16170.0
,,,,,,,,227,21702.0,26464.0,33684.0,26590.0,6420.0,43846.0,16483.0
,,,,,,,,228,22557.0,27251.0,34717.0,27675.0,6540.0,45876.0,16696.0
,,,,,,,,229,23159.0,28493.0,36268.0,28076.0,6574.0,47754.0,17146.0
,,,,,,,,230,23125.0,29049.0,37583.0,27931.0,6460.0,48321.0,17152.0
,,,,,,,,231,22619.0,29065.0,37987.0,27403.0,6214.0,48163.0,16943.0
,,,,,,,,232,21800.0,28331.0,37706.0,26646.0,5961.0,47290.0,16656.0
,,,,,,,,233,20570.0,27102.0,37377.0,25584.0,5680.0,45535.0,16233.0
,,,,,,,,234,18996.0,25508.0,36753.0,24703.0,5410.0,43129.0,15963.0
,,,,,,,,235,18265.0,23949.0,36478.0,24011.0,5281.0,41183.0,15596.0
,,,,,,,,236,18014.0,22870.0,36101.0,24472.0,5319.0,39940.0,15310.0
,,,,,,,,237,18017.0,23225.0,36268.0,24641.0,5250.0,40383.0,15422.0
,,,,,,,,238,17818.0,22848.0,37677.0,23970.0,5177.0,40355.0,15520.0
,,,,,,,,239,17834.0,21766.0,37871.0,24092.0,5316.0,39863.0,15389.0
,,,,,,,,240,18789.0,22080.0,36763.0,24542.0,5433.0,41024.0,15620.0
,,,,,,,,241,19438.0,20394.0,34705.0,19109.0,5190.0,34791.0,14647.0
,,,,,,,,242,19549.0,21181.0,33195.0,19332.0,5239.0,36942.0,14436.0
,,,,,,,,243,19735.0,21452.0,31606.0,19991.0,5377.0,38180.0,14108.0
,,,,,,,,244,20078.0,22482.0,28658.0,20683.0,5580.0,38986.0,14508.0
,,,,,,,,245,20259.0,23761.0,29044.0,21080.0,5694.0,39761.0,14505.0
,,,,,,,,246,20332.0,24532.0,28444.0,21094.0,5704.0,40190.0,14336.0
,,,,,,,,247,20043.0,24664.0,27155.0,20793.0,5622.0,39935.0,14534.0
,,,,,,,,248,19876.0,24236.0,27140.0,20416.0,5553.0,39570.0,14643.0
,,,,,,,,249,19805.0,23537.0,27330.0,20111.0,5525.0,38939.0,14883.0
,,,,,,,,250,19869.0,23034.0,27738.0,20171.0,5581.0,38504.0,15113.0
,,,,,,,,251,20179.0,23024.0,28764.0,20667.0,5655.0,38653.0,15267.0
,,,,,,,,252,21164.0,23647.0,30188.0,21559.0,5830.0,40219.0,15754.0
,,,,,,,,253,22234.0,25489.0,31742.0,22020.0,5908.0,41595.0,16324.0
,,,,,,,,254,22301.0,26305.0,32594.0,21953.0,5844.0,41869.0,16455.0
,,,,,,,,255,21987.0,26430.0,32695.0,21461.0,5667.0,41509.0,16510.0
,,,,,,,,256,21655.0,25994.0,32446.0,20905.0,5469.0,40671.0,16392.0
,,,,,,,,257,20857.0,25009.0,32013.0,20073.0,5246.0,39375.0,16232.0
,,,,,,,,258,20154.0,24054.0,31615.0,19300.0,5075.0,37359.0,15965.0
,,,,,,,,259,19521.0,22580.0,31207.0,19196.0,5029.0,35490.0,15674.0
,,,,,,,,260,19384.0,22097.0,31270.0,19532.0,5102.0,34508.0,15505.0
,,,,,,,,261,19599.0,22285.0,31752.0,19755.0,5007.0,34579.0,15530.0
,,,,,,,,262,19496.0,21826.0,32864.0,18986.0,4862.0,34178.0,15444.0
,,,,,,,,263,19438.0,20639.0,32878.0,19134.0,4976.0,33479.0,15284.0
,,,,,,,,264,20246.0,21147.0,32282.0,19500.0,5100.0,34319.0,15323.0
,,,,,,,,265,21399.0,21910.0,31370.0,20099.0,5218.0,35917.0,15324.0
,,,,,,,,266,21711.0,22578.0,30034.0,20373.0,5295.0,37988.0,15050.0
,,,,,,,,267,21850.0,22942.0,28939.0,21139.0,5491.0,39272.0,14789.0
,,,,,,,,268,22052.0,23833.0,28521.0,21854.0,5708.0,39990.0,15188.0
,,,,,,,,269,21900.0,24846.0,28808.0,22391.0,5896.0,40967.0,15085.0
,,,,,,,,270,21603.0,25456.0,28274.0,22452.0,5907.0,41265.0,14730.0
,,,,,,,,271,21007.0,25175.0,26875.0,22334.0,5871.0,40928.0,14743.0
,,,,,,,,272,20423.0,24283.0,26733.0,21980.0,5791.0,40295.0,14667.0
,,,,,,,,273,19952.0,23449.0,26834.0,21868.0,5786.0,39507.0,14773.0
,,,,,,,,274,19778.0,22801.0,27014.0,21814.0,5837.0,39093.0,14926.0
,,,,,,,,275,19762.0,22631.0,28013.0,22105.0,5930.0,39286.0,15052.0
,,,,,,,,276,20785.0,23139.0,29237.0,23026.0,5994.0,40850.0,15470.0
,,,,,,,,277,21906.0,24980.0,30507.0,23469.0,6140.0,42096.0,16086.0
,,,,,,,,278,21987.0,25746.0,31309.0,23427.0,6065.0,42277.0,16270.0
,,,,,,,,279,21896.0,25835.0,31346.0,23161.0,5926.0,41702.0,16227.0
,,,,,,,,280,21734.0,25536.0,31166.0,22766.0,5706.0,40992.0,16116.0
,,,,,,,,281,21183.0,24985.0,30773.0,22025.0,5472.0,39700.0,15939.0
,,,,,,,,282,20615.0,24212.0,30270.0,21454.0,5287.0,37897.0,15837.0
,,,,,,,,283,20345.0,22939.0,30004.0,21329.0,5216.0,36097.0,15567.0
,,,,,,,,284,20214.0,22304.0,30100.0,21761.0,5270.0,35111.0,15454.0
,,,,,,,,285,20490.0,22651.0,30700.0,22030.0,5196.0,35070.0,15451.0
,,,,,,,,286,20571.0,22103.0,31995.0,21465.0,5048.0,34691.0,15304.0
,,,,,,,,287,20471.0,20783.0,32365.0,21887.0,5142.0,33957.0,15138.0
,,,,,,,,288,21158.0,21126.0,31803.0,22380.0,5268.0,34633.0,15247.0
,,,,,,,,289,20151.0,20409.0,34845.0,21199.0,5774.0,36795.0,15188.0
,,,,,,,,290,20188.0,21003.0,33169.0,21351.0,5866.0,38651.0,15010.0
,,,,,,,,291,20155.0,21336.0,31606.0,21920.0,6019.0,39757.0,14658.0
,,,,,,,,292,20451.0,22400.0,28800.0,22466.0,6211.0,40657.0,15226.0
,,,,,,,,293,20518.0,23603.0,29219.0,22774.0,6348.0,41757.0,15045.0
,,,,,,,,294,20588.0,24495.0,28731.0,22640.0,6386.0,42438.0,14850.0
,,,,,,,,295,20380.0,24444.0,27553.0,22329.0,6367.0,42422.0,14775.0
,,,,,,,,296,19993.0,23955.0,27733.0,22021.0,6281.0,41982.0,14758.0
,,,,,,,,297,19608.0,23452.0,28017.0,21639.0,6272.0,41439.0,14843.0
,,,,,,,,298,19520.0,23052.0,28433.0,21689.0,6326.0,41176.0,14967.0
,,,,,,,,299,19718.0,22886.0,29415.0,21714.0,6366.0,41450.0,15184.0
,,,,,,,,300,20699.0,23426.0,30920.0,22495.0,6506.0,42661.0,15609.0
,,,,,,,,301,21679.0,25004.0,32282.0,22834.0,6550.0,43623.0,16142.0
,,,,,,,,302,21703.0,25658.0,32829.0,22680.0,6461.0,43612.0,16475.0
,,,,,,,,303,21472.0,25608.0,32795.0,22478.0,6244.0,42910.0,16385.0
,,,,,,,,304,21071.0,25009.0,32487.0,21776.0,6060.0,41673.0,16357.0
,,,,,,,,305,20242.0,24005.0,32041.0,20813.0,5780.0,39993.0,16192.0
,,,,,,,,306,19433.0,22962.0,31513.0,19900.0,5578.0,37938.0,16003.0
,,,,,,,,307,19010.0,21772.0,31173.0,19581.0,5503.0,36049.0,15797.0
,,,,,,,,308,19054.0,21134.0,31246.0,19956.0,5577.0,34855.0,15721.0
,,,,,,,,309,19259.0,21305.0,31704.0,20054.0,5505.0,34882.0,15760.0
,,,,,,,,310,19136.0,20884.0,32783.0,19403.0,5328.0,34453.0,15566.0
,,,,,,,,311,19106.0,19598.0,32908.0,19729.0,5429.0,33553.0,15305.0
,,,,,,,,312,19944.0,19791.0,32169.0,20223.0,5541.0,34313.0,15274.0
,,,,,,,,313,18095.0,19529.0,40090.0,15685.0,4766.0,29483.0,14021.0
,,,,,,,,314,18633.0,20205.0,37643.0,15716.0,4862.0,31070.0,13810.0
,,,,,,,,315,19189.0,20460.0,35762.0,15922.0,5059.0,31783.0,13689.0
,,,,,,,,316,20220.0,21262.0,35766.0,16316.0,5381.0,32442.0,14103.0
,,,,,,,,317,21457.0,22529.0,36374.0,16880.0,5652.0,33463.0,14364.0
,,,,,,,,318,22588.0,23811.0,35587.0,17116.0,5792.0,34377.0,14459.0
,,,,,,,,319,23434.0,24350.0,33425.0,17173.0,5795.0,34830.0,14830.0
,,,,,,,,320,23854.0,24202.0,34062.0,17180.0,5916.0,34873.0,15069.0
,,,,,,,,321,24087.0,24041.0,34917.0,17231.0,5893.0,34783.0,15546.0
,,,,,,,,322,24378.0,23822.0,36017.0,17387.0,5863.0,34645.0,15964.0
,,,,,,,,323,24510.0,23799.0,36555.0,17706.0,5805.0,34746.0,16112.0
,,,,,,,,324,24313.0,23869.0,38829.0,17809.0,5781.0,34878.0,16128.0
,,,,,,,,325,23982.0,23951.0,42148.0,17834.0,5691.0,35046.0,16019.0
,,,,,,,,326,23944.0,24460.0,45119.0,17855.0,5611.0,35233.0,15940.0
,,,,,,,,327,23786.0,24997.0,46940.0,17828.0,5350.0,35170.0,15874.0
,,,,,,,,328,22796.0,25028.0,48086.0,17193.0,5032.0,34558.0,15778.0
,,,,,,,,329,21295.0,24132.0,48423.0,16186.0,4768.0,33187.0,15514.0
,,,,,,,,330,19931.0,22685.0,48227.0,15350.0,4556.0,31142.0,15014.0
,,,,,,,,331,18915.0,21311.0,47943.0,14612.0,4412.0,29401.0,14664.0
,,,,,,,,332,18251.0,20187.0,47287.0,14806.0,4506.0,28225.0,14371.0
,,,,,,,,333,18117.0,20521.0,46469.0,14559.0,4489.0,28401.0,14258.0
,,,,,,,,334,17623.0,19928.0,46167.0,13839.0,4372.0,27950.0,14193.0
,,,,,,,,335,17187.0,18601.0,45686.0,14003.0,4453.0,27159.0,13972.0
,,,,,,,,336,17481.0,18713.0,43849.0,14536.0,4550.0,27974.0,13850.0
,,,,,,,,337,23086.0,20684.0,33782.0,16807.0,5432.0,30384.0,19042.0
,,,,,,,,338,23863.0,21043.0,31927.0,16976.0,5580.0,31811.0,18598.0
,,,,,,,,339,24785.0,21287.0,30588.0,17507.0,5907.0,32602.0,18690.0
,,,,,,,,340,26295.0,22716.0,31047.0,18406.0,6344.0,33684.0,19304.0
,,,,,,,,341,28183.0,24771.0,32288.0,19123.0,6693.0,35138.0,20014.0
,,,,,,,,342,29667.0,26588.0,31950.0,19566.0,6916.0,36279.0,20446.0
,,,,,,,,343,30873.0,27785.0,30220.0,19953.0,7064.0,36943.0,21055.0
,,,,,,,,344,31778.0,28347.0,30963.0,20400.0,7119.0,37186.0,21481.0
,,,,,,,,345,32464.0,28938.0,32620.0,20600.0,7143.0,37377.0,22206.0
,,,,,,,,346,32955.0,29289.0,33779.0,21200.0,7121.0,37513.0,22918.0
,,,,,,,,347,33205.0,29616.0,33401.0,21327.0,7016.0,37758.0,23486.0
,,,,,,,,348,33179.0,29740.0,34264.0,21470.0,6905.0,38020.0,23618.0
,,,,,,,,349,32703.0,29595.0,35936.0,21499.0,6794.0,38117.0,23648.0
,,,,,,,,350,31862.0,29382.0,37339.0,21210.0,6642.0,38011.0,23425.0
,,,,,,,,351,31129.0,28793.0,37811.0,20774.0,6335.0,37582.0,22836.0
,,,,,,,,352,29772.0,28097.0,37736.0,20243.0,6003.0,36943.0,22226.0
,,,,,,,,353,28012.0,26964.0,37350.0,19242.0,5681.0,35555.0,21508.0
,,,,,,,,354,26230.0,25220.0,36725.0,18161.0,5429.0,33449.0,20786.0
,,,,,,,,355,24697.0,23404.0,36340.0,17181.0,5242.0,31416.0,20132.0
,,,,,,,,356,23690.0,21833.0,36165.0,17267.0,5252.0,30002.0,19862.0
,,,,,,,,357,23468.0,21927.0,37292.0,16828.0,5213.0,29986.0,19872.0
,,,,,,,,358,22632.0,21196.0,37834.0,15856.0,5028.0,29479.0,19596.0
,,,,,,,,359,21951.0,19742.0,37197.0,15869.0,5126.0,28485.0,19165.0
,,,,,,,,360,21853.0,19805.0,35923.0,16086.0,5255.0,29097.0,18996.0
,,,,,,,,361,20312.0,20647.0,36597.0,15587.0,4674.0,29123.0,15024.0
,,,,,,,,362,20608.0,21746.0,35434.0,15456.0,4707.0,30813.0,14906.0
,,,,,,,,363,21450.0,21988.0,33841.0,15820.0,4889.0,31306.0,14872.0
,,,,,,,,364,22901.0,23507.0,34272.0,16539.0,5209.0,32013.0,15380.0
,,,,,,,,365,24589.0,25870.0,35240.0,17417.0,5517.0,33202.0,15895.0
,,,,,,,,366,26173.0,28082.0,34828.0,17929.0,5711.0,34453.0,16174.0
,,,,,,,,367,27474.0,29774.0,33178.0,18166.0,5827.0,35266.0,16712.0
,,,,,,,,368,28461.0,30871.0,33951.0,18445.0,5912.0,35667.0,17231.0
,,,,,,,,369,29074.0,31802.0,35287.0,18687.0,5937.0,35958.0,18001.0
,,,,,,,,370,29513.0,32424.0,36845.0,19086.0,5927.0,36185.0,18845.0
,,,,,,,,371,29667.0,32631.0,37341.0,19160.0,5915.0,36463.0,19424.0
,,,,,,,,372,29427.0,32784.0,38038.0,19219.0,5847.0,36639.0,19617.0
,,,,,,,,373,29094.0,32642.0,39435.0,19121.0,5785.0,36784.0,19570.0
,,,,,,,,374,28537.0,32599.0,40914.0,19101.0,5605.0,37107.0,19385.0
,,,,,,,,375,27205.0,32793.0,41151.0,18693.0,5302.0,36986.0,19042.0
,,,,,,,,376,26039.0,31482.0,39946.0,17844.0,4990.0,35589.0,18401.0
,,,,,,,,377,24280.0,29365.0,38965.0,16824.0,4723.0,33388.0,17661.0
,,,,,,,,378,22690.0,26900.0,37781.0,15962.0,4529.0,31189.0,16992.0
,,,,,,,,379,21546.0,24705.0,37187.0,15329.0,4402.0,29453.0,16369.0
,,,,,,,,380,20733.0,22858.0,37280.0,15511.0,4493.0,28224.0,15995.0
,,,,,,,,381,20342.0,22684.0,39058.0,15238.0,4461.0,28226.0,16089.0
,,,,,,,,382,19714.0,21769.0,39816.0,14406.0,4373.0,27741.0,15844.0
,,,,,,,,383,19213.0,20162.0,39307.0,14568.0,4440.0,26858.0,15487.0
,,,,,,,,384,19641.0,20227.0,38471.0,15048.0,4585.0,27665.0,15251.0
,,,,,,,,385,16759.0,17605.0,33320.0,18067.0,4810.0,32997.0,13562.0
,,,,,,,,386,16947.0,17773.0,31679.0,18401.0,4833.0,34014.0,13273.0
,,,,,,,,387,17268.0,18280.0,30411.0,19220.0,4918.0,35415.0,13135.0
,,,,,,,,388,17834.0,19630.0,30261.0,19491.0,4934.0,37030.0,13483.0
,,,,,,,,389,18132.0,20673.0,31076.0,19582.0,4929.0,38034.0,13658.0
,,,,,,,,390,18283.0,21432.0,30865.0,19014.0,4876.0,38201.0,13668.0
,,,,,,,,391,18349.0,21549.0,29253.0,18548.0,4814.0,37891.0,13840.0
,,,,,,,,392,18280.0,21681.0,30120.0,17988.0,4779.0,37667.0,14191.0
,,,,,,,,393,18076.0,21516.0,31251.0,17828.0,4791.0,37248.0,14520.0
,,,,,,,,394,18152.0,21464.0,32314.0,17882.0,4877.0,37191.0,14737.0
,,,,,,,,395,18432.0,21477.0,32396.0,18310.0,5019.0,37751.0,14874.0
,,,,,,,,396,19484.0,22090.0,33177.0,19143.0,5201.0,39277.0,15258.0
,,,,,,,,397,20226.0,23404.0,34533.0,19432.0,5228.0,40302.0,15656.0
,,,,,,,,398,20110.0,23872.0,35425.0,19371.0,5154.0,40207.0,15793.0
,,,,,,,,399,19773.0,23646.0,35572.0,19195.0,5040.0,39852.0,15639.0
,,,,,,,,400,19145.0,23016.0,35161.0,18861.0,4840.0,38956.0,15443.0
,,,,,,,,401,18312.0,22124.0,34793.0,18190.0,4657.0,37638.0,15164.0
,,,,,,,,402,17276.0,21023.0,34115.0,17478.0,4543.0,35883.0,14837.0
,,,,,,,,403,17196.0,20080.0,33866.0,18234.0,4786.0,34344.0,14566.0
,,,,,,,,404,17637.0,21475.0,34108.0,18784.0,4888.0,35074.0,14731.0
,,,,,,,,405,17792.0,21832.0,34449.0,18637.0,4834.0,35151.0,14785.0
,,,,,,,,406,17523.0,21168.0,35794.0,17779.0,4692.0,34733.0,14762.0
,,,,,,,,407,17106.0,19575.0,36268.0,17189.0,4807.0,33813.0,14543.0
,,,,,,,,408,17667.0,19831.0,35250.0,17861.0,4906.0,34584.0,14510.0
,,,,,,,,409,19935.0,19964.0,31484.0,19202.0,5201.0,35303.0,14006.0
,,,,,,,,410,20113.0,20465.0,29988.0,19325.0,5264.0,37243.0,13790.0
,,,,,,,,411,20232.0,20745.0,28628.0,19839.0,5425.0,38299.0,13873.0
,,,,,,,,412,20663.0,21703.0,28242.0,20276.0,5640.0,39290.0,14215.0
,,,,,,,,413,21116.0,23176.0,28462.0,20611.0,5724.0,40600.0,14403.0
,,,,,,,,414,21352.0,24427.0,28020.0,20437.0,5699.0,41183.0,14416.0
,,,,,,,,415,21444.0,24806.0,26688.0,20149.0,5632.0,41334.0,14633.0
,,,,,,,,416,21339.0,24571.0,26691.0,19735.0,5558.0,41115.0,14811.0
,,,,,,,,417,21226.0,24203.0,26467.0,19478.0,5565.0,40615.0,15005.0
,,,,,,,,418,21261.0,23809.0,26673.0,19368.0,5618.0,40239.0,15228.0
,,,,,,,,419,21688.0,23772.0,27893.0,19711.0,5710.0,40406.0,15266.0
,,,,,,,,420,22537.0,24270.0,29455.0,20585.0,5828.0,41833.0,15672.0
,,,,,,,,421,23098.0,25882.0,31311.0,21031.0,5856.0,43071.0,16277.0
,,,,,,,,422,22961.0,26568.0,32568.0,21023.0,5760.0,43261.0,16446.0
,,,,,,,,423,22532.0,26636.0,33121.0,20697.0,5628.0,42699.0,16384.0
,,,,,,,,424,21895.0,26004.0,33491.0,20346.0,5397.0,41619.0,16271.0
,,,,,,,,425,20928.0,25083.0,33811.0,19780.0,5166.0,40132.0,15972.0
,,,,,,,,426,20048.0,23955.0,33959.0,18984.0,4937.0,38267.0,15799.0
,,,,,,,,427,19521.0,22696.0,34044.0,19125.0,4858.0,36714.0,15521.0
,,,,,,,,428,19279.0,22327.0,34327.0,19713.0,4958.0,35810.0,15493.0
,,,,,,,,429,19380.0,22638.0,34484.0,19692.0,4909.0,35921.0,15680.0
,,,,,,,,430,19163.0,22025.0,34804.0,19172.0,4743.0,35492.0,15601.0
,,,,,,,,431,19014.0,21065.0,34730.0,19133.0,4846.0,34698.0,15401.0
,,,,,,,,432,19578.0,21124.0,33507.0,19412.0,4956.0,35416.0,15349.0
,,,,,,,,433,20276.0,21811.0,31927.0,19658.0,5014.0,37001.0,15263.0
,,,,,,,,434,20728.0,22632.0,30305.0,20080.0,5056.0,38899.0,15302.0
,,,,,,,,435,21222.0,22796.0,29160.0,20768.0,5246.0,40167.0,14969.0
,,,,,,,,436,21760.0,23647.0,31122.0,21649.0,5453.0,41273.0,15202.0
,,,,,,,,437,22214.0,24985.0,32118.0,22289.0,5630.0,42159.0,15369.0
,,,,,,,,438,22463.0,25854.0,31579.0,22532.0,5663.0,42851.0,15289.0
,,,,,,,,439,22275.0,25613.0,29568.0,22599.0,5592.0,42763.0,15354.0
,,,,,,,,440,22028.0,24865.0,30202.0,22491.0,5547.0,42047.0,15345.0
,,,,,,,,441,21665.0,24175.0,31138.0,22667.0,5604.0,41232.0,15348.0
,,,,,,,,442,21525.0,23691.0,32089.0,22856.0,5722.0,40647.0,15476.0
,,,,,,,,443,21780.0,23530.0,32340.0,23661.0,5805.0,40880.0,15693.0
,,,,,,,,444,22794.0,24084.0,33747.0,24972.0,5958.0,42443.0,16180.0
,,,,,,,,445,23914.0,26003.0,36028.0,25749.0,6030.0,43966.0,16616.0
,,,,,,,,446,24112.0,26785.0,37756.0,25907.0,5985.0,44317.0,16722.0
,,,,,,,,447,23904.0,26736.0,38521.0,25728.0,5887.0,43986.0,16561.0
,,,,,,,,448,23904.0,26315.0,38593.0,25303.0,5727.0,43205.0,16510.0
,,,,,,,,449,23619.0,25707.0,38503.0,24618.0,5569.0,41962.0,16199.0
,,,,,,,,450,23094.0,24798.0,38106.0,23791.0,5480.0,40209.0,15942.0
,,,,,,,,451,22719.0,23802.0,37888.0,24013.0,5559.0,38774.0,15547.0
,,,,,,,,452,22941.0,23799.0,37744.0,24542.0,5683.0,38357.0,15547.0
,,,,,,,,453,23285.0,24188.0,37657.0,24614.0,5591.0,38596.0,15662.0
,,,,,,,,454,22978.0,23573.0,38460.0,23678.0,5379.0,38322.0,15519.0
,,,,,,,,455,22743.0,22194.0,38728.0,23738.0,5449.0,37372.0,15412.0
,,,,,,,,456,23180.0,22376.0,37434.0,23957.0,5477.0,38109.0,15497.0
,,,,,,,,457,23092.0,22707.0,35307.0,22952.0,5722.0,39371.0,15507.0
,,,,,,,,458,23409.0,23733.0,33774.0,23311.0,5741.0,41965.0,15675.0
,,,,,,,,459,22974.0,24374.0,32208.0,23463.0,5808.0,43191.0,15446.0
,,,,,,,,460,22469.0,24988.0,29438.0,23490.0,5876.0,43180.0,15388.0
,,,,,,,,461,22223.0,25648.0,29950.0,24159.0,5989.0,43324.0,15444.0
,,,,,,,,462,21940.0,26245.0,29554.0,23715.0,5896.0,43551.0,15202.0
,,,,,,,,463,21157.0,26033.0,28185.0,22746.0,5759.0,43627.0,15083.0
,,,,,,,,464,20668.0,25305.0,28231.0,21986.0,5615.0,42994.0,15218.0
,,,,,,,,465,20004.0,24624.0,28329.0,21405.0,5597.0,42326.0,15284.0
,,,,,,,,466,19695.0,23939.0,28468.0,21140.0,5614.0,41887.0,15463.0
,,,,,,,,467,19897.0,23603.0,29435.0,21494.0,5715.0,42024.0,15416.0
,,,,,,,,468,21017.0,23996.0,30834.0,22316.0,5862.0,43210.0,15837.0
,,,,,,,,469,22274.0,25569.0,32076.0,22588.0,5979.0,44434.0,16384.0
,,,,,,,,470,22440.0,26448.0,32610.0,22638.0,5942.0,44580.0,16563.0
,,,,,,,,471,22237.0,26503.0,32468.0,22395.0,5774.0,43879.0,16541.0
,,,,,,,,472,21890.0,26065.0,32124.0,21815.0,5616.0,42666.0,16565.0
,,,,,,,,473,21233.0,25164.0,31762.0,20984.0,5390.0,40785.0,16307.0
,,,,,,,,474,20548.0,23996.0,31264.0,20229.0,5277.0,38450.0,16093.0
,,,,,,,,475,20254.0,23041.0,30992.0,20031.0,5218.0,36583.0,15870.0
,,,,,,,,476,20440.0,22485.0,31059.0,20319.0,5354.0,35604.0,15734.0
,,,,,,,,477,20792.0,22992.0,31504.0,20410.0,5331.0,35741.0,15865.0
,,,,,,,,478,20851.0,22615.0,32577.0,19592.0,5258.0,35434.0,15830.0
,,,,,,,,479,21010.0,21450.0,32864.0,19584.0,5423.0,34735.0,15672.0
,,,,,,,,480,22140.0,21999.0,32366.0,20100.0,5538.0,35453.0,15606.0
,,,,,,,,481,21103.0,21020.0,38886.0,27255.0,6139.0,37789.0,15261.0
,,,,,,,,482,21442.0,22470.0,36706.0,27852.0,6254.0,40696.0,15210.0
,,,,,,,,483,21240.0,23009.0,34511.0,28157.0,6442.0,41661.0,15124.0
,,,,,,,,484,20941.0,23213.0,30795.0,28476.0,6688.0,41611.0,15098.0
,,,,,,,,485,20861.0,24054.0,30748.0,28884.0,6861.0,41356.0,14877.0
,,,,,,,,486,20350.0,24687.0,30020.0,28617.0,6904.0,41076.0,14567.0
,,,,,,,,487,19919.0,24525.0,28483.0,28152.0,6882.0,40428.0,14512.0
,,,,,,,,488,19532.0,23933.0,28296.0,27903.0,6882.0,39465.0,14576.0
,,,,,,,,489,19232.0,23492.0,28304.0,27697.0,6893.0,38536.0,14834.0
,,,,,,,,490,19010.0,22848.0,28796.0,27546.0,7010.0,37799.0,14940.0
,,,,,,,,491,19133.0,22531.0,30255.0,27706.0,7209.0,37711.0,15186.0
,,,,,,,,492,19823.0,22672.0,32097.0,28319.0,7356.0,38539.0,15710.0
,,,,,,,,493,21328.0,23808.0,34429.0,29139.0,7515.0,40890.0,16638.0
,,,,,,,,494,21705.0,25078.0,36362.0,29205.0,7499.0,42041.0,17217.0
,,,,,,,,495,21636.0,25105.0,37440.0,28795.0,7355.0,41777.0,17475.0
,,,,,,,,496,21428.0,24566.0,38166.0,28088.0,7199.0,41142.0,17652.0
,,,,,,,,497,20818.0,23648.0,38737.0,27224.0,7044.0,39747.0,17674.0
,,,,,,,,498,20304.0,22486.0,38900.0,26384.0,6907.0,37909.0,17583.0
,,,,,,,,499,20410.0,21325.0,38904.0,26478.0,6886.0,36305.0,17313.0
,,,,,,,,500,20650.0,20941.0,38882.0,26785.0,6985.0,35694.0,17485.0
,,,,,,,,501,21188.0,21394.0,38825.0,26892.0,6988.0,36134.0,17505.0
,,,,,,,,502,21378.0,20982.0,38121.0,26706.0,6846.0,35875.0,17301.0
,,,,,,,,503,21796.0,19835.0,37599.0,27955.0,6888.0,35329.0,17086.0
,,,,,,,,504,23064.0,20225.0,36360.0,27025.0,6972.0,36402.0,16971.0
,,,,,,,,505,24370.0,21117.0,34781.0,28851.0,7082.0,38560.0,16778.0
,,,,,,,,506,24955.0,22606.0,33168.0,28337.0,7120.0,41368.0,16607.0
,,,,,,,,507,24754.0,23367.0,31653.0,28131.0,7243.0,42374.0,16518.0
,,,,,,,,508,24770.0,23606.0,30868.0,28200.0,7383.0,42226.0,16713.0
,,,,,,,,509,24924.0,24358.0,30813.0,28186.0,7483.0,42147.0,16679.0
,,,,,,,,510,24806.0,24834.0,30179.0,27872.0,7456.0,41803.0,16372.0
,,,,,,,,511,24577.0,24636.0,28597.0,27255.0,7402.0,40916.0,16165.0
,,,,,,,,512,24006.0,23888.0,28315.0,26727.0,7361.0,39787.0,15924.0
,,,,,,,,513,23413.0,23366.0,28043.0,26264.0,7356.0,38733.0,15783.0
,,,,,,,,514,23027.0,22849.0,28550.0,26019.0,7435.0,37894.0,15752.0
,,,,,,,,515,23181.0,22686.0,29895.0,26108.0,7536.0,37812.0,16059.0
,,,,,,,,516,24023.0,22856.0,31547.0,26566.0,7630.0,38519.0,16405.0
,,,,,,,,517,25722.0,23916.0,33916.0,27454.0,7782.0,40363.0,17348.0
,,,,,,,,518,26144.0,25273.0,36059.0,27500.0,7690.0,41380.0,17866.0
,,,,,,,,519,26122.0,25404.0,37362.0,27315.0,7531.0,41041.0,17970.0
,,,,,,,,520,25942.0,24924.0,38225.0,26627.0,7315.0,40181.0,17997.0
,,,,,,,,521,25278.0,24148.0,38749.0,25667.0,7150.0,38845.0,17888.0
,,,,,,,,522,24551.0,23094.0,38964.0,24885.0,6969.0,36845.0,17769.0
,,,,,,,,523,23997.0,22042.0,39085.0,24746.0,6940.0,35202.0,17440.0
,,,,,,,,524,23988.0,21680.0,39241.0,24951.0,7048.0,34501.0,17372.0
,,,,,,,,525,24186.0,22350.0,39220.0,25005.0,7014.0,34735.0,17467.0
,,,,,,,,526,24136.0,22048.0,38664.0,24248.0,6969.0,34331.0,17273.0
,,,,,,,,527,23963.0,20959.0,38139.0,24256.0,7009.0,33597.0,16952.0
,,,,,,,,528,24550.0,21582.0,36998.0,24553.0,7106.0,34535.0,16876.0
,,,,,,,,529,21095.0,19980.0,34719.0,19228.0,5473.0,32033.0,14622.0
,,,,,,,,530,21616.0,20459.0,33124.0,19723.0,5572.0,32953.0,14495.0
,,,,,,,,531,21999.0,21134.0,31736.0,20525.0,5713.0,34256.0,14722.0
,,,,,,,,532,22105.0,22575.0,31160.0,20799.0,5790.0,35823.0,15126.0
,,,,,,,,533,21537.0,23203.0,31578.0,20977.0,5807.0,36935.0,15166.0
,,,,,,,,534,20812.0,23359.0,30883.0,20778.0,5768.0,37440.0,14796.0
,,,,,,,,535,20080.0,22434.0,28988.0,20308.0,5691.0,36979.0,14825.0
,,,,,,,,536,19484.0,21542.0,29168.0,19598.0,5589.0,36376.0,14830.0
,,,,,,,,537,19073.0,20676.0,29845.0,19126.0,5532.0,35497.0,14901.0
,,,,,,,,538,18931.0,20184.0,31162.0,18995.0,5533.0,34793.0,14946.0
,,,,,,,,539,19079.0,20052.0,31409.0,19016.0,5550.0,34614.0,14941.0
,,,,,,,,540,19713.0,20522.0,32202.0,19631.0,5678.0,35539.0,15294.0
,,,,,,,,541,20272.0,22242.0,33892.0,19744.0,5704.0,36232.0,15793.0
,,,,,,,,542,20216.0,22409.0,35167.0,19774.0,5678.0,35859.0,15819.0
,,,,,,,,543,20151.0,22153.0,35445.0,19659.0,5612.0,35510.0,15788.0
,,,,,,,,544,20307.0,21871.0,35204.0,19671.0,5514.0,35215.0,15692.0
,,,,,,,,545,20098.0,21677.0,35073.0,19267.0,5413.0,34638.0,15592.0
,,,,,,,,546,19983.0,21206.0,34571.0,18817.0,5348.0,33649.0,15527.0
,,,,,,,,547,19614.0,20890.0,34438.0,18549.0,5322.0,32501.0,15413.0
,,,,,,,,548,19524.0,20423.0,34394.0,18764.0,5341.0,31748.0,15349.0
,,,,,,,,549,19692.0,20761.0,34647.0,18689.0,5305.0,31617.0,15505.0
,,,,,,,,550,19590.0,19930.0,35270.0,18086.0,5171.0,31077.0,15506.0
,,,,,,,,551,19310.0,18983.0,36098.0,18141.0,5209.0,30273.0,15330.0
,,,,,,,,552,19759.0,19078.0,35962.0,18353.0,5255.0,30505.0,15180.0
,,,,,,,,553,19387.0,17633.0,33898.0,15077.0,5052.0,27232.0,15045.0
,,,,,,,,554,19720.0,17508.0,32184.0,15216.0,5312.0,27881.0,14539.0
,,,,,,,,555,20456.0,17804.0,30788.0,15623.0,5596.0,28892.0,14992.0
,,,,,,,,556,21506.0,18652.0,30540.0,16613.0,5909.0,30124.0,15587.0
,,,,,,,,557,22630.0,19968.0,31224.0,17250.0,6176.0,31583.0,16090.0
,,,,,,,,558,23503.0,20945.0,30507.0,17740.0,6342.0,32459.0,16328.0
,,,,,,,,559,24198.0,21511.0,28780.0,18051.0,6458.0,32884.0,16837.0
,,,,,,,,560,24805.0,21918.0,29049.0,18339.0,6506.0,33235.0,17461.0
,,,,,,,,561,25488.0,22155.0,29918.0,18614.0,6537.0,33362.0,18257.0
,,,,,,,,562,25917.0,22550.0,31625.0,18710.0,6508.0,33600.0,18886.0
,,,,,,,,563,25980.0,22971.0,32045.0,18794.0,6429.0,33853.0,19624.0
,,,,,,,,564,25576.0,23444.0,32858.0,18797.0,6330.0,34151.0,20056.0
,,,,,,,,565,24658.0,23711.0,34496.0,18752.0,6189.0,34267.0,20482.0
,,,,,,,,566,23869.0,23706.0,35805.0,18390.0,6027.0,34045.0,20444.0
,,,,,,,,567,23161.0,23291.0,36221.0,18268.0,5780.0,33613.0,19974.0
,,,,,,,,568,22317.0,23066.0,35930.0,17849.0,5515.0,33088.0,19502.0
,,,,,,,,569,21797.0,22431.0,35574.0,17393.0,5277.0,32218.0,18956.0
,,,,,,,,570,20913.0,21499.0,34905.0,16781.0,5073.0,30808.0,18397.0
,,,,,,,,571,20143.0,20376.0,34651.0,16345.0,4962.0,29369.0,17887.0
,,,,,,,,572,19670.0,19604.0,35002.0,16315.0,4945.0,28539.0,17661.0
,,,,,,,,573,19503.0,19408.0,36637.0,15943.0,4841.0,28208.0,17602.0
,,,,,,,,574,19026.0,18785.0,37288.0,15150.0,4650.0,27601.0,17225.0
,,,,,,,,575,18445.0,17550.0,36874.0,14962.0,4698.0,26563.0,16726.0
,,,,,,,,576,18277.0,17360.0,35715.0,14952.0,4792.0,26620.0,16427.0
,,,,,,,,577,17835.0,19228.0,35694.0,17177.0,4755.0,31064.0,12973.0
,,,,,,,,578,17752.0,20342.0,33936.0,17194.0,4728.0,32817.0,13044.0
,,,,,,,,579,17717.0,20559.0,32064.0,17258.0,4806.0,33191.0,13085.0
,,,,,,,,580,18212.0,21029.0,30905.0,17308.0,5035.0,33424.0,13267.0
,,,,,,,,581,19001.0,22186.0,31461.0,17166.0,5245.0,34141.0,13613.0
,,,,,,,,582,19740.0,23126.0,31082.0,16918.0,5308.0,34476.0,13585.0
,,,,,,,,583,20116.0,23425.0,29545.0,16661.0,5322.0,34711.0,13759.0
,,,,,,,,584,20905.0,23290.0,30048.0,16515.0,5308.0,34298.0,13892.0
,,,,,,,,585,21282.0,23322.0,30893.0,16516.0,5298.0,33981.0,14177.0
,,,,,,,,586,21691.0,23283.0,32793.0,16506.0,5311.0,33683.0,14651.0
,,,,,,,,587,22021.0,23472.0,33326.0,16679.0,5359.0,33767.0,15059.0
,,,,,,,,588,22014.0,23637.0,33771.0,16922.0,5380.0,34111.0,15314.0
,,,,,,,,589,22313.0,23843.0,35161.0,17373.0,5353.0,34700.0,15506.0
,,,,,,,,590,21863.0,24835.0,36381.0,17296.0,5300.0,35032.0,15605.0
,,,,,,,,591,21451.0,25069.0,36732.0,16831.0,5101.0,34567.0,15510.0
,,,,,,,,592,20559.0,24377.0,36028.0,16393.0,4884.0,33595.0,15130.0
,,,,,,,,593,19762.0,23362.0,35617.0,15858.0,4701.0,32215.0,14805.0
,,,,,,,,594,18850.0,22161.0,34814.0,15351.0,4500.0,30881.0,14560.0
,,,,,,,,595,17558.0,20765.0,34380.0,14185.0,4189.0,29389.0,14178.0
,,,,,,,,596,16711.0,18235.0,34151.0,14329.0,4250.0,27464.0,13639.0
,,,,,,,,597,16590.0,18291.0,35549.0,14226.0,4235.0,27488.0,13554.0
,,,,,,,,598,16244.0,17947.0,37384.0,13783.0,4127.0,27119.0,13595.0
,,,,,,,,599,15749.0,16884.0,37247.0,13963.0,4175.0,26467.0,13366.0
,,,,,,,,600,15872.0,16945.0,36476.0,14249.0,4261.0,26835.0,13238.0
