Period_Index,Rep_Period,Rep_Period_Index
1,764,5
2,1039,8
3,1039,8
4,1039,8
5,844,6
6,1039,8
7,1039,8
8,764,5
9,764,5
10,1039,8
11,844,6
12,844,6
13,764,5
14,764,5
15,764,5
16,764,5
17,764,5
18,764,5
19,764,5
20,1039,8
21,844,6
22,764,5
23,764,5
24,764,5
25,764,5
26,764,5
27,764,5
28,764,5
29,764,5
30,764,5
31,764,5
32,844,6
33,764,5
34,764,5
35,764,5
36,764,5
37,764,5
38,764,5
39,764,5
40,764,5
41,764,5
42,1039,8
43,764,5
44,764,5
45,764,5
46,1039,8
47,1039,8
48,764,5
49,1039,8
50,844,6
51,1039,8
52,1039,8
53,844,6
54,844,6
55,1039,8
56,844,6
57,844,6
58,844,6
59,844,6
60,1039,8
61,844,6
62,764,5
63,764,5
64,764,5
65,65,1
66,1039,8
67,764,5
68,764,5
69,764,5
70,764,5
71,764,5
72,2035,24
73,1039,8
74,764,5
75,764,5
76,2035,24
77,2035,24
78,2035,24
79,1039,8
80,844,6
81,764,5
82,764,5
83,764,5
84,1039,8
85,1039,8
86,844,6
87,844,6
88,764,5
89,764,5
90,1039,8
91,1039,8
92,844,6
93,764,5
94,2035,24
95,2035,24
96,2035,24
97,2035,24
98,844,6
99,844,6
100,844,6
101,844,6
102,844,6
103,844,6
104,1039,8
105,844,6
106,2035,24
107,1039,8
108,844,6
109,764,5
110,844,6
111,844,6
112,844,6
113,844,6
114,844,6
115,2035,24
116,2035,24
117,2035,24
118,2035,24
119,2035,24
120,2035,24
121,2035,24
122,844,6
123,844,6
124,844,6
125,844,6
126,1039,8
127,2035,24
128,2035,24
129,2035,24
130,2035,24
131,2035,24
132,2035,24
133,844,6
134,2035,24
135,2035,24
136,2035,24
137,2035,24
138,2035,24
139,2035,24
140,2035,24
141,844,6
142,844,6
143,2035,24
144,2035,24
145,2035,24
146,2035,24
147,2035,24
148,2035,24
149,2035,24
150,2035,24
151,2035,24
152,2035,24
153,2035,24
154,2035,24
155,2035,24
156,844,6
157,844,6
158,764,5
159,2035,24
160,2035,24
161,2035,24
162,2035,24
163,2035,24
164,2035,24
165,2035,24
166,2035,24
167,844,6
168,844,6
169,2035,24
170,2035,24
171,2035,24
172,2035,24
173,2035,24
174,2035,24
175,2035,24
176,2035,24
177,2035,24
178,2035,24
179,2035,24
180,2035,24
181,2035,24
182,2035,24
183,2035,24
184,2035,24
185,2035,24
186,2035,24
187,2035,24
188,2035,24
189,2035,24
190,2035,24
191,2035,24
192,2035,24
193,2035,24
194,2035,24
195,2035,24
196,2035,24
197,2035,24
198,2035,24
199,2035,24
200,2035,24
201,2035,24
202,2035,24
203,2035,24
204,2035,24
205,2035,24
206,2035,24
207,2035,24
208,2035,24
209,2035,24
210,2035,24
211,2035,24
212,2035,24
213,2035,24
214,2035,24
215,2035,24
216,2035,24
217,2035,24
218,2035,24
219,2035,24
220,2035,24
221,2035,24
222,2035,24
223,2035,24
224,2035,24
225,2035,24
226,2035,24
227,2035,24
228,2035,24
229,2035,24
230,2035,24
231,844,6
232,2035,24
233,2035,24
234,2035,24
235,2035,24
236,2035,24
237,2035,24
238,2035,24
239,2035,24
240,2035,24
241,2035,24
242,2035,24
243,2035,24
244,2035,24
245,2035,24
246,2035,24
247,2035,24
248,2035,24
249,2035,24
250,2035,24
251,2035,24
252,2035,24
253,2035,24
254,2035,24
255,2035,24
256,2035,24
257,2035,24
258,2035,24
259,2035,24
260,844,6
261,2035,24
262,844,6
263,1039,8
264,2035,24
265,844,6
266,844,6
267,764,5
268,764,5
269,764,5
270,2035,24
271,844,6
272,844,6
273,1039,8
274,1039,8
275,1039,8
276,1039,8
277,844,6
278,844,6
279,844,6
280,764,5
281,764,5
282,1039,8
283,1039,8
284,764,5
285,764,5
286,764,5
287,764,5
288,764,5
289,844,6
290,844,6
291,1039,8
292,1039,8
293,844,6
294,844,6
295,764,5
296,764,5
297,764,5
298,764,5
299,764,5
300,764,5
301,764,5
302,764,5
303,764,5
304,764,5
305,764,5
306,764,5
307,764,5
308,764,5
309,764,5
310,764,5
311,764,5
312,312,2
313,764,5
314,764,5
315,1039,8
316,1039,8
317,1039,8
318,764,5
319,764,5
320,764,5
321,764,5
322,764,5
323,1039,8
324,764,5
325,764,5
326,764,5
327,764,5
328,764,5
329,764,5
330,764,5
331,1039,8
332,764,5
333,1818,23
334,1818,23
335,844,6
336,1039,8
337,1818,23
338,1818,23
339,1818,23
340,1818,23
341,1818,23
342,1818,23
343,1818,23
344,1818,23
345,1818,23
346,1818,23
347,1818,23
348,1818,23
349,1818,23
350,1818,23
351,1818,23
352,1818,23
353,1818,23
354,1818,23
355,1818,23
356,1818,23
357,1818,23
358,1818,23
359,1818,23
360,1818,23
361,1818,23
362,1818,23
363,1818,23
364,1039,8
365,1818,23
366,1818,23
367,1818,23
368,1039,8
369,1039,8
370,844,6
371,844,6
372,764,5
373,1039,8
374,1039,8
375,1039,8
376,1039,8
377,764,5
378,764,5
379,764,5
380,1039,8
381,844,6
382,764,5
383,764,5
384,764,5
385,1039,8
386,1039,8
387,764,5
388,764,5
389,1039,8
390,1039,8
391,1039,8
392,844,6
393,844,6
394,1039,8
395,844,6
396,1039,8
397,1039,8
398,1039,8
399,844,6
400,844,6
401,1039,8
402,1039,8
403,1039,8
404,1039,8
405,764,5
406,764,5
407,764,5
408,764,5
409,1039,8
410,844,6
411,764,5
412,764,5
413,764,5
414,764,5
415,764,5
416,764,5
417,417,3
418,764,5
419,764,5
420,844,6
421,764,5
422,764,5
423,764,5
424,764,5
425,1039,8
426,1039,8
427,844,6
428,1039,8
429,1039,8
430,844,6
431,764,5
432,764,5
433,764,5
434,764,5
435,764,5
436,1039,8
437,764,5
438,844,6
439,844,6
440,844,6
441,844,6
442,1039,8
443,1039,8
444,1039,8
445,844,6
446,764,5
447,764,5
448,1039,8
449,1039,8
450,844,6
451,844,6
452,844,6
453,1039,8
454,844,6
455,844,6
456,764,5
457,764,5
458,2035,24
459,2035,24
460,1039,8
461,844,6
462,844,6
463,844,6
464,2035,24
465,844,6
466,844,6
467,844,6
468,764,5
469,2035,24
470,1039,8
471,844,6
472,844,6
473,764,5
474,1039,8
475,844,6
476,844,6
477,2035,24
478,2035,24
479,844,6
480,844,6
481,2035,24
482,2035,24
483,2035,24
484,2035,24
485,844,6
486,844,6
487,844,6
488,764,5
489,2035,24
490,2035,24
491,2035,24
492,2035,24
493,844,6
494,2035,24
495,844,6
496,2035,24
497,844,6
498,844,6
499,844,6
500,1039,8
501,844,6
502,2035,24
503,2035,24
504,2035,24
505,2035,24
506,844,6
507,844,6
508,844,6
509,844,6
510,764,5
511,2035,24
512,844,6
513,2035,24
514,844,6
515,2035,24
516,2035,24
517,2035,24
518,2035,24
519,2035,24
520,844,6
521,844,6
522,844,6
523,1039,8
524,844,6
525,2035,24
526,2035,24
527,844,6
528,844,6
529,2035,24
530,2035,24
531,2035,24
532,2035,24
533,2035,24
534,2035,24
535,2035,24
536,2035,24
537,2035,24
538,2035,24
539,2035,24
540,2035,24
541,2035,24
542,2035,24
543,2035,24
544,2035,24
545,2035,24
546,2035,24
547,2035,24
548,2035,24
549,2035,24
550,2035,24
551,2035,24
552,2035,24
553,2035,24
554,2035,24
555,2035,24
556,2035,24
557,2035,24
558,2035,24
559,2035,24
560,2035,24
561,2035,24
562,2035,24
563,2035,24
564,2035,24
565,2035,24
566,2035,24
567,2035,24
568,2035,24
569,2035,24
570,2035,24
571,2035,24
572,2035,24
573,2035,24
574,2035,24
575,2035,24
576,2035,24
577,2035,24
578,2035,24
579,2035,24
580,2035,24
581,2035,24
582,2035,24
583,2035,24
584,2035,24
585,2035,24
586,2035,24
587,2035,24
588,2035,24
589,2035,24
590,2035,24
591,2035,24
592,2035,24
593,2035,24
594,2035,24
595,2035,24
596,2035,24
597,2035,24
598,2035,24
599,2035,24
600,2035,24
601,2035,24
602,2035,24
603,2035,24
604,2035,24
605,2035,24
606,2035,24
607,2035,24
608,2035,24
609,844,6
610,2035,24
611,2035,24
612,2035,24
613,2035,24
614,2035,24
615,2035,24
616,2035,24
617,2035,24
618,2035,24
619,2035,24
620,764,5
621,2035,24
622,764,5
623,2035,24
624,2035,24
625,2035,24
626,2035,24
627,2035,24
628,2035,24
629,2035,24
630,2035,24
631,764,5
632,764,5
633,2035,24
634,2035,24
635,2035,24
636,2035,24
637,2035,24
638,2035,24
639,2035,24
640,2035,24
641,2035,24
642,844,6
643,844,6
644,764,5
645,764,5
646,764,5
647,764,5
648,844,6
649,844,6
650,844,6
651,1039,8
652,764,5
653,764,5
654,764,5
655,764,5
656,764,5
657,764,5
658,764,5
659,1039,8
660,1039,8
661,844,6
662,764,5
663,764,5
664,664,4
665,764,5
666,764,5
667,764,5
668,764,5
669,764,5
670,1039,8
671,1039,8
672,844,6
673,1039,8
674,844,6
675,844,6
676,764,5
677,764,5
678,764,5
679,844,6
680,764,5
681,764,5
682,1039,8
683,1039,8
684,844,6
685,764,5
686,764,5
687,764,5
688,764,5
689,764,5
690,1039,8
691,764,5
692,764,5
693,764,5
694,764,5
695,764,5
696,764,5
697,764,5
698,764,5
699,1818,23
700,1818,23
701,1818,23
702,1818,23
703,1818,23
704,1818,23
705,1818,23
706,1818,23
707,1818,23
708,1818,23
709,1818,23
710,1818,23
711,1818,23
712,1818,23
713,844,6
714,1818,23
715,1818,23
716,1818,23
717,1818,23
718,1818,23
719,1818,23
720,1818,23
721,1818,23
722,1818,23
723,1818,23
724,1818,23
725,844,6
726,1818,23
727,1818,23
728,1818,23
729,1039,8
730,1818,23
731,1039,8
732,1039,8
733,764,5
734,764,5
735,1039,8
736,1039,8
737,1039,8
738,1039,8
739,844,6
740,764,5
741,1039,8
742,764,5
743,764,5
744,764,5
745,764,5
746,764,5
747,764,5
748,764,5
749,764,5
750,764,5
751,764,5
752,764,5
753,764,5
754,764,5
755,844,6
756,844,6
757,1039,8
758,1039,8
759,764,5
760,764,5
761,764,5
762,764,5
763,764,5
764,764,5
765,764,5
766,1039,8
767,764,5
768,764,5
769,844,6
770,844,6
771,844,6
772,764,5
773,764,5
774,1039,8
775,764,5
776,1039,8
777,844,6
778,844,6
779,764,5
780,764,5
781,764,5
782,764,5
783,1039,8
784,1039,8
785,1039,8
786,844,6
787,1039,8
788,764,5
789,764,5
790,1039,8
791,1039,8
792,844,6
793,844,6
794,844,6
795,844,6
796,1039,8
797,1039,8
798,844,6
799,764,5
800,764,5
801,764,5
802,764,5
803,1039,8
804,1039,8
805,1039,8
806,764,5
807,764,5
808,764,5
809,2035,24
810,844,6
811,844,6
812,844,6
813,1039,8
814,1039,8
815,844,6
816,764,5
817,1039,8
818,844,6
819,844,6
820,1039,8
821,844,6
822,1039,8
823,844,6
824,844,6
825,764,5
826,2035,24
827,2035,24
828,844,6
829,764,5
830,844,6
831,844,6
832,844,6
833,1039,8
834,844,6
835,844,6
836,764,5
837,764,5
838,764,5
839,764,5
840,2035,24
841,2035,24
842,2035,24
843,844,6
844,844,6
845,844,6
846,2035,24
847,2035,24
848,844,6
849,2035,24
850,2035,24
851,2035,24
852,844,6
853,844,6
854,1039,8
855,844,6
856,1039,8
857,844,6
858,2035,24
859,2035,24
860,2035,24
861,2035,24
862,844,6
863,2035,24
864,1039,8
865,2035,24
866,2035,24
867,2035,24
868,2035,24
869,844,6
870,2035,24
871,2035,24
872,2035,24
873,2035,24
874,2035,24
875,2035,24
876,2035,24
877,2035,24
878,2035,24
879,2035,24
880,2035,24
881,2035,24
882,2035,24
883,2035,24
884,2035,24
885,2035,24
886,844,6
887,844,6
888,2035,24
889,2035,24
890,2035,24
891,2035,24
892,2035,24
893,2035,24
894,2035,24
895,2035,24
896,2035,24
897,2035,24
898,2035,24
899,2035,24
900,2035,24
901,2035,24
902,844,6
903,2035,24
904,2035,24
905,2035,24
906,2035,24
907,2035,24
908,2035,24
909,2035,24
910,2035,24
911,2035,24
912,2035,24
913,2035,24
914,2035,24
915,2035,24
916,2035,24
917,2035,24
918,2035,24
919,2035,24
920,2035,24
921,2035,24
922,2035,24
923,2035,24
924,2035,24
925,2035,24
926,2035,24
927,2035,24
928,2035,24
929,2035,24
930,2035,24
931,2035,24
932,2035,24
933,2035,24
934,2035,24
935,2035,24
936,2035,24
937,2035,24
938,938,7
939,2035,24
940,2035,24
941,2035,24
942,2035,24
943,2035,24
944,2035,24
945,2035,24
946,2035,24
947,2035,24
948,844,6
949,844,6
950,2035,24
951,2035,24
952,2035,24
953,2035,24
954,2035,24
955,2035,24
956,2035,24
957,2035,24
958,2035,24
959,2035,24
960,2035,24
961,2035,24
962,2035,24
963,2035,24
964,2035,24
965,2035,24
966,2035,24
967,2035,24
968,2035,24
969,2035,24
970,2035,24
971,2035,24
972,2035,24
973,2035,24
974,2035,24
975,2035,24
976,2035,24
977,2035,24
978,2035,24
979,1039,8
980,2035,24
981,2035,24
982,2035,24
983,2035,24
984,2035,24
985,2035,24
986,2035,24
987,2035,24
988,2035,24
989,2035,24
990,2035,24
991,2035,24
992,2035,24
993,1039,8
994,844,6
995,2035,24
996,2035,24
997,2035,24
998,2035,24
999,2035,24
1000,764,5
1001,2035,24
1002,844,6
1003,844,6
1004,764,5
1005,764,5
1006,844,6
1007,844,6
1008,764,5
1009,764,5
1010,764,5
1011,764,5
1012,764,5
1013,764,5
1014,764,5
1015,1039,8
1016,844,6
1017,1039,8
1018,764,5
1019,764,5
1020,764,5
1021,764,5
1022,844,6
1023,764,5
1024,764,5
1025,764,5
1026,764,5
1027,1039,8
1028,764,5
1029,1039,8
1030,844,6
1031,844,6
1032,844,6
1033,1039,8
1034,764,5
1035,764,5
1036,764,5
1037,764,5
1038,764,5
1039,1039,8
1040,1039,8
1041,1039,8
1042,764,5
1043,764,5
1044,764,5
1045,764,5
1046,844,6
1047,764,5
1048,764,5
1049,764,5
1050,1039,8
1051,1051,9
1052,764,5
1053,1039,8
1054,1039,8
1055,1039,8
1056,1039,8
1057,764,5
1058,764,5
1059,764,5
1060,764,5
1061,1039,8
1062,1039,8
1063,1818,23
1064,764,5
1065,1818,23
1066,1818,23
1067,1818,23
1068,1818,23
1069,1818,23
1070,1818,23
1071,1071,10
1072,1818,23
1073,1818,23
1074,1818,23
1075,1818,23
1076,1818,23
1077,1818,23
1078,1818,23
1079,1818,23
1080,1818,23
1081,1818,23
1082,1818,23
1083,1818,23
1084,1818,23
1085,1818,23
1086,1086,11
1087,1087,12
1088,1818,23
1089,1818,23
1090,1818,23
1091,1818,23
1092,1818,23
1093,1093,13
1094,1818,23
1095,1818,23
1096,1039,8
1097,764,5
1098,764,5
1099,764,5
1100,764,5
1101,764,5
1102,764,5
1103,764,5
1104,764,5
1105,764,5
1106,1039,8
1107,1039,8
1108,1039,8
1109,764,5
1110,1039,8
1111,764,5
1112,1039,8
1113,1039,8
1114,844,6
1115,844,6
1116,844,6
1117,844,6
1118,844,6
1119,764,5
1120,764,5
1121,764,5
1122,764,5
1123,764,5
1124,764,5
1125,764,5
1126,764,5
1127,764,5
1128,764,5
1129,764,5
1130,764,5
1131,764,5
1132,764,5
1133,764,5
1134,764,5
1135,764,5
1136,764,5
1137,764,5
1138,1039,8
1139,764,5
1140,764,5
1141,764,5
1142,764,5
1143,764,5
1144,764,5
1145,764,5
1146,764,5
1147,764,5
1148,844,6
1149,764,5
1150,1039,8
1151,764,5
1152,1039,8
1153,764,5
1154,764,5
1155,764,5
1156,1039,8
1157,764,5
1158,844,6
1159,764,5
1160,764,5
1161,764,5
1162,844,6
1163,844,6
1164,844,6
1165,1039,8
1166,1039,8
1167,844,6
1168,764,5
1169,764,5
1170,764,5
1171,764,5
1172,1039,8
1173,844,6
1174,764,5
1175,1039,8
1176,1039,8
1177,764,5
1178,764,5
1179,1039,8
1180,844,6
1181,844,6
1182,1039,8
1183,1039,8
1184,844,6
1185,844,6
1186,844,6
1187,1039,8
1188,1039,8
1189,844,6
1190,844,6
1191,844,6
1192,764,5
1193,1039,8
1194,2035,24
1195,1039,8
1196,844,6
1197,844,6
1198,764,5
1199,764,5
1200,764,5
1201,2035,24
1202,764,5
1203,2035,24
1204,2035,24
1205,844,6
1206,844,6
1207,1039,8
1208,844,6
1209,1039,8
1210,764,5
1211,2035,24
1212,844,6
1213,844,6
1214,844,6
1215,844,6
1216,1039,8
1217,844,6
1218,1039,8
1219,844,6
1220,844,6
1221,844,6
1222,2035,24
1223,844,6
1224,844,6
1225,844,6
1226,844,6
1227,2035,24
1228,2035,24
1229,2035,24
1230,2035,24
1231,2035,24
1232,1232,14
1233,844,6
1234,1039,8
1235,2035,24
1236,844,6
1237,844,6
1238,844,6
1239,764,5
1240,2035,24
1241,844,6
1242,844,6
1243,844,6
1244,2035,24
1245,2035,24
1246,2035,24
1247,2035,24
1248,2035,24
1249,2035,24
1250,1039,8
1251,2035,24
1252,2035,24
1253,2035,24
1254,2035,24
1255,844,6
1256,844,6
1257,844,6
1258,844,6
1259,2035,24
1260,2035,24
1261,2035,24
1262,844,6
1263,2035,24
1264,2035,24
1265,2035,24
1266,2035,24
1267,2035,24
1268,2035,24
1269,2035,24
1270,2035,24
1271,2035,24
1272,2035,24
1273,2035,24
1274,2035,24
1275,2035,24
1276,2035,24
1277,2035,24
1278,844,6
1279,844,6
1280,2035,24
1281,2035,24
1282,2035,24
1283,2035,24
1284,2035,24
1285,2035,24
1286,2035,24
1287,2035,24
1288,2035,24
1289,2035,24
1290,2035,24
1291,2035,24
1292,2035,24
1293,2035,24
1294,2035,24
1295,1295,15
1296,2035,24
1297,2035,24
1298,2035,24
1299,2035,24
1300,2035,24
1301,2035,24
1302,2035,24
1303,2035,24
1304,2035,24
1305,2035,24
1306,2035,24
1307,2035,24
1308,2035,24
1309,2035,24
1310,2035,24
1311,2035,24
1312,2035,24
1313,2035,24
1314,2035,24
1315,2035,24
1316,2035,24
1317,2035,24
1318,2035,24
1319,2035,24
1320,2035,24
1321,2035,24
1322,2035,24
1323,2035,24
1324,2035,24
1325,2035,24
1326,2035,24
1327,2035,24
1328,2035,24
1329,2035,24
1330,2035,24
1331,2035,24
1332,2035,24
1333,2035,24
1334,2035,24
1335,844,6
1336,844,6
1337,844,6
1338,2035,24
1339,2035,24
1340,2035,24
1341,2035,24
1342,2035,24
1343,844,6
1344,2035,24
1345,2035,24
1346,844,6
1347,844,6
1348,764,5
1349,2035,24
1350,2035,24
1351,2035,24
1352,2035,24
1353,2035,24
1354,2035,24
1355,2035,24
1356,2035,24
1357,1039,8
1358,2035,24
1359,2035,24
1360,844,6
1361,764,5
1362,2035,24
1363,2035,24
1364,2035,24
1365,1365,16
1366,2035,24
1367,2035,24
1368,2035,24
1369,2035,24
1370,2035,24
1371,2035,24
1372,844,6
1373,844,6
1374,764,5
1375,764,5
1376,764,5
1377,764,5
1378,764,5
1379,764,5
1380,764,5
1381,764,5
1382,764,5
1383,764,5
1384,764,5
1385,764,5
1386,764,5
1387,764,5
1388,764,5
1389,764,5
1390,764,5
1391,1039,8
1392,1039,8
1393,844,6
1394,1039,8
1395,1039,8
1396,1039,8
1397,764,5
1398,844,6
1399,764,5
1400,764,5
1401,764,5
1402,764,5
1403,764,5
1404,764,5
1405,1039,8
1406,1039,8
1407,844,6
1408,1039,8
1409,764,5
1410,764,5
1411,764,5
1412,764,5
1413,1039,8
1414,1039,8
1415,1039,8
1416,1039,8
1417,1039,8
1418,1039,8
1419,844,6
1420,844,6
1421,1039,8
1422,844,6
1423,844,6
1424,764,5
1425,764,5
1426,1039,8
1427,844,6
1428,1818,23
1429,1818,23
1430,1818,23
1431,1818,23
1432,1818,23
1433,1818,23
1434,1818,23
1435,1818,23
1436,1818,23
1437,1818,23
1438,1818,23
1439,1818,23
1440,1818,23
1441,1818,23
1442,1818,23
1443,1818,23
1444,1818,23
1445,1818,23
1446,1818,23
1447,1818,23
1448,1448,17
1449,1818,23
1450,1818,23
1451,1818,23
1452,1818,23
1453,1818,23
1454,1818,23
1455,1818,23
1456,1818,23
1457,1818,23
1458,1458,18
1459,1459,19
1460,1818,23
1461,764,5
1462,764,5
1463,764,5
1464,1464,20
1465,764,5
1466,764,5
1467,764,5
1468,764,5
1469,764,5
1470,764,5
1471,764,5
1472,1039,8
1473,1039,8
1474,1039,8
1475,764,5
1476,1039,8
1477,1039,8
1478,764,5
1479,844,6
1480,764,5
1481,764,5
1482,1039,8
1483,764,5
1484,764,5
1485,764,5
1486,764,5
1487,764,5
1488,764,5
1489,764,5
1490,764,5
1491,844,6
1492,1492,21
1493,1493,22
1494,764,5
1495,1039,8
1496,1039,8
1497,844,6
1498,1039,8
1499,844,6
1500,764,5
1501,764,5
1502,764,5
1503,1039,8
1504,1039,8
1505,1039,8
1506,1039,8
1507,844,6
1508,844,6
1509,844,6
1510,844,6
1511,844,6
1512,764,5
1513,1039,8
1514,1039,8
1515,844,6
1516,844,6
1517,844,6
1518,844,6
1519,1039,8
1520,1039,8
1521,1039,8
1522,844,6
1523,844,6
1524,764,5
1525,764,5
1526,844,6
1527,844,6
1528,1039,8
1529,1039,8
1530,764,5
1531,2035,24
1532,1039,8
1533,1039,8
1534,1039,8
1535,844,6
1536,844,6
1537,1039,8
1538,844,6
1539,844,6
1540,844,6
1541,844,6
1542,1039,8
1543,844,6
1544,844,6
1545,844,6
1546,1039,8
1547,844,6
1548,2035,24
1549,1039,8
1550,1039,8
1551,2035,24
1552,844,6
1553,844,6
1554,1039,8
1555,1039,8
1556,844,6
1557,844,6
1558,844,6
1559,844,6
1560,1039,8
1561,1039,8
1562,2035,24
1563,844,6
1564,844,6
1565,1039,8
1566,2035,24
1567,844,6
1568,844,6
1569,2035,24
1570,844,6
1571,844,6
1572,2035,24
1573,2035,24
1574,844,6
1575,844,6
1576,844,6
1577,2035,24
1578,844,6
1579,844,6
1580,844,6
1581,844,6
1582,2035,24
1583,2035,24
1584,2035,24
1585,2035,24
1586,2035,24
1587,844,6
1588,844,6
1589,844,6
1590,844,6
1591,2035,24
1592,2035,24
1593,2035,24
1594,844,6
1595,844,6
1596,844,6
1597,844,6
1598,844,6
1599,844,6
1600,2035,24
1601,2035,24
1602,2035,24
1603,844,6
1604,844,6
1605,1039,8
1606,844,6
1607,844,6
1608,844,6
1609,844,6
1610,844,6
1611,844,6
1612,844,6
1613,844,6
1614,2035,24
1615,2035,24
1616,2035,24
1617,844,6
1618,2035,24
1619,2035,24
1620,2035,24
1621,2035,24
1622,2035,24
1623,2035,24
1624,2035,24
1625,2035,24
1626,2035,24
1627,844,6
1628,2035,24
1629,844,6
1630,844,6
1631,2035,24
1632,2035,24
1633,2035,24
1634,844,6
1635,2035,24
1636,2035,24
1637,2035,24
1638,2035,24
1639,844,6
1640,844,6
1641,2035,24
1642,2035,24
1643,2035,24
1644,2035,24
1645,2035,24
1646,2035,24
1647,2035,24
1648,2035,24
1649,2035,24
1650,2035,24
1651,2035,24
1652,2035,24
1653,2035,24
1654,2035,24
1655,2035,24
1656,2035,24
1657,2035,24
1658,2035,24
1659,2035,24
1660,2035,24
1661,2035,24
1662,2035,24
1663,2035,24
1664,2035,24
1665,2035,24
1666,2035,24
1667,2035,24
1668,2035,24
1669,2035,24
1670,2035,24
1671,2035,24
1672,2035,24
1673,2035,24
1674,2035,24
1675,2035,24
1676,2035,24
1677,2035,24
1678,2035,24
1679,2035,24
1680,2035,24
1681,2035,24
1682,2035,24
1683,2035,24
1684,2035,24
1685,2035,24
1686,2035,24
1687,2035,24
1688,2035,24
1689,2035,24
1690,2035,24
1691,2035,24
1692,2035,24
1693,2035,24
1694,2035,24
1695,2035,24
1696,2035,24
1697,2035,24
1698,2035,24
1699,2035,24
1700,2035,24
1701,2035,24
1702,2035,24
1703,2035,24
1704,2035,24
1705,2035,24
1706,2035,24
1707,2035,24
1708,2035,24
1709,2035,24
1710,2035,24
1711,2035,24
1712,2035,24
1713,2035,24
1714,2035,24
1715,2035,24
1716,2035,24
1717,2035,24
1718,2035,24
1719,2035,24
1720,764,5
1721,764,5
1722,2035,24
1723,2035,24
1724,2035,24
1725,2035,24
1726,2035,24
1727,2035,24
1728,2035,24
1729,2035,24
1730,2035,24
1731,2035,24
1732,2035,24
1733,2035,24
1734,2035,24
1735,2035,24
1736,2035,24
1737,844,6
1738,844,6
1739,844,6
1740,1039,8
1741,764,5
1742,764,5
1743,1039,8
1744,1039,8
1745,764,5
1746,764,5
1747,764,5
1748,764,5
1749,2035,24
1750,764,5
1751,764,5
1752,764,5
1753,764,5
1754,764,5
1755,764,5
1756,764,5
1757,1039,8
1758,844,6
1759,844,6
1760,764,5
1761,764,5
1762,764,5
1763,764,5
1764,1039,8
1765,844,6
1766,1039,8
1767,1039,8
1768,844,6
1769,844,6
1770,764,5
1771,764,5
1772,764,5
1773,764,5
1774,764,5
1775,1039,8
1776,844,6
1777,1039,8
1778,1039,8
1779,764,5
1780,764,5
1781,1039,8
1782,844,6
1783,764,5
1784,764,5
1785,1039,8
1786,1039,8
1787,1039,8
1788,1039,8
1789,1039,8
1790,764,5
1791,764,5
1792,764,5
1793,764,5
1794,1039,8
1795,844,6
1796,1818,23
1797,1818,23
1798,1818,23
1799,1818,23
1800,1818,23
1801,1818,23
1802,1818,23
1803,1818,23
1804,1818,23
1805,1818,23
1806,1818,23
1807,1818,23
1808,1818,23
1809,1818,23
1810,1818,23
1811,1818,23
1812,1818,23
1813,1818,23
1814,1818,23
1815,1818,23
1816,1818,23
1817,1818,23
1818,1818,23
1819,1818,23
1820,1818,23
1821,1818,23
1822,1818,23
1823,1818,23
1824,1039,8
1825,1818,23
1826,764,5
1827,1039,8
1828,764,5
1829,764,5
1830,764,5
1831,764,5
1832,764,5
1833,764,5
1834,764,5
1835,764,5
1836,764,5
1837,764,5
1838,764,5
1839,1039,8
1840,1039,8
1841,844,6
1842,1039,8
1843,1039,8
1844,1039,8
1845,1039,8
1846,844,6
1847,1039,8
1848,764,5
1849,1039,8
1850,1039,8
1851,1039,8
1852,844,6
1853,764,5
1854,1039,8
1855,764,5
1856,764,5
1857,1039,8
1858,1039,8
1859,764,5
1860,764,5
1861,764,5
1862,764,5
1863,764,5
1864,764,5
1865,764,5
1866,764,5
1867,764,5
1868,764,5
1869,844,6
1870,764,5
1871,1039,8
1872,764,5
1873,764,5
1874,1039,8
1875,844,6
1876,764,5
1877,1039,8
1878,1039,8
1879,844,6
1880,1039,8
1881,1039,8
1882,764,5
1883,844,6
1884,844,6
1885,1039,8
1886,844,6
1887,844,6
1888,1039,8
1889,764,5
1890,1039,8
1891,844,6
1892,844,6
1893,764,5
1894,764,5
1895,1039,8
1896,1039,8
1897,1039,8
1898,1039,8
1899,1039,8
1900,1039,8
1901,1039,8
1902,844,6
1903,844,6
1904,1039,8
1905,1039,8
1906,1039,8
1907,1039,8
1908,2035,24
1909,1039,8
1910,844,6
1911,844,6
1912,1039,8
1913,1039,8
1914,1039,8
1915,1039,8
1916,844,6
1917,844,6
1918,844,6
1919,1039,8
1920,1039,8
1921,844,6
1922,844,6
1923,764,5
1924,2035,24
1925,2035,24
1926,2035,24
1927,844,6
1928,844,6
1929,844,6
1930,844,6
1931,764,5
1932,2035,24
1933,2035,24
1934,844,6
1935,2035,24
1936,2035,24
1937,2035,24
1938,2035,24
1939,2035,24
1940,2035,24
1941,2035,24
1942,844,6
1943,844,6
1944,2035,24
1945,2035,24
1946,1039,8
1947,844,6
1948,2035,24
1949,844,6
1950,844,6
1951,844,6
1952,2035,24
1953,2035,24
1954,2035,24
1955,2035,24
1956,2035,24
1957,2035,24
1958,2035,24
1959,2035,24
1960,2035,24
1961,2035,24
1962,2035,24
1963,844,6
1964,844,6
1965,2035,24
1966,2035,24
1967,2035,24
1968,844,6
1969,844,6
1970,844,6
1971,844,6
1972,844,6
1973,2035,24
1974,2035,24
1975,2035,24
1976,2035,24
1977,2035,24
1978,2035,24
1979,844,6
1980,2035,24
1981,844,6
1982,844,6
1983,2035,24
1984,2035,24
1985,844,6
1986,844,6
1987,2035,24
1988,2035,24
1989,2035,24
1990,2035,24
1991,2035,24
1992,2035,24
1993,2035,24
1994,2035,24
1995,844,6
1996,2035,24
1997,2035,24
1998,2035,24
1999,844,6
2000,844,6
2001,2035,24
2002,2035,24
2003,2035,24
2004,2035,24
2005,2035,24
2006,2035,24
2007,2035,24
2008,2035,24
2009,2035,24
2010,2035,24
2011,2035,24
2012,2035,24
2013,2035,24
2014,2035,24
2015,2035,24
2016,2035,24
2017,2035,24
2018,2035,24
2019,2035,24
2020,2035,24
2021,2035,24
2022,2035,24
2023,2035,24
2024,2035,24
2025,2035,24
2026,2035,24
2027,2035,24
2028,2035,24
2029,2035,24
2030,2035,24
2031,2035,24
2032,2035,24
2033,2035,24
2034,2035,24
2035,2035,24
2036,2035,24
2037,2035,24
2038,2035,24
2039,2035,24
2040,2035,24
2041,2035,24
2042,2035,24
2043,2035,24
2044,2035,24
2045,2035,24
2046,2035,24
2047,2035,24
2048,2035,24
2049,2035,24
2050,2035,24
2051,2035,24
2052,2035,24
2053,2035,24
2054,2035,24
2055,2035,24
2056,2035,24
2057,2035,24
2058,2035,24
2059,2035,24
2060,2035,24
2061,2035,24
2062,2035,24
2063,2035,24
2064,2035,24
2065,2035,24
2066,2035,24
2067,2035,24
2068,2035,24
2069,2035,24
2070,2035,24
2071,2035,24
2072,2035,24
2073,2035,24
2074,2035,24
2075,2035,24
2076,2035,24
2077,2035,24
2078,2035,24
2079,2035,24
2080,2035,24
2081,2035,24
2082,2035,24
2083,2035,24
2084,2035,24
2085,2035,24
2086,2035,24
2087,2035,24
2088,2035,24
2089,2035,24
2090,2035,24
2091,2035,24
2092,2035,24
2093,2035,24
2094,2035,24
2095,764,5
2096,764,5
2097,2035,24
2098,764,5
2099,2035,24
2100,764,5
2101,2035,24
2102,844,6
2103,2035,24
2104,2035,24
2105,764,5
2106,764,5
2107,764,5
2108,764,5
2109,764,5
2110,764,5
2111,764,5
2112,764,5
2113,764,5
2114,764,5
2115,1039,8
2116,764,5
2117,764,5
2118,1039,8
2119,1039,8
2120,844,6
2121,844,6
2122,844,6
2123,844,6
2124,764,5
2125,764,5
2126,764,5
2127,764,5
2128,764,5
2129,764,5
2130,1039,8
2131,764,5
2132,764,5
2133,764,5
2134,764,5
2135,764,5
2136,764,5
2137,764,5
2138,844,6
2139,844,6
2140,844,6
2141,764,5
2142,764,5
2143,764,5
2144,764,5
2145,764,5
2146,764,5
2147,1039,8
2148,1039,8
2149,1039,8
2150,1039,8
2151,1039,8
2152,764,5
2153,764,5
2154,764,5
2155,764,5
2156,764,5
2157,764,5
2158,1039,8
2159,1039,8
2160,1039,8
2161,1039,8
2162,1039,8
2163,1818,23
2164,1818,23
2165,1818,23
2166,1818,23
2167,1818,23
2168,1818,23
2169,1818,23
2170,1818,23
2171,1818,23
2172,1818,23
2173,1818,23
2174,1818,23
2175,1818,23
2176,1818,23
2177,1039,8
2178,1818,23
2179,1818,23
2180,1818,23
2181,1818,23
2182,1818,23
2183,1818,23
2184,1818,23
2185,1818,23
2186,1818,23
2187,1818,23
2188,1818,23
2189,1818,23
2190,764,5
2191,764,5
2192,764,5
2193,764,5
2194,764,5
2195,764,5
2196,764,5
2197,764,5
2198,764,5
2199,1039,8
2200,844,6
2201,844,6
2202,764,5
2203,764,5
2204,764,5
2205,764,5
2206,764,5
2207,764,5
2208,764,5
2209,764,5
2210,764,5
2211,764,5
2212,764,5
2213,764,5
2214,764,5
2215,764,5
2216,764,5
2217,844,6
2218,844,6
2219,844,6
2220,1039,8
2221,764,5
2222,764,5
2223,764,5
2224,764,5
2225,764,5
2226,764,5
2227,764,5
2228,764,5
2229,844,6
2230,844,6
2231,1039,8
2232,764,5
2233,764,5
2234,764,5
2235,764,5
2236,764,5
2237,764,5
2238,1039,8
2239,764,5
2240,844,6
2241,844,6
2242,764,5
2243,1039,8
2244,1039,8
2245,844,6
2246,1039,8
2247,844,6
2248,764,5
2249,764,5
2250,764,5
2251,764,5
2252,844,6
2253,764,5
2254,1039,8
2255,844,6
2256,764,5
2257,844,6
2258,844,6
2259,764,5
2260,764,5
2261,764,5
2262,764,5
2263,764,5
2264,764,5
2265,1039,8
2266,844,6
2267,764,5
2268,764,5
2269,1039,8
2270,844,6
2271,844,6
2272,764,5
2273,764,5
2274,764,5
2275,2035,24
2276,2035,24
2277,764,5
2278,764,5
2279,2035,24
2280,2035,24
2281,2035,24
2282,2035,24
2283,764,5
2284,1039,8
2285,844,6
2286,1039,8
2287,1039,8
2288,844,6
2289,844,6
2290,1039,8
2291,1039,8
2292,2035,24
2293,844,6
2294,844,6
2295,844,6
2296,844,6
2297,844,6
2298,764,5
2299,1039,8
2300,1039,8
2301,2035,24
2302,844,6
2303,2035,24
2304,2035,24
2305,2035,24
2306,2035,24
2307,2035,24
2308,2035,24
2309,1039,8
2310,844,6
2311,844,6
2312,844,6
2313,2035,24
2314,1039,8
2315,844,6
2316,2035,24
2317,2035,24
2318,2035,24
2319,2035,24
2320,2035,24
2321,2035,24
2322,2035,24
2323,2035,24
2324,2035,24
2325,844,6
2326,844,6
2327,844,6
2328,844,6
2329,844,6
2330,764,5
2331,1039,8
2332,844,6
2333,844,6
2334,2035,24
2335,2035,24
2336,844,6
2337,2035,24
2338,844,6
2339,844,6
2340,844,6
2341,2035,24
2342,2035,24
2343,2035,24
2344,2035,24
2345,2035,24
2346,2035,24
2347,2035,24
2348,2035,24
2349,2035,24
2350,2035,24
2351,844,6
2352,2035,24
2353,2035,24
2354,844,6
2355,2035,24
2356,2035,24
2357,2035,24
2358,2035,24
2359,2035,24
2360,844,6
2361,2035,24
2362,2035,24
2363,2035,24
2364,2035,24
2365,844,6
2366,2035,24
2367,2035,24
2368,2035,24
2369,2035,24
2370,2035,24
2371,2035,24
2372,2035,24
2373,2035,24
2374,2035,24
2375,2035,24
2376,2035,24
2377,2035,24
2378,2035,24
2379,2035,24
2380,2035,24
2381,2035,24
2382,2035,24
2383,2035,24
2384,2035,24
2385,2035,24
2386,2035,24
2387,2035,24
2388,2035,24
2389,2035,24
2390,2035,24
2391,2035,24
2392,2035,24
2393,2035,24
2394,2035,24
2395,2035,24
2396,2035,24
2397,2035,24
2398,2035,24
2399,2035,24
2400,2035,24
2401,2035,24
2402,2035,24
2403,2035,24
2404,2035,24
2405,2035,24
2406,2035,24
2407,2035,24
2408,2035,24
2409,2035,24
2410,2035,24
2411,2035,24
2412,2035,24
2413,2035,24
2414,2035,24
2415,2035,24
2416,2035,24
2417,2035,24
2418,2035,24
2419,2035,24
2420,2035,24
2421,2035,24
2422,2035,24
2423,2035,24
2424,2035,24
2425,2035,24
2426,2035,24
2427,2035,24
2428,2035,24
2429,2035,24
2430,2035,24
2431,2035,24
2432,2035,24
2433,2035,24
2434,2035,24
2435,2035,24
2436,2035,24
2437,2035,24
2438,2035,24
2439,2035,24
2440,2035,24
2441,764,5
2442,2035,24
2443,764,5
2444,2035,24
2445,764,5
2446,764,5
2447,764,5
2448,2035,24
2449,2035,24
2450,844,6
2451,764,5
2452,764,5
2453,2035,24
2454,844,6
2455,844,6
2456,764,5
2457,2035,24
2458,844,6
2459,844,6
2460,764,5
2461,1039,8
2462,1039,8
2463,1039,8
2464,2035,24
2465,2035,24
2466,844,6
2467,844,6
2468,764,5
2469,764,5
2470,1039,8
2471,844,6
2472,844,6
2473,844,6
2474,764,5
2475,764,5
2476,844,6
2477,764,5
2478,764,5
2479,764,5
2480,764,5
2481,764,5
2482,764,5
2483,764,5
2484,764,5
2485,764,5
2486,764,5
2487,764,5
2488,2488,25
2489,764,5
2490,1039,8
2491,844,6
2492,764,5
2493,764,5
2494,764,5
2495,764,5
2496,1039,8
2497,1039,8
2498,764,5
2499,764,5
2500,764,5
2501,1039,8
2502,764,5
2503,764,5
2504,764,5
2505,764,5
2506,764,5
2507,764,5
2508,764,5
2509,844,6
2510,844,6
2511,764,5
2512,1039,8
2513,1039,8
2514,1039,8
2515,1039,8
2516,844,6
2517,1818,23
2518,764,5
2519,764,5
2520,764,5
2521,764,5
2522,764,5
2523,764,5
2524,764,5
2525,1818,23
2526,1039,8
2527,1818,23
2528,1818,23
2529,1818,23
2530,1818,23
2531,1818,23
2532,1818,23
2533,1818,23
2534,1818,23
2535,1818,23
2536,1818,23
2537,1818,23
2538,1818,23
2539,1818,23
2540,1818,23
2541,1818,23
2542,1818,23
2543,1818,23
2544,1818,23
2545,1818,23
2546,1818,23
2547,1818,23
2548,1818,23
2549,1818,23
2550,1818,23
2551,1818,23
2552,1818,23
2553,1818,23
2554,1818,23
2555,1818,23
