Voll,Demand_Segment,Cost_of_Demand_Curtailment_per_MW,Max_Demand_Curtailment,$/MWh,Rep_Periods,Timesteps_per_Rep_Period,Sub_Weights,Demand_MW_z1,Demand_MW_z2,Demand_MW_z3,Demand_MW_z4,Demand_MW_z5,Demand_MW_z6,Demand_MW_z7,Time_Index
9000.0,1.0,1.0,1.0,9000.0,36.0,24.0,237.7431258183547,2244.312,32896.078199999996,0.0,442.4094,2912.562,18345.379500000003,13312.564199999999,1
,,,,,,,255.4695869539338,2106.1899,30078.3087,0.0,407.72790000000003,2788.713,17884.1466,12718.787400000001,2
,,,,,,,236.7003928103795,2016.9297,27911.7414,0.0,396.2412,2721.1275,17622.131400000002,12379.955399999999,3
,,,,,,,274.23878109748813,1987.6608,26906.0904,0.0,378.504,2738.466,17830.7334,12261.419100000001,4
,,,,,,,350.3582906796807,2014.1478,27055.818900000002,0.0,377.05140000000006,2854.1763,18511.033499999998,12316.857300000001,5
,,,,,,,253.3841209379833,2104.7382000000002,27993.059100000002,0.0,380.3967,2976.9633000000003,19753.620300000002,12585.6621,6
,,,,,,,187.6919414355432,2279.871,30365.244000000002,0.0,418.0266,3229.2603,21116.3868,13191.110100000002,7
,,,,,,,228.3585287465776,2464.5582000000004,33165.931500000006,0.0,472.9986,3511.9881,22047.1533,13742.9433,8
,,,,,,,188.73467444351843,2609.9379,34860.3849,0.0,527.0454,3648.5757,22530.0402,14325.413400000001,9
,,,,,,,207.5038685870728,2795.8356,36763.3305,0.0,595.7037,3985.4430000000007,22709.7693,14955.2982,10
,,,,,,,202.2902035471965,2965.5252,38371.221000000005,0.0,641.1681,4131.9387,23182.912800000002,15786.148500000001,11
,,,,,,,282.58064516129,3161.7036,39802.792499999996,0.0,697.0635,4285.8639,23503.032900000002,16621.375500000002,12
,,,,,,,152.239019164385,3366.7101000000002,40779.14400000001,0.0,740.9439,4428.1134,23774.0706,17655.3783,13
,,,,,,,162.66634924413745,3534.9489,41027.460300000006,0.0,776.9457,4532.4999,24429.4686,18432.9783,14
,,,,,,,291.9652422330672,3659.5251000000003,40588.218,0.0,798.9957,4615.3008,25048.4157,19670.134500000004,15
,,,,,,,217.93119866682517,3823.2891000000004,39165.535800000005,0.0,822.8061,4581.3312000000005,25262.4312,20280.3246,16
,,,,,,,201.24747053922133,3854.6144999999997,38470.747500000005,0.0,826.1955,4481.8983,25296.3558,20669.853600000002,17
,,,,,,,316.9908344244729,3663.5166,37045.1439,0.0,776.3733,4252.2480000000005,25081.6185,20594.719800000003,18
,,,,,,,277.36698012141386,3504.9537,35667.675,0.0,736.9830000000001,4065.7680000000005,24654.672000000002,20038.1454,19
,,,,,,,224.1875967146766,3334.5378,35558.0766,0.0,696.0518999999999,4012.6896,24032.836799999997,19101.8889,20
,,,,,,,200.20473753124608,3148.641,35647.698599999996,0.0,654.6357,3771.7164000000002,23089.0779,18317.724299999998,21
,,,,,,,212.71753362694895,2854.0116,34223.973300000005,0.0,605.8269,3518.0037,21634.281,17428.8825,22
,,,,,,,254.42685394595856,2598.6897,32959.3743,0.0,550.6794,3261.8142,21559.2138,16227.468900000002,23
,,,,,,,333.6745625520768,2340.9494999999997,34615.6614,0.0,490.7349,3028.9797,20048.1165,14983.018199999999,24
,,,,,,,326.3754314962501,2099.6586,31992.7581,0.0,346.06710000000004,3081.7035,17199.5148,13460.643900000001,25
,,,,,,,266.9396500416614,1997.8200000000002,28676.7513,0.0,332.2476,2875.761,16541.5905,12948.2019,26
,,,,,,,296.1361742649682,1932.3873000000003,26413.5159,0.0,316.2708,2784.4668,16545.199500000002,12584.2032,27
,,,,,,,371.2129508391855,1907.3511,25498.288800000002,0.0,304.8723,2795.4369,16779.4254,12463.4781,28
,,,,,,,178.30734436376605,1966.7367,26327.565,0.0,307.42470000000003,2837.5452,17695.0341,12601.345500000001,29
,,,,,,,181.43554338769172,2088.8937,28905.0363,0.0,321.4647,3072.1491,19605.2895,13153.1787,30
,,,,,,,179.35007737174126,2240.6841,33092.3367,0.0,349.4565,3321.9693,20979.6048,13488.7284,31
,,,,,,,241.9140578502557,2432.7495,37246.4262,0.0,397.6056,3607.5285,21642.5817,14063.5395,32
,,,,,,,235.65765980240425,2594.3354999999997,39980.1474,0.0,442.62989999999996,3989.6892000000003,21765.6495,14545.7091,33
,,,,,,,274.23878109748813,2795.5935000000004,40891.8087,0.0,485.982,4221.8172,21795.9651,15472.482300000001,34
,,,,,,,206.46113557909752,2910.2526000000003,42045.486300000004,0.0,535.6278000000001,4495.698899999999,21518.792100000002,16556.0886,35
,,,,,,,251.29865492203285,3071.1132000000002,42659.8497,0.0,588.2220000000001,4787.273700000001,21367.213200000002,17720.2998,36
,,,,,,,,3224.5965,43148.3436,0.0,675.0576,5075.6634,21561.740100000003,18933.3846,37
,,,,,,,,3454.0344,42994.9692,0.0,692.1342000000001,5399.0847,21747.9654,20033.7687,38
,,,,,,,,3607.0344,42325.5987,0.0,722.6352,5497.8102,22352.8374,21030.2046,39
,,,,,,,,3742.1325,40554.7227,0.0,728.1801,5459.9472000000005,22579.8453,21378.8844,40
,,,,,,,,3711.4119,39566.3013,0.0,710.7075,5301.4212,22886.251200000002,21523.681800000002,41
,,,,,,,,3645.9792,38591.8443,0.0,677.6109,4844.952,22543.393500000002,21103.515,42
,,,,,,,,3285.5544,37575.9864,0.0,597.1563,4597.9623,22480.236,19847.7576,43
,,,,,,,,3234.8772,36274.09680000001,0.0,569.3409,4426.6977,22002.7626,19240.1208,44
,,,,,,,,3033.2565,36568.8459,0.0,529.9938,4036.752,21347.3637,18353.1024,45
,,,,,,,,2699.3187,35120.69730000001,0.0,494.21160000000003,3699.1764,20371.4847,17400.069,46
,,,,,,,,2463.4701,35524.1529,0.0,444.60990000000004,3393.4473,18647.4546,15878.789099999998,47
,,,,,,,,2245.6422,35110.6326,0.0,397.341,3148.5816,18029.590200000002,14793.7239,48
,,,,,,,,1773.3401999999999,29692.4688,0.0,271.5543,2704.4964,18387.6048,10577.8359,49
,,,,,,,,1723.2678,26639.4483,0.0,253.5534,2600.1099,18100.3275,10296.2655,50
,,,,,,,,1707.0606,24652.1403,0.0,242.72640000000004,2525.0931,18214.3719,10136.150099999999,51
,,,,,,,,1728.4689,23949.6012,0.0,236.9169,2518.0164,18653.5899,10065.7575,52
,,,,,,,,1809.7461,24910.5366,0.0,242.199,2652.1263,19821.4695,10268.5464,53
,,,,,,,,1955.1258,27436.8123,0.0,256.23810000000003,2862.315,21706.461900000002,10780.6239,54
,,,,,,,,2131.5888,31133.7486,0.0,284.7141,3042.4257000000002,23069.5893,11302.5501,55
,,,,,,,,2215.5264,34547.9076,0.0,314.8623,3194.9361000000004,23537.6793,11484.549,56
,,,,,,,,2250.36,36561.500100000005,0.0,338.05710000000005,3339.3078,23548.5063,11311.3035,57
,,,,,,,,2295.8361,37339.0254,0.0,359.49060000000003,3422.1096000000002,23361.5592,11213.5563,58
,,,,,,,,2322.9288,36961.9767,0.0,378.37170000000003,3454.3107,23049.018,11281.0311,59
,,,,,,,,2317.6071,36295.2693,0.0,387.3942,3468.4641,22848.7167,11306.926800000001,60
,,,,,,,,2299.3434,35422.8021,0.0,401.74289999999996,3458.9106,22489.2585,11536.340400000001,61
,,,,,,,,2259.7938,34495.2819,0.0,415.2105,3461.0337,22009.9806,11846.3589,62
,,,,,,,,2223.1467000000002,33332.301900000006,0.0,417.85110000000003,3429.1872000000003,21775.032900000002,12194.3088,63
,,,,,,,,2188.4346,31220.2926,0.0,413.6256,3411.1404,21823.7553,12489.738299999999,64
,,,,,,,,2195.0865000000003,30713.061600000005,0.0,401.6988,3433.0788000000002,22065.9201,12895.6806,65
,,,,,,,,2252.6577,31428.7254,0.0,383.2578,3490.4034,22383.8748,13461.373800000001,66
,,,,,,,,2218.1877,32461.0299,0.0,372.43080000000003,3598.3287,22750.191000000003,13991.322600000001,67
,,,,,,,,2241.7722000000003,32865.053400000004,0.0,383.0373,3645.3906,22761.3789,13960.3212,68
,,,,,,,,2242.2564,33556.2102,0.0,370.1421,3521.5425,22313.4993,13957.0389,69
,,,,,,,,2154.4479,33158.2482,0.0,346.5513,3352.0472999999997,21455.2737,13275.727200000001,70
,,,,,,,,2019.7115999999999,33689.7828,0.0,317.3715,3135.1356,19970.882999999998,12161.848500000002,71
,,,,,,,,1888.8462,33099.327900000004,0.0,289.9521,2941.2243000000003,19046.9736,11405.403,72
,,,,,,,,1823.8968,30172.4766,0.0,239.47019999999998,2723.958,19506.041100000002,11406.8619,73
,,,,,,,,1766.0835000000002,29253.7638,0.0,231.2397,2591.6175,19256.2965,11250.0288,74
,,,,,,,,1742.0148,27103.363200000003,0.0,230.0076,2545.9704,19433.1384,11147.1759,75
,,,,,,,,1759.0689,25397.006400000002,0.0,230.0076,2539.9548,19863.6948,11342.6694,76
,,,,,,,,1827.7668,25002.3969,0.0,239.51430000000002,2628.7722000000003,20867.364,11639.9232,77
,,,,,,,,1973.268,25965.022500000003,0.0,257.7348,2846.0376,22537.6191,12414.24,78
,,,,,,,,2176.0974,27900.6588,0.0,285.3747,3106.827,24724.3257,13345.0254,79
,,,,,,,,2297.0457,29612.1546,0.0,309.8457,3280.9221000000002,25931.9043,13697.352,80
,,,,,,,,2369.2518,31334.368499999997,0.0,332.7318,3425.2947,26181.288,13432.9248,81
,,,,,,,,2414.7279,32383.1538,0.0,340.83,3521.5425,25960.054500000002,12985.7688,82
,,,,,,,,2433.5955,33176.5461,0.0,346.94730000000004,3555.5121,25651.483200000002,12571.4376,83
,,,,,,,,2430.9351,33492.5613,0.0,345.5829,3554.8047,24972.2658,12265.7958,84
,,,,,,,,2409.1641000000004,33609.7062,0.0,344.7027,3532.8654,24481.0773,12022.1577,85
,,,,,,,,2370.8241,33289.3989,0.0,341.3142,3493.9422,24158.7918,11950.3062,86
,,,,,,,,2319.3,32617.7757,0.0,334.2276,3417.5097,24087.3336,12006.1098,87
,,,,,,,,2313.2529,31944.3831,0.0,321.9048,3447.2331,24385.4388,12172.7898,88
,,,,,,,,2353.4073,31315.8078,0.0,328.1103,3561.5277,25519.032,12790.2744,89
,,,,,,,,2522.7342,33502.921200000004,0.0,357.9948,3769.947,26474.7015,13767.3801,90
,,,,,,,,2507.0112000000004,33550.111800000006,0.0,353.4615,3801.4398,26443.303200000002,14290.0353,91
,,,,,,,,2467.0989,32606.9928,0.0,342.36990000000003,3722.8841999999995,25707.7845,14004.8181,92
,,,,,,,,2409.0435,32014.1493,0.0,330.4431,3619.9134000000004,24530.5215,13837.7727,93
,,,,,,,,2306.2374,31776.411600000003,0.0,309.40470000000005,3464.2179,23034.942900000002,13290.6807,94
,,,,,,,,2168.478,30884.3694,0.0,285.8148,3273.4917,21982.552200000002,12611.9223,95
,,,,,,,,2026.9683,30224.081700000002,0.0,263.2806,3061.8873000000003,19776.357,11945.9295,96
,,,,,,,,1760.5197,32224.537800000002,0.0,252.62910000000002,2816.6679,18981.2889,11475.065700000001,97
,,,,,,,,1696.7799,29440.926,0.0,243.47520000000003,2700.2502,18671.9958,11222.674200000001,98
,,,,,,,,1664.7291,26782.4367,0.0,236.56500000000003,2622.0483000000004,18589.3497,11102.679,99
,,,,,,,,1660.7376,24912.5724,0.0,235.7289,2591.2637999999997,18839.0934,11021.3442,100
,,,,,,,,1685.6532000000002,24324.1902,0.0,237.13739999999999,2635.4952,19380.8079,11176.3539,101
,,,,,,,,1756.8918,25077.717,0.0,246.02759999999998,2735.6355,20395.665,11537.434799999999,102
,,,,,,,,1849.5378,26969.8914,0.0,261.0801,2823.3909000000003,21652.6869,11972.1897,103
,,,,,,,,1947.7476000000001,30084.9219,0.0,283.4379,2963.5164,22457.8602,12251.2068,104
,,,,,,,,2030.1129,33320.2959,0.0,308.4372,3098.6883000000003,22880.8377,12111.1515,105
,,,,,,,,2088.8937,35109.595799999996,0.0,324.0612,3175.8282,22907.9052,11881.008000000002,106
,,,,,,,,2113.0839,35597.504700000005,0.0,331.587,3214.3986,22582.7325,11560.4118,107
,,,,,,,,2116.4697,34852.568400000004,0.0,327.978,3205.9053000000004,22231.5741,11311.668000000001,108
,,,,,,,,2081.5164,33958.0467,0.0,327.8025,3177.2439000000004,21556.3266,11078.6067,109
,,,,,,,,2035.4346,32861.7342,0.0,317.54699999999997,3102.9345,20925.108,10931.2569,110
,,,,,,,,1997.4573,31783.096800000003,0.0,307.9089,3066.1335,20484.4473,10960.4349,111
,,,,,,,,1955.1258,30589.011899999998,0.0,296.42130000000003,3041.01,20530.6425,11202.2496,112
,,,,,,,,1933.7175,28797.4872,0.0,290.47950000000003,3060.4725000000003,20803.4847,11650.1355,113
,,,,,,,,1947.6270000000002,29263.7556,0.0,295.5852,3240.9369,21381.6501,12348.588600000001,114
,,,,,,,,2026.9683,30832.967700000005,0.0,302.93550000000005,3460.68,22115.724299999998,13318.765200000002,115
,,,,,,,,2059.7454000000002,30949.861500000003,0.0,312.7941,3470.5872,22152.8979,13379.31,116
,,,,,,,,2043.1755000000003,30315.709800000004,0.0,310.94550000000004,3399.4629,21760.9578,13374.2034,117
,,,,,,,,1966.1318999999999,30881.987100000002,0.0,300.2949,3296.8458,21063.6945,13009.4757,118
,,,,,,,,1864.4139,30812.655600000002,0.0,281.3256,3127.3505999999998,18694.7334,12386.156400000002,119
,,,,,,,,1754.352,31699.1367,0.0,261.7398,2962.4553,16771.1247,11737.305,120
,,,,,,,,1922.5899,30936.5217,0.0,410.3685,2821.6215,17590.733099999998,14587.6527,121
,,,,,,,,1816.8813,27524.223,0.0,376.4799,2689.9884,17113.6206,13634.2548,122
,,,,,,,,1746.3690000000001,25146.8127,0.0,345.01050000000004,2588.787,16828.8687,13256.0316,123
,,,,,,,,1705.851,23896.8927,0.0,327.7584,2547.0324,16845.831000000002,12839.148,124
,,,,,,,,1690.9749000000002,23830.0245,0.0,314.77500000000003,2551.6323,16969.259700000002,12145.4352,125
,,,,,,,,1698.3522,24807.8466,0.0,308.5245,2484.0459,17375.9967,11900.3382,126
,,,,,,,,1756.4076,27965.0268,0.0,318.99960000000004,2566.1403,18138.9438,11954.3184,127
,,,,,,,,1905.4161,31640.2173,0.0,364.1562,2736.3429,19014.131699999998,12594.051,128
,,,,,,,,2080.9116,34122.2742,0.0,454.5135,2908.3158,20028.2661,13753.5201,129
,,,,,,,,2318.0904,35490.5226,0.0,499.3614,3224.6595,20390.2515,15244.892100000001,130
,,,,,,,,2495.1582000000003,35912.9412,0.0,579.6396,3428.4789,21060.8073,16964.5842,131
,,,,,,,,2625.1776,36367.0443,0.0,630.6057000000001,3608.2359,21371.9049,18484.039800000002,132
,,,,,,,,2789.7876,37068.0786,0.0,676.8620999999999,3769.2396,21705.3792,19810.5552,133
,,,,,,,,2972.5407,36839.0988,0.0,718.9380000000001,3907.9494000000004,22162.281300000002,21094.397100000002,134
,,,,,,,,3112.7193,36470.6514,0.0,749.7459,3994.6437000000005,22764.627,22315.505400000002,135
,,,,,,,,3296.8026,35234.9271,0.0,779.5863,4042.4139,23230.1907,22989.8871,136
,,,,,,,,3426.3378,35550.268200000006,0.0,770.9157,4054.7988000000005,23761.8,23668.6455,137
,,,,,,,,3435.651,34995.294,0.0,770.3883,3925.2888,23700.0852,23671.1988,138
,,,,,,,,3333.5703000000003,33679.8486,0.0,724.7916,3715.1001,23484.2661,23125.201200000003,139
,,,,,,,,3149.1243,33378.3819,0.0,692.046,3620.9754000000003,22861.7091,22369.1202,140
,,,,,,,,3052.971,34637.014800000004,0.0,649.9268999999999,3555.8658,22170.582,21036.4047,141
,,,,,,,,2857.2768,33816.3012,0.0,589.014,3318.0768,20710.0107,19636.2153,142
,,,,,,,,2549.3435999999997,33841.9737,0.0,535.8033,3057.9957000000004,18759.3345,18105.452100000002,143
,,,,,,,,2268.018,32862.6288,0.0,478.2798,2821.6215,18945.920700000002,16421.5044,144
,,,,,,,,1745.1594,32545.596599999997,0.0,242.81459999999998,2731.3893,18889.620300000002,11163.2238,145
,,,,,,,,1685.169,29570.279400000003,0.0,233.3079,2588.4324,18513.920700000002,10868.158800000001,146
,,,,,,,,1655.9000999999998,26621.8614,0.0,229.6548,2493.2466,18415.7559,10727.0091,147
,,,,,,,,1639.5723,24460.274699999998,0.0,227.45430000000002,2439.1071,18439.2144,10713.514500000001,148
,,,,,,,,1645.4978999999998,23414.503500000003,0.0,230.9319,2407.968,18565.5303,10797.7662,149
,,,,,,,,1667.8737,23545.3932,0.0,238.89780000000002,2432.7378,19078.3719,11053.0755,150
,,,,,,,,1724.3568,25434.8649,0.0,246.64409999999998,2484.0459,20229.6501,11438.2287,151
,,,,,,,,1794.2643,28666.026,0.0,264.2931,2589.1407,21458.882700000002,11732.563800000002,152
,,,,,,,,1908.9234,32070.9474,0.0,289.99620000000004,2746.2509999999997,22251.423600000002,11942.647200000001,153
,,,,,,,,1993.7079000000003,33598.7145,0.0,304.4754,2880.0072,22743.6948,11838.699900000001,154
,,,,,,,,2044.3851000000002,33925.2174,0.0,313.3224,2956.4397,22866.0408,11662.1712,155
,,,,,,,,2052.4887000000003,33292.379700000005,0.0,320.0562,2991.1167,22631.8149,11434.2165,156
,,,,,,,,2041.6032,32607.0612,0.0,324.0612,2984.04,22291.4844,11204.4375,157
,,,,,,,,2012.5755000000001,32056.662600000003,0.0,324.3249,2973.4245,22121.4996,11217.568500000001,158
,,,,,,,,1990.5633,31249.053,0.0,315.4347,2968.4709,22068.8073,11369.6595,159
,,,,,,,,1986.3297,30511.698300000004,0.0,306.6327,3000.6711,22349.2284,11761.3773,160
,,,,,,,,2030.3549999999998,29606.5818,0.0,301.0869,3125.9349,23354.702100000002,12418.2522,161
,,,,,,,,2186.8623000000002,32133.7908,0.0,329.7384,3408.6636,24300.6264,13364.721000000001,162
,,,,,,,,2218.3082999999997,32653.008,0.0,333.8316,3471.2955,24292.6866,13865.8563,163
,,,,,,,,2196.1746,31930.234200000003,0.0,325.0737,3434.8482,23772.2661,13530.307499999999,164
,,,,,,,,2152.3914,31213.8954,0.0,314.2908,3372.9246,22978.2807,13298.3406,165
,,,,,,,,2068.0911,31802.9076,0.0,294.2649,3240.5832,21716.5671,12828.9357,166
,,,,,,,,1940.3694,31465.516499999998,0.0,274.9437,3060.8262,19551.8754,12203.0622,167
,,,,,,,,1825.7112,32129.7849,0.0,251.6175,2887.0848,19677.830400000003,11566.612799999999,168
,,,,,,,,1711.6569,32511.576600000004,0.0,256.3704,2907.9621,19328.1165,11789.8263,169
,,,,,,,,1647.1917,29704.692600000002,0.0,245.45520000000002,2790.1287,19061.409600000003,11579.7429,170
,,,,,,,,1622.2761,26886.6189,0.0,241.8903,2707.6815,18921.379500000003,11561.1417,171
,,,,,,,,1606.4325,24888.9501,0.0,236.43269999999998,2660.9724,19163.1843,11571.7185,172
,,,,,,,,1617.0759,23906.1456,0.0,239.2056,2660.9724,19433.4993,11781.4374,173
,,,,,,,,1652.2713,24162.3405,0.0,247.17240000000004,2671.9416,20148.4467,12242.0889,174
,,,,,,,,1733.0643,25933.7115,0.0,257.2506,2770.6670999999997,21280.9581,12748.695300000001,175
,,,,,,,,1810.7136,28915.0731,0.0,278.3763,2896.6383,22477.3488,12924.494100000002,176
,,,,,,,,1901.3031000000003,32085.945000000003,0.0,305.6643,3015.5328,22720.5972,12887.6571,177
,,,,,,,,1980.8873999999998,33837.7959,0.0,313.54200000000003,3072.1491,22779.4239,12312.4806,178
,,,,,,,,2024.7912000000001,34294.8231,0.0,319.08779999999996,3102.2271,22920.8976,11876.9958,179
,,,,,,,,2032.6527,33695.163,0.0,317.2833,3100.4577,22640.1156,11512.2681,180
,,,,,,,,2027.0898000000002,32988.951,0.0,316.18260000000004,3034.287,22233.7395,11196.413999999999,181
,,,,,,,,1995.6428999999998,32443.836300000003,0.0,313.98210000000006,3073.2111,21954.0402,11003.4729,182
,,,,,,,,1967.4621,31544.824500000002,0.0,297.7857,3045.9645,21917.2284,10890.4077,183
,,,,,,,,1941.7005000000001,30431.7189,0.0,284.0985,3056.58,22092.2658,11123.4681,184
,,,,,,,,1952.3439000000003,28853.5194,0.0,287.0028,3110.7195,22801.7997,11590.684200000002,185
,,,,,,,,2027.2104000000002,30083.7744,0.0,301.8789,3340.3698,23937.5592,12433.5702,186
,,,,,,,,2135.4588,32084.0901,0.0,320.3199,3574.6200000000003,24499.8441,13320.588600000001,187
,,,,,,,,2132.0721000000003,31680.752400000005,0.0,321.5529,3600.4518,24382.912500000002,13455.9027,188
,,,,,,,,2101.7142,30968.7885,0.0,311.82570000000004,3541.3578,23394.0402,13389.5223,189
,,,,,,,,2015.2368000000001,31541.2488,0.0,298.1817,3379.6476000000002,21900.627,12934.3419,190
,,,,,,,,1886.1849,31037.0094,0.0,274.8114,3172.644,19829.4093,12257.4069,191
,,,,,,,,1764.7533,31776.0462,0.0,252.0135,2953.2545999999998,20620.5066,11645.393399999999,192
,,,,,,,,1786.0401000000002,30180.694500000005,0.0,293.64840000000004,2729.6199,17479.9359,10821.474,193
,,,,,,,,1712.8665,27126.9918,0.0,272.83140000000003,2614.2642,17122.2822,10508.1723,194
,,,,,,,,1675.1304,25061.8698,0.0,259.1433,2536.7706000000003,17064.538200000003,10305.018900000001,195
,,,,,,,,1660.3749,24262.3377,0.0,246.2922,2517.3081,17265.5604,10079.982,196
,,,,,,,,1692.5472,24940.1745,0.0,244.0035,2599.7562,17936.1162,10165.328099999999,197
,,,,,,,,1762.9388999999999,26948.0286,0.0,254.65410000000003,2714.7582,19119.8754,10452.0042,198
,,,,,,,,1840.104,29842.884000000002,0.0,275.12010000000004,2799.3294,20130.401700000002,10754.3637,199
,,,,,,,,1950.2874,33069.2895,0.0,308.0412,2909.7306000000003,20679.6951,10923.2325,200
,,,,,,,,2062.2852,35290.4121,0.0,343.647,3056.58,21011.7249,11007.8496,201
,,,,,,,,2152.5129,36477.8982,0.0,365.4765,3156.3666000000003,21069.4689,11139.8814,202
,,,,,,,,2275.7589000000003,36404.2845,0.0,389.90340000000003,3200.9517,20841.018300000003,11362.365,203
,,,,,,,,2358.729,36798.903,0.0,408.3003,3217.9365000000003,20582.6121,11456.1,204
,,,,,,,,2418.4773,36244.2321,0.0,432.8154,3367.2626999999998,20234.7027,11609.2854,205
,,,,,,,,2445.57,35514.6255,0.0,456.4935,3369.0321000000004,19626.9435,11971.0953,206
,,,,,,,,2487.4182,34779.736800000006,0.0,453.0168,3398.7555,19387.665,12312.116100000001,207
,,,,,,,,2520.7992,32766.0183,0.0,468.333,3398.0481,19499.183999999997,12502.1394,208
,,,,,,,,2503.1412,32155.829999999998,0.0,459.3987,3373.9857,19634.161500000002,13002.911100000001,209
,,,,,,,,2432.3868,31649.3262,0.0,432.85949999999997,3269.9529,19497.7404,12859.2081,210
,,,,,,,,2389.4496,31761.172800000004,0.0,417.411,3346.0317,19547.9055,13508.0586,211
,,,,,,,,2377.476,32200.200899999996,0.0,415.3419,3416.8023000000003,19864.4166,13658.3262,212
,,,,,,,,2260.3986,33081.6672,0.0,402.79859999999996,3315.2463000000002,19900.5075,13585.0158,213
,,,,,,,,2162.3094,32668.885800000004,0.0,384.3135,3180.0744000000004,19348.687800000003,13026.9825,214
,,,,,,,,2004.3512999999998,33369.9948,0.0,348.444,3000.6711,18091.3041,12204.8865,215
,,,,,,,,1869.0102,32910.522300000004,0.0,317.59110000000004,2827.6371,18047.9961,11437.498800000001,216
,,,,,,,,2333.088,35763.2235,0.0,526.1652,3316.3074,18955.3041,16239.505500000001,217
,,,,,,,,2171.0178,32353.335000000003,0.0,468.1125,3146.4585,18413.9514,15411.573000000002,218
,,,,,,,,2079.2178000000004,29779.641900000002,0.0,448.3512,3064.7187,18019.1241,14689.047600000002,219
,,,,,,,,2016.4464,28417.6143,0.0,420.5358,3040.3026,17958.8538,14426.4429,220
,,,,,,,,1987.9020000000003,28145.2329,0.0,409.84110000000004,3021.1947,17875.8459,14025.9717,221
,,,,,,,,1947.3849,28942.911900000003,0.0,403.0191,3015.8865,17943.3342,13901.964300000001,222
,,,,,,,,2007.0117,31793.1111,0.0,409.3569,3078.5184,18681.740100000003,13766.651100000001,223
,,,,,,,,2150.9406000000004,35973.918,0.0,459.2664,3285.5229000000004,20060.0262,14501.5776,224
,,,,,,,,2389.2084,38931.1038,0.0,523.4364,3599.3898000000004,21035.1834,15951.735000000002,225
,,,,,,,,2640.4173,41272.2189,0.0,593.1513,4002.4278,21990.1311,17412.1047,226
,,,,,,,,2884.248,42870.4425,0.0,653.7123,4263.5718,22932.4464,18875.3931,227
,,,,,,,,3126.8700000000003,43788.9645,0.0,719.9505,4537.4535,23588.205299999998,20164.3407,228
,,,,,,,,3431.4174000000003,44732.915100000006,0.0,766.7352,4787.9811,24288.7167,21575.1078,229
,,,,,,,,3604.3731,45151.488900000004,0.0,806.6538,5037.8013,25404.6267,22342.4955,230
,,,,,,,,3805.0263,44993.3859,0.0,843.1839,5117.418000000001,26131.122000000003,23442.5142,231
,,,,,,,,3986.3268000000003,43875.6552,0.0,862.4169,5489.317800000001,26260.3251,23734.6614,232
,,,,,,,,4061.1942000000004,43330.5504,0.0,864.2655,5258.959199999999,26503.573500000002,23937.8148,233
,,,,,,,,4033.4966999999997,42409.9089,0.0,837.9909,5098.6638,26226.761400000003,24089.5413,234
,,,,,,,,3883.158,40646.3013,0.0,797.8959000000001,4818.4128,25932.626099999998,22870.9863,235
,,,,,,,,3714.1937999999996,40463.6913,0.0,752.8275,4712.610600000001,25762.6413,22632.4539,236
,,,,,,,,3422.3463,41319.566999999995,0.0,724.0869,4489.683300000001,24779.543400000002,21302.2917,237
,,,,,,,,3146.4639,39865.1571,0.0,680.3829000000001,4016.5820999999996,22596.8076,20060.028899999998,238
,,,,,,,,2810.7117,39561.4746,0.0,614.6289,3661.668,20247.6951,18796.9761,239
,,,,,,,,2545.4727,39188.5497,0.0,560.0538,3312.7695,20562.401700000002,17506.5696,240
,,,,,,,,1725.0822,30003.655499999997,0.0,246.07170000000002,2830.4676,18167.4549,10766.7648,241
,,,,,,,,1664.3664,26990.3088,0.0,236.16900000000004,2689.9884,17869.710600000002,10502.7012,242
,,,,,,,,1639.4508,24880.1877,0.0,229.3911,2599.7562,17742.312,10365.199200000001,243
,,,,,,,,1636.7904,23888.003399999998,0.0,228.51090000000002,2562.6015,17968.959,10284.229800000001,244
,,,,,,,,1664.9712000000002,24147.437400000003,0.0,229.4793,2604.0024,18524.0259,10377.9648,245
,,,,,,,,1733.3064,25870.410000000003,0.0,238.89780000000002,2705.9121,19515.063599999998,10705.490099999999,246
,,,,,,,,1811.439,28717.458300000002,0.0,255.3579,2784.1131,20572.146,11060.7354,247
,,,,,,,,1899.3681000000001,32010.6537,0.0,279.477,2911.8537,21292.8678,11359.4472,248
,,,,,,,,2007.1332000000002,34335.3762,0.0,304.4754,3059.0568000000003,21834.943199999998,11399.5674,249
,,,,,,,,2075.7104999999997,35249.7888,0.0,322.389,3170.8746,22055.8149,11367.1062,250
,,,,,,,,2112.4791,34995.8925,0.0,330.09119999999996,3231.0297,21837.4695,11201.5197,251
,,,,,,,,2113.6887,34339.2561,0.0,327.3183,3240.5832,21540.8079,11024.6274,252
,,,,,,,,2081.5164,33402.555,0.0,326.79,3232.4445,21039.8751,10883.477700000001,253
,,,,,,,,2029.7502,32166.483299999996,0.0,319.6161,3152.4741,20433.1986,10813.0851,254
,,,,,,,,2003.2623000000003,31090.352400000003,0.0,309.6252,3114.2583,20133.2889,10826.5797,255
,,,,,,,,1964.4380999999998,28983.3588,0.0,299.8989,3078.873,20168.6571,11029.7331,256
,,,,,,,,1942.6680000000001,28734.8589,0.0,290.65590000000003,3095.1495,20493.1089,11407.590900000001,257
,,,,,,,,1951.8597000000002,29781.568799999997,0.0,295.8057,3249.7839000000004,20983.2138,12043.6767,258
,,,,,,,,2027.0898000000002,31032.8811,0.0,306.8523,3439.0944,21362.882400000002,12846.078,259
,,,,,,,,2061.8019,30898.273500000003,0.0,314.6427,3457.4949,21345.9201,12859.9371,260
,,,,,,,,2028.4200000000003,31773.9492,0.0,312.0903,3381.4170000000004,20959.3944,12843.5247,261
,,,,,,,,1936.1367,31932.9558,0.0,299.1501,3289.7691,20280.8979,12431.7468,262
,,,,,,,,1826.9208,32832.081,0.0,280.0935,3109.3038,17809.8012,11774.5074,263
,,,,,,,,1717.704,32355.3375,0.0,257.9553,2924.5932,16031.275199999998,11162.1294,264
,,,,,,,,1986.9345,34301.8035,0.0,263.8962,3010.5792,20058.582599999998,12183.003,265
,,,,,,,,1936.1367,31326.7275,0.0,253.5534,2890.6227,20000.1159,12050.6067,266
,,,,,,,,1894.1679,28553.5332,0.0,250.3845,2814.1911,20081.319300000003,12036.0177,267
,,,,,,,,1919.3247000000001,26817.8292,0.0,249.76890000000003,2800.7442,20510.793,12122.0928,268
,,,,,,,,1991.4102,26429.402700000002,0.0,257.11830000000003,2885.6691,21578.7024,12737.0241,269
,,,,,,,,2159.4069,28042.6761,0.0,276.3522,3116.3814,23395.8447,13630.971599999999,270
,,,,,,,,2411.4627,31490.104499999998,0.0,305.8398,3523.3119,25558.371,14722.9668,271
,,,,,,,,2541.6027000000004,34742.396700000005,0.0,326.4381,3677.5917000000004,26720.1144,14839.315200000001,272
,,,,,,,,2559.6234,37319.231700000004,0.0,347.2119,3728.8997999999997,26595.243000000002,14519.4489,273
,,,,,,,,2503.746,38391.426900000006,0.0,357.6861,3719.7000000000003,26026.1001,13394.9934,274
,,,,,,,,2467.9449,38458.1079,0.0,356.5863,3708.3761999999997,25574.2506,12679.0326,275
,,,,,,,,2419.5663000000004,37743.20190000001,0.0,353.24100000000004,3715.8075000000003,24901.8894,12138.5061,276
,,,,,,,,2385.4590000000003,36872.32230000001,0.0,350.4681,3689.2683,24385.7997,11777.789700000001,277
,,,,,,,,2342.4012000000002,36020.2059,0.0,350.9964,3510.2187,23930.3412,11552.7528,278
,,,,,,,,2290.3938000000003,34841.6055,0.0,341.0055,3502.4346,23743.754100000002,11495.4903,279
,,,,,,,,2259.4311,33509.412000000004,0.0,315.12690000000003,3490.0497,23947.3035,11662.1712,280
,,,,,,,,2257.8588,31918.473,0.0,305.7957,3534.2810999999997,24696.1755,12151.271700000001,281
,,,,,,,,2408.076,33810.7068,0.0,344.7909,3806.7480000000005,25963.6635,13064.9148,282
,,,,,,,,2485.4823,35103.553199999995,0.0,353.9016,3917.8575,26585.4978,13993.875900000001,283
,,,,,,,,2467.0989,35052.313500000004,0.0,350.9964,3874.3334999999997,26202.5811,14009.9238,284
,,,,,,,,2436.3774,34739.3097,0.0,341.5779,3790.8243,25086.671100000003,14103.2943,285
,,,,,,,,2336.4747,34947.297000000006,0.0,325.9098,3613.8978,23599.032300000003,13717.047600000002,286
,,,,,,,,2175.1299000000004,33924.9159,0.0,302.14349999999996,3350.9853000000003,22398.671700000003,12936.5298,287
,,,,,,,,2036.6442000000002,34413.0012,0.0,277.7166,3082.4109,21594.582,12199.0509,288
,,,,,,,,2008.2213,31035.397500000003,0.0,349.54380000000003,2867.2686,17413.891200000002,12063.7368,289
,,,,,,,,1898.6427,27901.5813,0.0,326.4822,2734.2198,17017.9812,11519.198100000001,290
,,,,,,,,1835.9919,25676.7048,0.0,306.6768,2656.7262,16951.9365,11141.704800000001,291
,,,,,,,,1830.5487,24895.552499999998,0.0,296.2458,2643.2802,17181.469800000003,10970.647200000001,292
,,,,,,,,1875.7836000000002,25885.8171,0.0,295.3215,2744.8353,18104.2974,11089.913400000001,293
,,,,,,,,1986.3297,28244.402100000003,0.0,304.43219999999997,2860.1919000000003,19625.499900000003,11309.8446,294
,,,,,,,,2149.731,32326.0173,0.0,335.6361,3046.3181999999997,20935.9359,11824.839899999999,295
,,,,,,,,2303.4555,36474.4458,0.0,381.9375,3297.9078,21596.3865,12170.966400000001,296
,,,,,,,,2412.4302000000002,38049.6492,0.0,437.92019999999997,3481.911,21739.6647,12501.045,297
,,,,,,,,2492.7399,38765.4336,0.0,491.9238,3721.1157000000003,21745.0782,13225.7592,298
,,,,,,,,2575.9521,38705.0247,0.0,553.8042,3944.7504,21740.7474,14193.017100000001,299
,,,,,,,,2682.0234,38864.5794,0.0,618.5466,3998.8899,21897.018,15502.025700000002,300
,,,,,,,,2748.4236,38771.964,0.0,668.9403000000001,4120.9686,21957.2883,16604.597700000002,301
,,,,,,,,2804.4225,38795.3739,0.0,688.8779999999999,4195.278,21977.4996,17691.8508,302
,,,,,,,,2871.0648,37877.9616,0.0,730.0287000000001,4245.1713,21986.882999999998,18662.0274,303
,,,,,,,,2878.9263,35875.019700000004,0.0,740.7675,4181.831999999999,22170.582,19392.5772,304
,,,,,,,,2873.2419,35528.022000000004,0.0,732.4938,4163.0778,22364.7471,19828.4265,305
,,,,,,,,2794.9887000000003,34780.229100000004,0.0,714.7566,4115.3076,22435.1235,19958.6349,306
,,,,,,,,2700.0441,33678.7281,0.0,662.9103,4076.0298,22058.702100000002,19501.2657,307
,,,,,,,,2636.4258,34021.791,0.0,615.465,3898.7496000000006,22240.9575,18658.0152,308
,,,,,,,,2537.6112000000003,34749.6831,0.0,563.9274,3668.391,21659.9049,17765.8911,309
,,,,,,,,2365.623,33740.2998,0.0,526.9131,3469.5261,20690.882999999998,16669.883700000002,310
,,,,,,,,2187.4662000000003,34100.8731,0.0,465.5601,3189.9825,19666.6425,15154.4403,311
,,,,,,,,2015.4788999999998,33522.0435,0.0,406.8918,2953.2545999999998,18489.379500000003,13744.7667,312
,,,,,,,,1864.4139,30749.141700000004,0.0,490.9554,2849.5764,17237.0493,14446.1385,313
,,,,,,,,1775.6388,28012.4244,0.0,413.9775,2719.7118,16766.7939,13753.1556,314
,,,,,,,,1729.0737,25724.478600000002,0.0,404.5149,2619.2178000000004,16561.079100000003,13207.158000000001,315
,,,,,,,,1704.2787,24420.664800000002,0.0,374.9391,2577.1095,16526.0718,12989.7801,316
,,,,,,,,1701.4977000000001,23822.0397,0.0,374.76270000000005,2549.8629,16788.4479,12779.697600000001,317
,,,,,,,,1717.2206999999999,23684.7762,0.0,370.5822,2595.1563,17223.3351,12847.5369,318
,,,,,,,,1758.1014,24471.9801,0.0,378.59220000000005,2647.8801,17932.8681,12657.5136,319
,,,,,,,,1884.0078,26734.8465,0.0,406.31940000000003,2818.4373,18845.229600000002,13034.277,320
,,,,,,,,2034.2250000000001,29304.8334,0.0,461.9511,3068.6112000000003,19659.063599999998,14076.669600000001,321
,,,,,,,,2149.2468000000003,31041.0,0.0,538.488,3296.1384000000003,20135.0934,15220.820700000002,322
,,,,,,,,2241.5301,32686.081200000004,0.0,592.4034,3512.6964000000003,20324.9277,16325.216100000001,323
,,,,,,,,2363.0832,34186.120200000005,0.0,646.6256999999999,3638.6676,20493.8307,17663.7672,324
,,,,,,,,2440.0062,35085.3876,0.0,681.6159,3819.8403,20803.8456,18391.3992,325
,,,,,,,,2492.4978,35434.5633,0.0,731.8332,3965.274,20747.5443,19234.649699999998,326
,,,,,,,,2552.9715,35401.7448,0.0,781.6113,4063.2912,21066.942600000002,20008.966500000002,327
,,,,,,,,2623.7259000000004,34384.9329,0.0,789.885,4117.0761,21342.672000000002,20526.1506,328
,,,,,,,,2634.4908,33870.1068,0.0,757.7568,4074.2604,21875.0031,20293.090200000002,329
,,,,,,,,2613.8088000000002,32843.5947,0.0,734.6943,3999.5973000000004,21973.168800000003,20226.7098,330
,,,,,,,,2650.4559,32308.7454,0.0,676.7739,3912.9039000000002,21849.740100000003,19546.857,331
,,,,,,,,2584.9017,32360.2056,0.0,631.4859,3755.4390000000003,21613.7097,18899.8299,332
,,,,,,,,2481.0075,32573.0637,0.0,592.5348,3643.6212,21042.762300000002,17604.6813,333
,,,,,,,,2293.659,31380.942600000002,0.0,538.7085000000001,3389.5557,20142.6723,16761.430800000002,334
,,,,,,,,2127.5973,30593.4579,0.0,491.2632,3107.8881,17813.410200000002,15538.4982,335
,,,,,,,,1985.967,32481.8181,0.0,442.67400000000004,2899.1151,18042.9435,14495.3766,336
,,,,,,,,2062.1646,34232.805,0.0,272.0826,3137.2587,20768.4765,12465.6669,337
,,,,,,,,1958.2704000000003,31622.742,0.0,260.1558,2954.3166,20339.0037,12254.1246,338
,,,,,,,,1888.3619999999999,29042.4339,0.0,254.91780000000003,2894.8689000000004,20192.838300000003,12175.3431,339
,,,,,,,,1860.786,26803.935,0.0,250.69320000000002,2768.8977,20249.860500000003,12178.626300000002,340
,,,,,,,,1889.2089,25491.1536,0.0,257.7348,2804.6367,20459.5443,12413.511,341
,,,,,,,,1938.1923000000002,25272.4662,0.0,269.2665,2845.6839,21046.732200000002,12844.619100000002,342
,,,,,,,,2069.6634000000004,26344.436400000002,0.0,281.0169,3004.5636,22390.0101,13477.0572,343
,,,,,,,,2160.6165,27456.535799999998,0.0,297.82980000000003,3105.765,23732.9271,13782.699,344
,,,,,,,,2257.1325,29132.3583,0.0,325.11780000000005,3238.8138,24451.4835,13861.115099999999,345
,,,,,,,,2282.5314000000003,30233.973599999998,0.0,339.1137,3278.799,24685.7094,13315.8474,346
,,,,,,,,2282.5314000000003,30985.4943,0.0,341.7984,3250.8450000000003,24551.8146,12861.031500000001,347
,,,,,,,,2251.3275,31370.433299999997,0.0,335.196,3253.6755000000003,24090.2208,12420.4401,348
,,,,,,,,2215.4058,31216.0788,0.0,330.88320000000004,3200.9517,23708.3859,12025.44,349
,,,,,,,,2175.7347000000004,30736.803600000003,0.0,325.42560000000003,3155.6583,23342.792400000002,11797.8498,350
,,,,,,,,2124.3321,30073.959899999998,0.0,317.0628,3105.0576,23151.5136,11779.2486,351
,,,,,,,,2124.09,29680.137899999998,0.0,306.1044,3128.4117,23302.370700000003,12012.6744,352
,,,,,,,,2164.3659000000002,29060.8056,0.0,314.77500000000003,3234.2139,24328.776599999997,12659.7015,353
,,,,,,,,2354.9795999999997,31647.9069,0.0,353.3292,3519.0657,25301.4084,13709.3886,354
,,,,,,,,2378.9277,32163.5844,0.0,356.7186,3595.8519,25131.0627,14260.4919,355
,,,,,,,,2380.6206,31674.7674,0.0,341.3142,3574.6200000000003,24440.295599999998,14078.8575,356
,,,,,,,,2337.2001,32084.281799999997,0.0,338.2767,3547.7271,23435.9046,13894.669800000001,357
,,,,,,,,2307.0843,32877.8865,0.0,319.8357,3488.2803000000004,22340.9277,13609.4526,358
,,,,,,,,2192.7879000000003,32239.398599999997,0.0,303.3756,3380.355,21727.3941,13141.142100000001,359
,,,,,,,,2072.9286,30981.604499999998,0.0,286.5627,3191.7519,20411.5446,12583.473300000001,360
,,,,,,,,2327.6457,34419.9213,0.0,539.3682,3247.3062,18821.770200000003,16736.994,361
,,,,,,,,2206.818,30861.636300000002,0.0,513.3131999999999,3076.7499,18325.1691,15836.8455,362
,,,,,,,,2093.9733,28463.147100000002,0.0,485.6733,3028.2714,18033.1992,15109.578,363
,,,,,,,,2039.1840000000002,27438.7995,0.0,441.0009,2976.255,18264.177,14871.046499999999,364
,,,,,,,,2083.3299,28113.5673,0.0,437.08410000000003,3092.319,19118.431800000002,14790.4416,365
,,,,,,,,2189.8854,30352.047300000002,0.0,447.03090000000003,3246.9525,20281.9806,14681.0232,366
,,,,,,,,2363.5674000000004,34578.0747,0.0,477.39959999999996,3686.4378000000006,21479.8149,15487.0713,367
,,,,,,,,2550.7943999999998,39172.1553,0.0,528.2334000000001,3971.997,22420.6875,16109.6616,368
,,,,,,,,2747.9402999999998,42441.9867,0.0,606.3552,4316.6493,22976.8371,17352.289800000002,369
,,,,,,,,2972.6612999999998,44203.4811,0.0,683.7723,4632.6402,23436.265499999998,18863.7219,370
,,,,,,,,3201.0111,45494.339400000004,0.0,753.5313,4848.8436,23945.499,20348.5284,371
,,,,,,,,3449.6802000000002,46252.6695,0.0,818.8452,5102.2026,24714.581400000003,22028.4648,372
,,,,,,,,3687.7059,46966.923,0.0,877.6899000000001,5314.160699999999,25308.9873,23346.2259,373
,,,,,,,,4006.6461,47007.4248,0.0,930.6800999999999,5548.0572,26221.3479,24494.024699999998,374
,,,,,,,,4170.2895,46617.426900000006,0.0,951.8058,5668.7211,27095.0922,25382.1366,375
,,,,,,,,4271.7645,44525.0115,0.0,963.6012,5680.3977,27589.8888,25441.587,376
,,,,,,,,4288.455,43871.289300000004,0.0,967.7385000000002,5522.225399999999,27925.1667,25783.3377,377
,,,,,,,,4210.9272,42843.3255,0.0,923.6826000000001,5178.9888,27695.6334,25602.7968,378
,,,,,,,,3880.8603000000003,41229.9873,0.0,900.6201,4915.7217,27060.084899999998,24738.3918,379
,,,,,,,,3613.9284000000002,40359.0096,0.0,843.4485,4751.1810000000005,26353.4382,24267.1635,380
,,,,,,,,3394.044,40719.7341,0.0,804.5856,4475.175300000001,24930.4005,22783.4514,381
,,,,,,,,3119.4927000000002,39064.4577,0.0,736.6743,3980.4894,22710.852,21368.6721,382
,,,,,,,,2790.7551,37810.1754,0.0,666.2115,3586.2975,21940.6869,19677.429,383
,,,,,,,,2522.9763,37459.028699999995,0.0,593.1954000000001,3251.1987000000004,20710.371600000002,18527.0778,384
,,,,,,,,1751.6907,30203.2755,0.0,252.5418,2794.7286,18233.860500000003,10698.5601,385
,,,,,,,,1703.5533,27056.7252,0.0,240.7464,2696.004,18017.3196,10453.4631,386
,,,,,,,,1685.6532000000002,24966.1008,0.0,234.7164,2637.2646,18164.928600000003,10389.2715,387
,,,,,,,,1703.1906,24189.211799999997,0.0,230.5791,2622.0483000000004,18570.222,10400.5782,388
,,,,,,,,1793.4174,25119.8361,0.0,238.85369999999998,2748.7278,19868.3865,10725.914700000001,389
,,,,,,,,1942.1838,27722.160000000003,0.0,253.95029999999997,2944.7622,21823.3944,11399.931900000001,390
,,,,,,,,2121.066,31530.6387,0.0,280.3572,3135.1356,23210.3412,12208.1688,391
,,,,,,,,2196.7794,34794.0927,0.0,309.53700000000003,3267.8298,23610.582,12426.6411,392
,,,,,,,,2232.5805,36933.6267,0.0,333.1719,3393.8019,23455.754100000002,12001.7331,393
,,,,,,,,2283.4989,37730.511,0.0,342.8541,3460.3262999999997,23223.3336,11716.5159,394
,,,,,,,,2301.3999,37254.767400000004,0.0,352.3167,3485.4498000000003,22774.0104,11491.479,395
,,,,,,,,2298.1338,36554.528699999995,0.0,356.8059,3495.0033,22392.8973,11310.5736,396
,,,,,,,,2279.7504,35499.6162,0.0,362.3958,3481.5573,21975.3342,11211.3675,397
,,,,,,,,2257.9794,34486.9938,0.0,369.8334,3475.5417,21477.6495,11193.8607,398
,,,,,,,,2217.9456,33273.459,0.0,368.2494,3434.8482,21168.7173,11308.7502,399
,,,,,,,,2185.0479,31182.075899999996,0.0,365.9607,3412.5561,21159.6948,11478.348899999999,400
,,,,,,,,2154.69,30678.0408,0.0,361.6911,3440.5101000000004,21248.477100000004,11947.752900000001,401
,,,,,,,,2129.2902000000004,31215.401100000003,0.0,347.5638,3494.6496,21404.3868,12536.0595,402
,,,,,,,,2133.0396,32208.542999999998,0.0,346.1553,3595.8519,21751.9353,13278.645,403
,,,,,,,,2172.9528,32719.045500000004,0.0,347.2119,3665.2068000000004,21997.710000000003,13268.068200000002,404
,,,,,,,,2169.6876,33461.4555,0.0,340.83,3536.7579,21565.3491,13357.791,405
,,,,,,,,2070.873,33158.7387,0.0,323.0487,3389.2011,20768.4765,12866.5026,406
,,,,,,,,1929.8475,33747.4467,0.0,295.05690000000004,3164.8590000000004,19374.3117,11971.825200000001,407
,,,,,,,,1806.9642000000001,33180.147899999996,0.0,271.5111,2962.809,18575.9964,11261.3355,408
,,,,,,,,2163.1563,33867.0441,0.0,519.8706000000001,3134.7810000000004,18852.8085,16398.891000000003,409
,,,,,,,,2015.1153,29944.2321,0.0,492.14340000000004,2992.5324,18279.3348,15338.627100000002,410
,,,,,,,,1915.092,27411.3108,0.0,438.3162,2930.2542000000003,17901.8307,14669.352,411
,,,,,,,,1857.6414,26033.2362,0.0,413.406,2919.9924,17717.770800000002,14263.4097,412
,,,,,,,,1825.1064,25786.738800000003,0.0,395.3169,2942.2854,17798.9742,13787.440200000001,413
,,,,,,,,1797.4089000000001,26676.054,0.0,386.8668,2894.8689000000004,17879.4549,13609.818000000001,414
,,,,,,,,1851.5934,29576.5254,0.0,396.0648,3016.2411,18598.3722,13581.7335,415
,,,,,,,,2023.8237000000001,34005.5244,0.0,450.37620000000004,3174.0588000000002,19836.988200000003,14462.916299999999,416
,,,,,,,,2254.4721,37254.6369,0.0,513.6651,3474.8334,21261.4695,15931.674900000002,417
,,,,,,,,2515.9617,39520.4346,0.0,593.811,3795.7779,21956.5665,17514.593100000002,418
,,,,,,,,2795.2308,41087.2581,0.0,655.5168,4113.1845,23117.9499,19172.2815,419
,,,,,,,,3134.853,41962.8645,0.0,710.7516,4386.3588,24106.1004,20654.9001,420
,,,,,,,,3409.8885,42866.772300000004,0.0,776.5938,4670.1486,24871.9347,22125.4821,421
,,,,,,,,3659.5251000000003,43775.3691,0.0,820.6056,4842.4743,26049.1977,23610.2895,422
,,,,,,,,3948.5915999999997,43698.723300000005,0.0,846.7047,4992.5079,26935.573500000002,24292.3302,423
,,,,,,,,4110.2991,42664.3425,0.0,879.1415999999999,5066.463600000001,27694.550700000003,24904.343699999998,424
,,,,,,,,4225.5621,42395.294700000006,0.0,879.4062,4895.9064,27995.5431,25415.6922,425
,,,,,,,,4201.3728,41890.1175,0.0,862.3737,4793.9967,27956.565899999998,25683.0372,426
,,,,,,,,4100.501700000001,40197.56310000001,0.0,830.4200999999999,4619.5470000000005,27453.1068,24707.754900000004,427
,,,,,,,,3942.5436000000004,39840.600600000005,0.0,787.3326,4574.2545,26663.453100000002,24241.9977,428
,,,,,,,,3651.543,40222.417499999996,0.0,760.4856000000001,4353.096600000001,25289.8596,22767.4035,429
,,,,,,,,3318.3306000000002,38799.70650000001,0.0,695.5236,3853.1025000000004,22911.8751,21416.8158,430
,,,,,,,,2922.831,38131.6923,0.0,628.3611,3475.8954000000003,20592.3564,20054.9223,431
,,,,,,,,2608.9704,37540.6065,0.0,574.578,3160.9665,20758.732200000002,18598.9293,432
,,,,,,,,2250.2385,33063.2721,0.0,477.5751,2975.1939,18699.0642,15507.861299999999,433
,,,,,,,,2119.9779,29630.4291,0.0,445.9311,2849.9301,18315.4248,14678.4699,434
,,,,,,,,2048.0139,27324.2673,0.0,427.8861,2770.6670999999997,17993.139300000003,14103.2943,435
,,,,,,,,2020.3164,26541.2196,0.0,404.2953,2789.0676,18275.3649,13907.799900000002,436
,,,,,,,,2062.5273,27382.4505,0.0,400.95,2905.839,19080.8982,13998.618,437
,,,,,,,,2183.8383000000003,29867.610599999996,0.0,414.90180000000004,3097.6272,20326.732200000002,14385.2292,438
,,,,,,,,2354.0121,34182.1152,0.0,448.30710000000005,3340.3698,21663.153,14901.6834,439
,,,,,,,,2583.5715000000005,38368.5597,0.0,536.6394,3648.9294,22452.0858,15612.1731,440
,,,,,,,,2769.4683,41203.5192,0.0,587.6937,4072.491,23091.9651,16840.576800000003,441
,,,,,,,,2953.431,43221.3849,0.0,651.0267000000001,4395.5586,23647.3938,17955.549000000003,442
,,,,,,,,3162.3075000000003,43995.6261,0.0,723.8673,4671.2097,24246.1305,19553.787,443
,,,,,,,,3415.815,44672.8941,0.0,784.9116,4952.8764,24928.2351,21115.916100000002,444
,,,,,,,,3638.2383,45666.153900000005,0.0,849.0375,5179.6962,25495.573500000002,22489.8453,445
,,,,,,,,3961.7747999999997,46122.678900000006,0.0,888.7365,5308.4988,26470.0098,23650.7742,446
,,,,,,,,4208.5089,45601.0641,0.0,929.8881000000001,5366.5308,27249.5583,24661.4346,447
,,,,,,,,4368.8862,44298.826199999996,0.0,923.3739,5461.3629,27736.415100000002,25261.7769,448
,,,,,,,,4413.5154,43332.4008,0.0,922.3182,5475.870900000001,27970.641000000003,25693.2495,449
,,,,,,,,4330.908,42555.544200000004,0.0,905.5935000000001,5165.1882000000005,27779.002200000003,25675.0128,450
,,,,,,,,4130.3763,41547.3615,0.0,870.8238,4877.1522,27369.378,24665.082300000002,451
,,,,,,,,3769.3466999999996,40361.2488,0.0,816.2487,4648.2092999999995,26542.9116,24163.9461,452
,,,,,,,,3572.0802000000003,39637.5993,0.0,770.5197000000001,4375.7433,25030.7316,22675.4919,453
,,,,,,,,3205.3653,37821.9798,0.0,700.101,3905.1189,22795.3035,20960.1774,454
,,,,,,,,2852.1972,36885.8448,0.0,625.8960000000001,3488.9876999999997,21608.6571,19294.1001,455
,,,,,,,,2566.5174,35598.1545,0.0,563.3991000000001,3154.9509000000003,20210.522399999998,17744.0076,456
,,,,,,,,1888.6041,30091.5819,0.0,331.19100000000003,2692.4652,17321.139,12200.144400000001,457
,,,,,,,,1812.0438000000001,27021.9501,0.0,307.1601,2605.7718,17011.8459,11504.973600000001,458
,,,,,,,,1770.075,24948.5463,0.0,292.0203,2530.0467,17020.868400000003,11091.372299999999,459
,,,,,,,,1775.3967,24204.5109,0.0,283.6143,2546.3241,17364.8088,10941.1047,460
,,,,,,,,1834.056,25233.271200000003,0.0,283.34970000000004,2679.7266000000004,18361.980900000002,11073.501,461
,,,,,,,,1938.9186,27762.2352,0.0,297.6543,2835.0684,19962.582300000002,11225.9565,462
,,,,,,,,2097.8442,31761.657900000002,0.0,323.7975,3045.2562,21334.0104,11728.5516,463
,,,,,,,,2252.6577,35355.546,0.0,368.3376,3247.6608,21862.7325,12183.3675,464
,,,,,,,,2354.9795999999997,37217.7711,0.0,397.5615,3395.925,21993.018300000003,12358.4364,465
,,,,,,,,2428.2738,37861.0713,0.0,441.2214,3482.2647,21960.1755,12769.8498,466
,,,,,,,,2472.9039,37674.0387,0.0,473.65830000000005,3544.8966,21766.732200000002,13119.624000000002,467
,,,,,,,,2550.9159,37112.5233,0.0,518.9472,3555.1584,21719.4543,13673.2806,468
,,,,,,,,2593.2474,36782.75520000001,0.0,569.4291,3531.8043,21467.5443,14465.8341,469
,,,,,,,,2590.7075999999997,35803.2402,0.0,603.2304,3551.9733,21305.4993,14984.477100000002,470
,,,,,,,,2592.2799,34744.285800000005,0.0,620.3943,3546.6659999999997,21209.499,16049.1168,471
,,,,,,,,2552.2461000000003,32757.194700000004,0.0,629.8137,3539.2347000000004,21345.1983,16202.303100000001,472
,,,,,,,,2495.2797,31906.6227,0.0,615.4209000000001,3579.5744999999997,21580.8678,17033.1525,473
,,,,,,,,2432.8701,32231.8809,0.0,583.6005,3588.7743,21831.6951,17360.6787,474
,,,,,,,,2274.6699000000003,32509.025100000003,0.0,533.9106,3611.4210000000003,21908.2059,16950.3597,475
,,,,,,,,2331.3950999999997,33147.5103,0.0,506.3589,3682.5453,21990.1311,16441.2,476
,,,,,,,,2343.1266,33928.906500000005,0.0,491.13090000000005,3543.8354999999997,21646.1907,16165.8297,477
,,,,,,,,2233.6686,33227.0901,0.0,451.6083,3371.5089000000003,20594.882700000002,15275.894400000001,478
,,,,,,,,2056.2381,33600.326400000005,0.0,393.4683,3118.8582,19240.416900000004,13923.1188,479
,,,,,,,,1907.8344,33146.2872,0.0,351.9648,2892.3921,18380.3868,12722.4351,480
,,,,,,,,1808.8992,30044.9862,0.0,328.6386,2769.9588,17196.627600000003,11621.322,481
,,,,,,,,1746.3690000000001,26925.094800000003,0.0,306.324,2670.1731,16906.1022,11151.1872,482
,,,,,,,,1719.8811,24814.6524,0.0,293.47290000000004,2584.8945,16905.0186,10823.6619,483
,,,,,,,,1736.0883000000001,24059.0295,0.0,281.41380000000004,2586.6639,17186.522399999998,10615.767300000001,484
,,,,,,,,1803.5774999999999,25016.0274,0.0,269.9703,2715.8193,18153.018900000003,10734.303600000001,485
,,,,,,,,1919.6874,27487.873799999998,0.0,286.695,2862.6687,19681.078500000003,11050.1577,486
,,,,,,,,2086.596,31531.5234,0.0,323.70930000000004,3082.7646,20894.792400000002,11616.5799,487
,,,,,,,,2227.7421,35174.6415,0.0,373.6629,3305.3382,21496.0554,11986.7787,488
,,,,,,,,2323.6542000000004,37276.3359,0.0,413.6697,3487.9266000000002,21635.002800000002,12290.597099999999,489
,,,,,,,,2396.5857,38125.4256,0.0,463.7556,3710.4993,21533.229000000003,12871.6083,490
,,,,,,,,2458.1484,38237.1525,0.0,523.0835999999999,3881.4102,21408.3567,13467.938400000001,491
,,,,,,,,2529.3869999999997,38327.3352,0.0,568.1961,4009.5054000000005,21514.1004,14535.8613,492
,,,,,,,,2590.4655000000002,38767.8141,0.0,601.3377,4115.3076,21385.259100000003,15575.3361,493
,,,,,,,,2647.0692000000004,38313.205200000004,0.0,642.7529999999999,4234.5558,21474.762300000002,16567.7598,494
,,,,,,,,2664.2439000000004,37575.5391,0.0,674.0450999999999,4291.5258,21467.1834,17522.6175,495
,,,,,,,,2712.1392,35856.0099,0.0,681.9237,4254.3711,21623.454,18488.7819,496
,,,,,,,,2744.1909,35200.9458,0.0,685.0926000000001,4243.0482,21859.1235,18738.2556,497
,,,,,,,,2727.2574,34961.794200000004,0.0,664.4511,4108.9383,21935.6343,19143.468,498
,,,,,,,,2703.915,34125.3117,0.0,641.961,4073.5530000000003,21790.5516,18927.184500000003,499
,,,,,,,,2685.5307,34190.3637,0.0,588.7944,4029.6753000000003,21642.2208,18040.166100000002,500
,,,,,,,,2602.0764,34792.077600000004,0.0,545.5737,3823.7327999999998,21491.3637,17091.5094,501
,,,,,,,,2388.8448,33784.9938,0.0,510.8922,3490.4034,20503.575,16224.915600000002,502
,,,,,,,,2186.136,34026.4008,0.0,446.4585,3206.9673000000003,19257.018300000003,14906.4246,503
,,,,,,,,2025.7586999999999,33659.7867,0.0,395.8893,2955.7323,17946.2214,13403.7468,504
,,,,,,,,2080.4274,31914.018900000003,0.0,475.5951,2948.301,18335.6352,16389.408600000002,505
,,,,,,,,1963.9548,29038.1877,0.0,431.7588,2795.0823,17765.409600000003,15440.751,506
,,,,,,,,1890.1764,26722.791,0.0,408.168,2685.0348,17423.2746,14730.9912,507
,,,,,,,,1846.7559,25423.851599999998,0.0,384.7095,2642.2182,17413.169400000002,14387.4171,508
,,,,,,,,1844.5788000000002,24950.082599999998,0.0,373.5306,2648.2338,17554.6431,13830.1137,509
,,,,,,,,1869.3729,24858.8829,0.0,363.276,2612.4948,17971.8462,13442.0427,510
,,,,,,,,1953.5526,26304.9705,0.0,379.0323,2721.4812,18841.6206,13895.0352,511
,,,,,,,,2096.3925,28843.92,0.0,427.0932,2964.2247,19982.0709,14576.346000000001,512
,,,,,,,,2296.4409,31068.305999999997,0.0,504.90720000000005,3158.4897,21106.6425,15812.7732,513
,,,,,,,,2481.975,33400.1763,0.0,568.6803,3455.0181000000002,21807.5139,16943.4297,514
,,,,,,,,2645.1342,35093.8647,0.0,622.1988,3698.1153,22431.1536,18398.6937,515
,,,,,,,,2768.1381,36444.565800000004,0.0,671.8887,3825.1476,22894.191000000003,19808.3664,516
,,,,,,,,2925.9755999999998,37135.4256,0.0,713.9205000000001,4014.4590000000003,23200.9578,20905.832700000003,517
,,,,,,,,3075.2253,37405.2555,0.0,760.8816,4103.6301,23985.198,22097.763,518
,,,,,,,,3195.9315,37470.6981,0.0,806.5656,4163.7852,24686.0703,23178.087,519
,,,,,,,,3269.5893,36516.3327,0.0,821.3544,4211.5554,24942.671100000003,23656.245300000002,520
,,,,,,,,3298.9797,36049.2237,0.0,829.1880000000001,4171.2156,25220.9268,24150.0861,521
,,,,,,,,3240.8028,35294.65470000001,0.0,806.4783,4047.7212,25097.1381,24201.8775,522
,,,,,,,,3147.4314000000004,34248.2688,0.0,761.3217000000001,3917.8575,24692.2056,23213.100599999998,523
,,,,,,,,3068.4519,34516.1025,0.0,706.5261,3853.8099000000007,24231.3336,22314.7764,524
,,,,,,,,2962.0179,34397.3304,0.0,669.5559000000001,3623.8059000000003,23160.175199999998,21063.0303,525
,,,,,,,,2768.2596000000003,33136.2045,0.0,617.2695,3387.7862999999998,21660.9876,19926.538200000003,526
,,,,,,,,2514.51,31972.0023,0.0,565.5996,3159.9045,21509.4087,18846.2151,527
,,,,,,,,2274.5493,33856.182,0.0,501.91380000000004,2936.6235,18775.575,17438.3658,528
,,,,,,,,1941.7005000000001,31847.656500000005,0.0,463.2273,2907.6075,18033.1992,15849.6111,529
,,,,,,,,1854.3753,28626.9615,0.0,432.85949999999997,2792.9592000000002,17664.3576,14748.498000000001,530
,,,,,,,,1818.6957,26495.8155,0.0,412.5699,2735.9892,17566.9137,14145.2379,531
,,,,,,,,1828.7342999999998,25916.193,0.0,393.8202,2763.5895,17998.9137,14084.6931,532
,,,,,,,,1903.3596,26882.683200000003,0.0,388.36260000000004,2915.7462,18961.800300000003,14039.4672,533
,,,,,,,,2046.3201,29405.339099999997,0.0,396.8136,3113.1963,20265.740100000003,14470.5753,534
,,,,,,,,2227.9842,33469.1937,0.0,430.1307,3342.1392,21563.5446,14857.186500000002,535
,,,,,,,,2409.6483000000003,37970.5536,0.0,482.90130000000005,3681.8379,22479.1533,15768.2772,536
,,,,,,,,2552.6088,40948.0209,0.0,575.7228,4165.9083,23125.8897,17187.4323,537
,,,,,,,,2679.8463,43145.0757,0.0,644.0733,4533.9147,23747.3631,18453.4029,538
,,,,,,,,2846.0286,44008.4673,0.0,715.725,4936.2453,24286.9122,19894.0779,539
,,,,,,,,3003.1407,44883.9054,0.0,789.9291,5269.5747,25053.8292,21385.8144,540
,,,,,,,,3147.6735,46264.4433,0.0,837.4185,5612.4585,25740.6264,22862.2329,541
,,,,,,,,3307.0824000000002,46845.8775,0.0,873.8604,6122.0061000000005,26581.8888,24105.2247,542
,,,,,,,,3446.6571000000004,46589.5827,0.0,903.3489000000001,6252.2235,27005.5881,25160.7474,543
,,,,,,,,3549.5838,44600.6907,0.0,918.7524000000001,6274.1628,27529.2576,25575.8076,544
,,,,,,,,3623.7249,44372.028600000005,0.0,918.5328,6270.2703,27699.6033,25281.837,545
,,,,,,,,3614.6538,43284.0906,0.0,892.566,5569.9956,27544.7763,25453.9881,546
,,,,,,,,3460.203,42268.1481,0.0,854.6715,5220.7434,26918.250300000003,24349.5927,547
,,,,,,,,3236.0859,41081.1561,0.0,794.8584000000001,5061.8637,26010.9423,23749.2504,548
,,,,,,,,3119.4927000000002,41147.0883,0.0,734.2542,4755.0725999999995,24488.656199999998,21957.3432,549
,,,,,,,,2827.2816000000003,38998.5498,0.0,666.4752000000001,4231.7244,22335.1533,20380.6242,550
,,,,,,,,2559.987,38124.5616,0.0,581.1795,3823.3790999999997,21237.6501,18907.1244,551
,,,,,,,,2341.5543,37204.1568,0.0,545.31,3468.8187,18618.582599999998,17450.4015,552
,,,,,,,,2032.7742,32492.5092,0.0,490.99949999999995,2967.4089000000004,17244.9891,15309.084600000002,553
,,,,,,,,1925.7354000000003,29128.908600000002,0.0,439.5492,2821.2678,16824.5379,14558.4747,554
,,,,,,,,1862.8416000000002,26794.3815,0.0,415.60650000000004,2748.3741,16661.410200000002,13705.7409,555
,,,,,,,,1821.4776000000002,25685.0406,0.0,395.7129,2765.7126000000003,16801.8012,13566.78,556
,,,,,,,,1845.3042000000003,26063.9874,0.0,388.36260000000004,2782.3437,17425.079100000003,13417.971300000001,557
,,,,,,,,1926.9441,27889.753500000003,0.0,401.12640000000005,2939.1012,18382.913099999998,13734.919800000001,558
,,,,,,,,2024.3079000000002,31340.443499999998,0.0,430.3503,3040.6563,19339.3044,13861.845,559
,,,,,,,,2216.8566,35454.537899999996,0.0,466.6167,3298.2615,20104.7778,14282.7408,560
,,,,,,,,2436.0147,38827.748700000004,0.0,534.7908,3771.7164000000002,20705.319,15458.6232,561
,,,,,,,,2658.438,40989.905999999995,0.0,605.3868000000001,4083.1065,21147.4242,16429.1634,562
,,,,,,,,2871.3069,42569.4852,0.0,666.2556,4338.9423,21533.229000000003,18047.096100000002,563
,,,,,,,,3089.8602,43483.941900000005,0.0,723.4272,4649.2713,22140.988200000003,19419.931800000002,564
,,,,,,,,3385.9413000000004,45012.7206,0.0,772.4565,5268.5136,22686.3108,20618.792100000002,565
,,,,,,,,3611.3876999999998,45987.759000000005,0.0,807.0939,5480.8254,23219.002800000002,21905.5518,566
,,,,,,,,3805.9937999999997,45717.6474,0.0,846.1764000000001,5553.7182,23624.2962,22726.918800000003,567
,,,,,,,,3926.0952000000007,43488.0189,0.0,868.1832,5356.269,24097.4388,23365.1925,568
,,,,,,,,3946.6557,42165.063,0.0,838.431,5242.328100000001,24396.9876,23527.8603,569
,,,,,,,,3871.4265,41104.1961,0.0,770.9157,4900.5063,24451.8444,22817.736,570
,,,,,,,,3818.8143000000005,40672.1331,0.0,717.7932000000001,4811.6898,24186.5811,22024.0881,571
,,,,,,,,3495.2778,39497.76,0.0,699.9245999999999,4616.7165,23360.8374,21260.7126,572
,,,,,,,,3290.6340000000005,39198.5451,0.0,665.3312999999999,4319.4807,22002.7626,19966.2939,573
,,,,,,,,2973.2661,37452.803400000004,0.0,624.6639,3911.4882000000002,20729.8602,18792.599400000003,574
,,,,,,,,2638.8450000000003,37364.5278,0.0,555.345,3538.8810000000003,19661.5899,17398.2456,575
,,,,,,,,2360.664,36159.5664,0.0,493.41960000000006,3292.2459,18381.4695,16131.545999999998,576
,,,,,,,,1762.5762,30180.9105,0.0,321.2001,2729.6199,17100.6282,11795.2965,577
,,,,,,,,1692.3051,27086.3244,0.0,297.8739,2618.8641000000002,16781.5908,11438.957699999999,578
,,,,,,,,1652.5134,24797.1312,0.0,280.18080000000003,2493.2466,16701.4701,11138.4225,579
,,,,,,,,1647.675,23842.054799999998,0.0,269.9703,2470.9536,16818.0417,10971.011700000001,580
,,,,,,,,1665.2133000000001,24016.4586,0.0,264.82050000000004,2499.6159000000002,17290.101599999998,10966.635,581
,,,,,,,,1693.7568,25617.5757,0.0,266.71320000000003,2563.6626,18182.612699999998,10995.084,582
,,,,,,,,1736.3304,27941.5449,0.0,278.77230000000003,2590.9101,18987.7851,11058.5466,583
,,,,,,,,1824.8643,31476.183299999997,0.0,304.12350000000004,2737.7586,19637.409600000003,11321.8803,584
,,,,,,,,1967.2200000000003,33873.2595,0.0,352.14119999999997,2932.3773,20079.153899999998,11571.354,585
,,,,,,,,2071.3563,34940.7342,0.0,395.8893,3209.7978000000003,20161.0782,12141.058500000001,586
,,,,,,,,2131.1045999999997,35572.0329,0.0,429.2505,3373.9857,19846.7325,12594.051,587
,,,,,,,,2238.9903,35827.5204,0.0,465.73650000000004,3523.3119,19535.6349,13139.6832,588
,,,,,,,,2294.1432,35920.5939,0.0,488.358,3676.5297,19624.4172,14337.45,589
,,,,,,,,2297.7711000000004,35553.0087,0.0,526.869,3813.4709999999995,19601.680500000002,15085.871100000002,590
,,,,,,,,2315.6711999999998,34627.1454,0.0,581.2677,3904.0569000000005,19714.281300000002,15688.036799999998,591
,,,,,,,,2278.1772,32511.897,0.0,592.5789000000001,3915.027,19979.9055,16541.8641,592
,,,,,,,,2273.0976,31654.349100000003,0.0,567.2277,3872.5641,20398.1913,16668.7902,593
,,,,,,,,2295.7155000000002,32382.8541,0.0,542.8017000000001,3890.6109,20564.5671,16935.406199999998,594
,,,,,,,,2306.2374,32040.1467,0.0,512.6535,3819.4865999999997,20407.2138,16231.481099999999,595
,,,,,,,,2282.6529,31867.541100000002,0.0,478.98359999999997,3726.4230000000002,20315.5443,15656.67,596
,,,,,,,,2205.6084,32749.2567,0.0,451.43190000000004,3597.6204000000002,19956.447000000004,14974.993800000002,597
,,,,,,,,2106.4311,32443.2531,0.0,409.2687,3334.0005,19237.5297,14254.2918,598
,,,,,,,,1958.3909999999998,33174.0774,0.0,374.01480000000004,3111.0732000000003,17098.1019,13278.2805,599
,,,,,,,,1842.5223,32779.1709,0.0,333.1278,2917.5156,17236.3275,12297.8916,600
,,,,,,,,1801.7631000000001,29663.362800000003,0.0,239.3379,2785.1751000000004,19344.717900000003,11010.7674,601
,,,,,,,,1754.4726,28938.463200000002,0.0,231.81210000000002,2695.2966,19202.8833,10865.241,602
,,,,,,,,1736.6931000000002,26844.2586,0.0,228.68730000000002,2646.4644000000003,19342.191600000002,10842.2631,603
,,,,,,,,1750.4811,25169.467500000002,0.0,229.4793,2651.4189,19762.2819,10915.938,604
,,,,,,,,1833.3306000000002,24796.1457,0.0,236.47680000000003,2718.6507,20720.1159,11335.010400000001,605
,,,,,,,,2010.1563,25813.7649,0.0,254.78640000000001,2921.4081,22537.6191,12204.5211,606
,,,,,,,,2273.3397,27991.0863,0.0,285.3306,3271.3686,24647.453100000002,13214.452500000001,607
,,,,,,,,2393.5617,29723.967900000003,0.0,311.29740000000004,3432.7251,25757.2278,13496.0229,608
,,,,,,,,2450.4075000000003,31254.368400000003,0.0,333.70020000000005,3562.5897,25744.235399999998,13454.8083,609
,,,,,,,,2448.9567,32456.0268,0.0,349.6761,3682.8990000000003,25674.2199,12961.332,610
,,,,,,,,2450.4075000000003,33498.9117,0.0,354.25350000000003,3749.0697,25564.8672,12497.0328,611
,,,,,,,,2416.7844,33901.220700000005,0.0,354.7377,3746.9466,25272.5364,12214.7343,612
,,,,,,,,2386.305,33961.8015,0.0,353.24100000000004,3715.1001,25130.3409,12025.0755,613
,,,,,,,,2341.4337,33566.5989,0.0,349.0596,3689.622,24892.145099999998,11859.8535,614
,,,,,,,,2281.6854000000003,32604.5322,0.0,337.0887,3626.6364,24721.0776,11814.2631,615
,,,,,,,,2261.4867,31603.0923,0.0,325.0296,3580.9893,24876.9873,12076.5024,616
,,,,,,,,2270.6793,30593.4966,0.0,319.2642,3657.7755,25691.5431,12818.358,617
,,,,,,,,2439.8856,32542.411500000002,0.0,347.4756,3911.4882000000002,26715.0618,13715.9532,618
,,,,,,,,2490.0786,33297.435000000005,0.0,361.8234,4028.967,26938.821600000003,14579.2638,619
,,,,,,,,2463.3495,32650.9641,0.0,357.3342,3978.7200000000003,26239.7538,14467.293000000001,620
,,,,,,,,2411.946,32251.5288,0.0,350.24850000000004,3918.5649000000003,25097.1381,14394.7116,621
,,,,,,,,2321.4771,31823.091,0.0,330.5754,3747.3003000000003,23429.0475,13878.2574,622
,,,,,,,,2152.9962,30773.6955,0.0,306.94050000000004,3462.4494000000004,21909.6495,13048.5015,623
,,,,,,,,2000.1177,29949.108299999996,0.0,282.5136,3174.7671,19718.6121,12370.107600000001,624
,,,,,,,,1760.5197,29315.8656,0.0,236.3886,2688.5727,18654.6726,10862.6877,625
,,,,,,,,1716.6159000000002,28597.0086,0.0,228.9951,2605.7718,18450.7632,10662.087599999999,626
,,,,,,,,1696.7799,26514.3771,0.0,224.41770000000002,2580.6483000000003,18532.3266,10635.4629,627
,,,,,,,,1717.5834,25054.8435,0.0,224.28539999999998,2591.2637999999997,19038.312,10671.9354,628
,,,,,,,,1814.2209,24809.1858,0.0,231.98760000000001,2712.2814000000003,20109.108600000003,11111.796900000001,629
,,,,,,,,1974.4767,26018.5149,0.0,249.15240000000003,2922.4701,22029.1083,11921.8572,630
,,,,,,,,2222.6625,28064.7441,0.0,277.9362,3179.367,24146.1603,12797.5689,631
,,,,,,,,2350.6254,29695.3875,0.0,308.48130000000003,3369.7395,25193.1375,13035.7359,632
,,,,,,,,2409.1641000000004,31268.0322,0.0,334.404,3538.5273,25156.6866,12835.8657,633
,,,,,,,,2409.4062,32592.528,0.0,344.5272,3648.5757,25047.333,12377.4021,634
,,,,,,,,2417.5098,33670.044,0.0,353.3292,3690.684,24880.5963,11928.7872,635
,,,,,,,,2402.2700999999997,34036.359300000004,0.0,354.5613,3672.9918,24601.6188,11635.1811,636
,,,,,,,,2371.4289,34207.6959,0.0,356.454,3613.8978,24044.746499999997,11475.4311,637
,,,,,,,,2321.1144,33902.903699999995,0.0,357.7743,3624.1596,23617.4391,11376.225,638
,,,,,,,,2271.1626,33102.8118,0.0,354.7377,3589.8363,23352.5367,11385.3429,639
,,,,,,,,2222.6625,31955.9382,0.0,340.3458,3560.8203000000003,23384.2959,11489.290200000001,640
,,,,,,,,2206.6974,30441.4884,0.0,326.5254,3545.604,24003.243000000002,11918.574900000001,641
,,,,,,,,2278.4193000000005,31121.9919,0.0,326.394,3663.0837,25076.205,12582.3798,642
,,,,,,,,2379.411,32570.5257,0.0,348.3999,3835.4094,25618.6413,13466.4795,643
,,,,,,,,2354.3748,32239.500300000003,0.0,346.41900000000004,3804.9786,25336.4157,13483.257300000001,644
,,,,,,,,2312.1639,31622.2722,0.0,335.72429999999997,3683.9610000000002,24239.273400000002,13438.3959,645
,,,,,,,,2220.7275,31113.2799,0.0,315.83070000000004,3480.849,22649.499,12943.825200000001,646
,,,,,,,,2064.5838,30038.671800000004,0.0,286.5186,3210.1524,21263.274,12138.5061,647
,,,,,,,,1921.6224,29385.892799999998,0.0,261.82800000000003,2983.6863,19324.868400000003,11435.3109,648
,,,,,,,,1751.6907,29202.942600000002,0.0,277.2324,2743.0668,17093.410200000002,11073.135600000001,649
,,,,,,,,1679.2425,26698.089600000003,0.0,260.90369999999996,2627.0027999999998,16763.1849,10809.072900000001,650
,,,,,,,,1639.0881000000002,24507.232200000002,0.0,252.62910000000002,2501.739,16655.6358,10600.4484,651
,,,,,,,,1627.3557,23304.7143,0.0,247.2597,2448.6606,16745.8608,10416.626100000001,652
,,,,,,,,1638.846,22879.3698,0.0,244.971,2463.8769,17209.9818,10436.320800000001,653
,,,,,,,,1672.3485,23144.544,0.0,249.0642,2522.9700000000003,18063.153899999998,10663.5465,654
,,,,,,,,1719.8811,23635.1286,0.0,260.5518,2542.4316,18907.3044,11016.9675,655
,,,,,,,,1818.5751,25279.0821,0.0,279.7848,2669.1111,19707.7851,11242.7343,656
,,,,,,,,1950.7716,27480.9456,0.0,319.572,2869.7454000000002,20279.0934,11071.3122,657
,,,,,,,,2070.1467000000002,29037.7197,0.0,356.1903,3059.4105,20463.8751,11225.591999999999,658
,,,,,,,,2135.0961,30325.311,0.0,382.8177,3283.7535,20276.5671,11451.723300000001,659
,,,,,,,,2234.0313,30717.0855,0.0,408.0366,3378.9393,20025.7398,11663.265599999999,660
,,,,,,,,2274.4278,31513.085099999997,0.0,433.1673,3520.8351000000002,19782.131400000002,11991.5208,661
,,,,,,,,2312.5266,31818.4632,0.0,464.8563,3676.8834,19442.8836,12789.18,662
,,,,,,,,2328.8553,31562.4915,0.0,467.71649999999994,3768.8849999999998,19292.3874,13237.065900000001,663
,,,,,,,,2359.3338,30095.0127,0.0,475.41870000000006,3721.8231000000005,19480.0563,13875.3396,664
,,,,,,,,2365.0182,29212.4061,0.0,456.8895,3694.5765,19984.5972,14458.904100000002,665
,,,,,,,,2338.2891000000004,28893.6333,0.0,429.9543,3716.8695,20756.9277,14480.0586,666
,,,,,,,,2280.5964000000004,29960.3646,0.0,414.3303,3668.0373000000004,21033.018,14170.769100000001,667
,,,,,,,,2260.7613,29735.982000000004,0.0,388.18710000000004,3475.8954000000003,20762.702100000002,13947.920100000001,668
,,,,,,,,2200.4082000000003,29834.4834,0.0,371.11050000000006,3382.8318000000004,20273.679900000003,13530.672,669
,,,,,,,,2125.0575000000003,29390.3019,0.0,351.0405,3245.1831,19547.9055,12869.4204,670
,,,,,,,,1969.2765000000002,28759.7376,0.0,317.2392,3026.1483000000003,17366.6133,12038.9355,671
,,,,,,,,1838.6523,29921.6169,0.0,291.6243,2832.237,17398.0116,11293.0668,672
,,,,,,,,1879.533,30721.911300000003,0.0,315.963,2883.1923,17265.9213,11016.2385,673
,,,,,,,,1792.4499,28098.315899999998,0.0,289.8198,2722.1895000000004,16922.7036,10450.545300000002,674
,,,,,,,,1749.6342,26003.5947,0.0,268.4736,2632.6647000000003,16892.3871,10261.2519,675
,,,,,,,,1749.1509,25097.148,0.0,258.35130000000004,2621.3409,17181.8307,10160.2224,676
,,,,,,,,1811.0763,25521.613200000003,0.0,259.011,2743.0668,18225.5598,10348.056900000001,677
,,,,,,,,1938.5559,26606.1582,0.0,270.1899,2939.8086000000003,19865.1384,10851.7464,678
,,,,,,,,2080.4274,28671.3441,0.0,300.8232,3095.5041,21183.8751,11384.9784,679
,,,,,,,,2247.4566,31350.304799999998,0.0,339.4215,3327.9849,21594.942900000002,11551.6584,680
,,,,,,,,2352.3192000000004,33372.048599999995,0.0,375.6438,3571.0821,21675.063599999998,11469.5946,681
,,,,,,,,2420.6544,35350.2558,0.0,410.89680000000004,3865.8411,21777.5592,11716.5159,682
,,,,,,,,2519.5896,37061.6454,0.0,456.2298,4069.6605000000004,21541.890600000002,11973.6486,683
,,,,,,,,2607.8823,38849.3316,0.0,508.03200000000004,4202.354700000001,21527.4546,12428.4645,684
,,,,,,,,2657.7126000000003,39656.3067,0.0,548.919,4405.113,21498.5817,13106.1285,685
,,,,,,,,2692.5453,39849.7554,0.0,595.6155,4513.392,21469.3488,13928.9544,686
,,,,,,,,2679.7248000000004,39674.649600000004,0.0,601.1613,4586.285699999999,21509.7696,14507.0478,687
,,,,,,,,2646.7065,38395.4184,0.0,622.3311000000001,4554.4383,21725.589600000003,15054.504299999999,688
,,,,,,,,2610.7848,37097.12790000001,0.0,608.0715,4423.5126,21871.3941,15938.240399999999,689
,,,,,,,,2557.6884000000005,35786.9655,0.0,576.6903000000001,4309.5725999999995,21720.8979,16320.474900000001,690
,,,,,,,,2480.1606,36032.6475,0.0,558.6453,4290.8184,21735.3339,16399.985399999998,691
,,,,,,,,2486.4498000000003,35876.4354,0.0,509.00040000000007,4166.262000000001,21500.0253,15730.710299999999,692
,,,,,,,,2415.4533,34623.4518,0.0,482.6367,3889.1952000000006,21390.6726,15396.983999999999,693
,,,,,,,,2272.6143,32979.6171,0.0,450.37620000000004,3616.3746,20408.2965,14441.7618,694
,,,,,,,,2099.8998,31389.9678,0.0,400.33439999999996,3338.6004000000003,19078.7328,12916.4706,695
,,,,,,,,1955.7296999999999,31831.6653,0.0,357.7302,3077.4573,18132.8085,11893.0437,696
,,,,,,,,1788.822,29959.9245,0.0,272.1708,2696.7114,18085.168800000003,10591.695,697
,,,,,,,,1726.4124000000002,26985.3705,0.0,259.1874,2589.4944,17889.1992,10326.1734,698
,,,,,,,,1700.2881,25036.9398,0.0,245.54340000000002,2527.5699,17917.7103,10251.404100000002,699
,,,,,,,,1708.1496,24456.231900000002,0.0,241.36200000000002,2548.4472,18460.5075,10219.6728,700
,,,,,,,,1780.1136000000001,25476.2136,0.0,242.81459999999998,2687.5116,19708.8678,10505.619,701
,,,,,,,,1924.4043,28245.3678,0.0,256.59090000000003,2944.7622,21647.6343,11142.0693,702
,,,,,,,,2089.0152000000003,31836.5262,0.0,286.7391,3148.2279,23387.544,11851.1001,703
,,,,,,,,2223.9927000000002,35357.5701,0.0,317.7675,3332.2311,23837.9499,12020.6988,704
,,,,,,,,2322.324,37591.623,0.0,344.61449999999996,3476.9565,23294.07,11584.1196,705
,,,,,,,,2379.6531000000004,38647.4877,0.0,373.2669,3590.8974,22984.7769,11293.0668,706
,,,,,,,,2400.5772,38861.7813,0.0,399.762,3662.0217000000002,22517.7696,11196.7785,707
,,,,,,,,2546.1981,39360.9276,0.0,425.9493,3769.5933,22160.1159,11271.5478,708
,,,,,,,,2565.9135,39288.824100000005,0.0,444.96270000000004,3868.3179000000005,21636.4464,11355.435,709
,,,,,,,,2562.8895,38307.0726,0.0,469.7415,3833.9946,21086.071200000002,11817.5454,710
,,,,,,,,2577.8871,37611.6849,0.0,469.08090000000004,3872.5641,20730.582,11974.743,711
,,,,,,,,2546.6823,35779.8357,0.0,484.4853,3814.1784,20583.6948,12433.9356,712
,,,,,,,,2514.8727,34923.1023,0.0,475.9029,3789.4085999999998,20756.5668,12849.3603,713
,,,,,,,,2438.676,34225.53660000001,0.0,454.1607,3781.6245000000004,21181.7097,13407.758100000001,714
,,,,,,,,2529.1449000000002,34386.9453,0.0,443.1141,3763.5777,21753.3789,14025.9717,715
,,,,,,,,2493.2232,33960.8844,0.0,457.7697,3712.6232999999997,22055.093100000002,13916.188800000002,716
,,,,,,,,2347.8435000000004,34589.5155,0.0,431.2305,3570.7275,21702.492000000002,13853.4561,717
,,,,,,,,2240.6841,33443.864100000006,0.0,396.6813,3366.909,20733.1083,13229.4069,718
,,,,,,,,2059.5033,33745.1607,0.0,361.95570000000004,3099.7503,18048.357,12228.2289,719
,,,,,,,,1916.5428000000002,33139.3851,0.0,316.9755,2896.6383,16546.6431,11396.285100000001,720
,,,,,,,,1831.5162,30228.8346,0.0,332.7318,2706.6195000000002,17251.8462,12349.683,721
,,,,,,,,1764.6318,27151.488,0.0,308.1726,2617.0947,16838.9739,11594.331900000001,722
,,,,,,,,1735.2414,25132.8699,0.0,292.3722,2539.2474,16744.778100000003,11009.308500000001,723
,,,,,,,,1750.3605,24473.3121,0.0,280.4454,2560.1247000000003,16958.0718,10878.0066,724
,,,,,,,,1817.6076,25561.8486,0.0,271.3788,2694.942,17741.9511,11037.0276,725
,,,,,,,,1943.0306999999998,28161.3537,0.0,287.0028,2849.2218000000003,19120.9581,11326.621500000001,726
,,,,,,,,2111.7527999999998,32119.845299999997,0.0,326.5254,3049.5024,20345.499900000003,11816.8155,727
,,,,,,,,2246.3685,35702.7192,0.0,366.6645,3246.5987999999998,21251.003399999998,12411.6867,728
,,,,,,,,2334.6603,37555.2684,0.0,408.8727,3395.925,21596.3865,12736.295100000001,729
,,,,,,,,2405.7774,38161.1907,0.0,451.6083,3496.0652999999998,21698.522100000002,13311.105300000001,730
,,,,,,,,2481.6123000000002,37961.8614,0.0,482.59260000000006,3554.8047,21593.8602,13885.5519,731
,,,,,,,,2552.9715,37351.3176,0.0,508.77990000000005,3576.7431,21881.4993,15138.7569,732
,,,,,,,,2602.4391,36963.0414,0.0,568.9449,3562.2351000000003,21865.2588,16141.758300000001,733
,,,,,,,,2614.4136,36718.475399999996,0.0,621.2312999999999,3585.5901,21933.108,17083.1205,734
,,,,,,,,2599.6572,35722.509300000005,0.0,642.6207,3570.0200999999997,22074.942600000002,17887.345200000003,735
,,,,,,,,2570.8716,32949.2376,0.0,649.9710000000001,3554.0964000000004,22266.581400000003,18155.4201,736
,,,,,,,,2480.6448,31958.411399999997,0.0,646.4061,3576.0357,22536.1755,18809.0127,737
,,,,,,,,2393.199,32075.9487,0.0,619.6464,3568.2507,22366.1907,19063.5921,738
,,,,,,,,2310.3495,32421.830400000003,0.0,589.5864,3582.0513,22369.7997,18740.079,739
,,,,,,,,2331.8784,33070.959,0.0,544.2975,3665.2068000000004,22276.3266,17918.347500000003,740
,,,,,,,,2345.9085,33864.160500000005,0.0,518.7708,3526.4961000000003,21847.2138,17572.5855,741
,,,,,,,,2250.7227,33183.7929,0.0,483.5169,3357.3545999999997,20869.1685,16436.8233,742
,,,,,,,,2080.9116,33645.774600000004,0.0,432.1107,3101.5188000000003,19773.8307,14934.8736,743
,,,,,,,,1937.2248000000002,33259.4919,0.0,380.925,2881.7766,18460.868400000003,13617.112500000001,744
,,,,,,,,1921.1391,32769.2448,0.0,254.5659,2689.2810000000004,18612.0864,11077.5123,745
,,,,,,,,1855.4643,29780.5869,0.0,249.3288,2561.8941,18304.5978,10860.864300000001,746
,,,,,,,,1841.6763,27036.744300000002,0.0,244.39950000000002,2504.5695,18329.139,10831.686300000001,747
,,,,,,,,1845.063,25187.599800000004,0.0,240.4386,2484.0459,18636.627600000003,10849.1931,748
,,,,,,,,1908.5607,24892.641000000003,0.0,249.417,2552.3397,19551.8754,11171.977200000001,749
,,,,,,,,2065.7925,26417.0439,0.0,267.98940000000005,2755.4508,21267.2439,11875.172400000001,750
,,,,,,,,2270.4372000000003,29265.465600000003,0.0,291.8007,3003.8562,23141.0475,12947.836500000001,751
,,,,,,,,2398.4001000000003,32893.8336,0.0,323.1369,3208.7367,24110.0703,13195.8513,752
,,,,,,,,2450.0448,36250.365600000005,0.0,346.1553,3371.1552,24138.9423,12677.573699999999,753
,,,,,,,,2489.1111,37889.0586,0.0,360.063,3545.2503,23892.4458,12265.7958,754
,,,,,,,,2486.934,38387.8467,0.0,368.6454,3636.1908,23402.701800000003,11589.9552,755
,,,,,,,,2454.3990000000003,37803.8673,0.0,376.5672,3715.8075000000003,22956.2658,11468.8656,756
,,,,,,,,2411.8254,37741.5639,0.0,378.06390000000005,3806.7480000000005,22527.5139,11414.156400000002,757
,,,,,,,,2366.712,37034.4852,0.0,387.8784,3886.3647,22135.2138,11468.8656,758
,,,,,,,,2318.5746,36359.88480000001,0.0,379.9125,3828.6863999999996,21877.529400000003,11641.7466,759
,,,,,,,,2269.1061,34781.8248,0.0,362.83590000000004,3755.7927,22035.6045,11904.350400000001,760
,,,,,,,,2283.4989,31969.839600000003,0.0,350.1603,3717.2232,22867.8453,12474.7848,761
,,,,,,,,2478.7098,33689.9331,0.0,368.6895,3823.3790999999997,24117.2883,13132.024200000002,762
,,,,,,,,2501.0847000000003,34222.122,0.0,361.29510000000005,3675.4685999999997,24113.3184,13823.9127,763
,,,,,,,,2435.7726000000002,33287.6097,0.0,349.8525,3631.2363,23488.5969,13549.2732,764
,,,,,,,,2395.3761,32220.1431,0.0,333.9639,3508.0956,22675.1229,13404.4758,765
,,,,,,,,2299.3434,32415.1344,0.0,313.23420000000004,3359.4777000000004,21496.7772,12873.4326,766
,,,,,,,,2162.1888,31985.3538,0.0,288.9396,3114.9656999999997,20333.590200000002,12240.630000000001,767
,,,,,,,,2044.0224,32795.1612,0.0,266.71320000000003,2919.2850000000003,19558.7325,11550.5649,768
,,,,,,,,1777.4523,32238.9225,0.0,257.031,2704.8501,17980.5078,10918.4913,769
,,,,,,,,1716.9786,29381.7726,0.0,245.5875,2576.7558,17574.131699999998,10665.3699,770
,,,,,,,,1677.429,26539.511400000003,0.0,238.5018,2503.5084,17441.680500000002,10492.4889,771
,,,,,,,,1669.5666,24555.123900000002,0.0,234.76050000000004,2439.4608000000003,17455.7556,10413.3429,772
,,,,,,,,1687.7088,23759.055,0.0,238.85369999999998,2427.0759000000003,17728.2369,10462.581900000001,773
,,,,,,,,1733.9112,24272.1306,0.0,247.9644,2479.446,18500.567400000004,10725.5502,774
,,,,,,,,1819.422,26162.9451,0.0,258.615,2591.2637999999997,19733.0481,11143.8927,775
,,,,,,,,1909.8909,29666.6235,0.0,287.0469,2762.8821000000003,20858.341500000002,11363.459400000002,776
,,,,,,,,2029.7502,33217.029,0.0,316.9755,2944.4085,21542.973299999998,11312.397,777
,,,,,,,,2122.6383,35004.4245,0.0,341.5779,3107.1807,21815.453700000002,11352.5172,778
,,,,,,,,2179.6047,35418.6594,0.0,364.72860000000003,3204.1368,21610.4616,11331.3636,779
,,,,,,,,2175.7347000000004,34788.1293,0.0,389.33099999999996,3343.9086,21185.3187,11385.707400000001,780
,,,,,,,,2149.731,34954.7202,0.0,407.0682,3382.4781000000003,20758.732200000002,11504.2446,781
,,,,,,,,2145.7395,34620.7572,0.0,416.4426,3435.9102,20365.349400000003,11719.7982,782
,,,,,,,,2102.8032,33927.528600000005,0.0,412.0857,3482.9721,20211.244199999997,11920.7637,783
,,,,,,,,2057.8104000000003,32677.0038,0.0,405.9234,3524.0193000000004,20410.101,12248.6535,784
,,,,,,,,2039.7887999999998,30528.7245,0.0,385.1496,3514.4649,21118.1913,12726.8118,785
,,,,,,,,2150.2143,31441.0752,0.0,377.31600000000003,3639.0213,21973.890600000002,13322.0475,786
,,,,,,,,2174.1624,31957.5726,0.0,356.5863,3519.0657,21949.7094,13455.1728,787
,,,,,,,,2137.878,31274.2602,0.0,347.0355,3382.4781000000003,21507.9651,13088.621700000002,788
,,,,,,,,2085.507,30428.585099999997,0.0,332.8632,3300.7383,20961.920700000002,12845.712599999999,789
,,,,,,,,2002.4163,31095.905400000003,0.0,315.3465,3204.4905000000003,20193.1992,12448.160100000001,790
,,,,,,,,1901.1825000000001,30957.5934,0.0,289.1592,3052.6875,19239.6951,11920.7637,791
,,,,,,,,1794.0221999999999,31664.624399999997,0.0,268.9578,2876.4693,17739.4248,11313.855899999999,792
,,,,,,,,1804.545,32862.5676,0.0,257.2947,2927.4237000000003,18945.198900000003,11447.7111,793
,,,,,,,,1754.8353,29960.873099999997,0.0,248.84460000000004,2817.3753,18676.6875,11316.4092,794
,,,,,,,,1730.0412000000001,27144.333,0.0,245.19150000000002,2738.8197,18609.921,11299.2669,795
,,,,,,,,1744.1919,25404.5295,0.0,243.4311,2720.4201,18879.1542,11386.801800000001,796
,,,,,,,,1812.7692000000002,25271.0127,0.0,249.9885,2744.4816,19707.0633,11776.6962,797
,,,,,,,,1958.2704000000003,26841.6135,0.0,266.8896,2965.9932,21388.1463,12645.8424,798
,,,,,,,,2173.5576,30090.636899999998,0.0,295.76160000000004,3283.3998,23274.9423,13644.831600000001,799
,,,,,,,,2270.9205,33296.6655,0.0,319.2642,3434.4945000000002,24255.153,13856.0094,800
,,,,,,,,2314.8251999999998,36325.271700000005,0.0,340.1253,3557.6352,24169.2579,13609.818000000001,801
,,,,,,,,2342.7639,37763.75520000001,0.0,352.0971,3637.9602,24208.236,12909.9051,802
,,,,,,,,2361.753,38118.9456,0.0,355.13370000000003,3703.7763,24089.1381,12311.7516,803
,,,,,,,,2355.4638,37501.490699999995,0.0,355.0896,3706.9613999999997,23736.897,11876.6313,804
,,,,,,,,2331.5157,36740.6253,0.0,354.4299,3700.9458000000004,23464.7775,11590.3197,805
,,,,,,,,2301.2784,35969.332500000004,0.0,352.71270000000004,3711.2076,23164.146,11444.4288,806
,,,,,,,,2261.0034,34805.622599999995,0.0,342.8541,3704.13,22960.9575,11421.0864,807
,,,,,,,,2226.4119,33442.8606,0.0,333.3033,3655.6524,23017.619700000003,11521.751400000001,808
,,,,,,,,2231.7336,31646.586600000002,0.0,320.0562,3692.0996999999998,23604.4458,11991.1554,809
,,,,,,,,2371.0652999999998,33312.2094,0.0,342.5022,3770.3007000000002,24606.6714,12840.6069,810
,,,,,,,,2398.4001000000003,34376.673599999995,0.0,353.2851,3860.5328999999997,24695.453700000002,13650.6672,811
,,,,,,,,2358.729,33858.2718,0.0,349.9407,3807.4554000000003,24270.671700000003,13606.5348,812
,,,,,,,,2310.1083,33076.854900000006,0.0,337.9248,3699.1764,23363.3637,13559.485499999999,813
,,,,,,,,2219.2758000000003,33403.503600000004,0.0,320.4963,3522.6036,21971.003399999998,13159.3788,814
,,,,,,,,2071.9611,32598.5553,0.0,295.76160000000004,3263.5836000000004,20402.882999999998,12398.9211,815
,,,,,,,,1924.767,33123.4119,0.0,269.1342,3007.7478,19477.530000000002,11765.753999999999,816
,,,,,,,,2386.7891999999997,33930.6066,0.0,468.9054,3020.841,18173.590200000002,16981.7265,817
,,,,,,,,2245.401,30379.752900000003,0.0,426.8295,2889.9153,17654.6133,15936.051599999999,818
,,,,,,,,2148.5214,27996.894,0.0,403.767,2783.4057,17344.597500000003,15124.167900000002,819
,,,,,,,,2106.1899,26882.811,0.0,380.3967,2749.0815,17382.4929,14338.179,820
,,,,,,,,2068.6959,27014.8203,0.0,368.7777,2786.2362000000003,17692.1469,14345.838,821
,,,,,,,,2081.1528,28285.173000000003,0.0,364.2885,2817.3753,18083.3643,13996.7937,822
,,,,,,,,2130.0165,31517.852400000003,0.0,375.99570000000006,2919.9924,18814.913099999998,13969.8045,823
,,,,,,,,2320.6302,35512.0974,0.0,425.20140000000004,3180.4281,19944.1764,15058.152,824
,,,,,,,,2549.7063000000003,39066.8814,0.0,499.62510000000003,3574.6200000000003,21083.9058,16620.6456,825
,,,,,,,,2798.496,41129.3403,0.0,593.4150000000001,3857.7024,21708.2664,18095.605199999998,826
,,,,,,,,3058.1721000000002,42374.5758,0.0,670.2165,4119.9075,22449.1986,19824.7797,827
,,,,,,,,3337.8039,43337.743200000004,0.0,738.0387000000001,4347.081,23056.236,21432.4992,828
,,,,,,,,3641.625,44447.0184,0.0,799.7877000000001,4486.4991,23654.972700000002,22864.4208,829
,,,,,,,,3904.8084000000003,44850.7287,0.0,841.3353000000001,4700.5794000000005,24258.762000000002,24178.5351,830
,,,,,,,,4132.674,44557.0857,0.0,864.0459000000001,4810.9815,24948.0855,25215.4566,831
,,,,,,,,4254.4692000000005,42785.199,0.0,874.7846999999999,4814.5203,25480.054799999998,26000.3502,832
,,,,,,,,4274.4249,41990.3316,0.0,880.8147,4810.9815,25910.972100000003,26319.4875,833
,,,,,,,,4169.8053,40971.915,0.0,852.9543,4587.3468,25773.8292,26150.2533,834
,,,,,,,,3984.876,40023.8622,0.0,812.5515,4462.4367,25363.8441,25033.0923,835
,,,,,,,,3726.8937000000005,39269.504700000005,0.0,745.7409,4319.1261,24551.453700000002,24238.350000000002,836
,,,,,,,,3513.7827,39314.4345,0.0,689.9778000000001,4062.9375,23014.0107,22385.1681,837
,,,,,,,,3192.1821,38228.1039,0.0,627.3486,3601.8666000000003,21524.2065,20858.7825,838
,,,,,,,,2864.5335,37941.4017,0.0,581.3559,3352.0472999999997,20698.461900000002,19466.6166,839
,,,,,,,,2590.8282,37286.1,0.0,530.8299000000001,3068.9649,18220.8681,18229.4604,840
,,,,,,,,1699.1991,29522.1258,0.0,263.9403,2737.7586,17866.4625,11061.8289,841
,,,,,,,,1632.6774,26377.1973,0.0,249.9444,2603.2941,17535.1545,10774.7883,842
,,,,,,,,1597.9662,24148.224000000002,0.0,239.4261,2486.5227,17519.2749,10492.8543,843
,,,,,,,,1586.3544,22921.4304,0.0,233.4402,2418.9372000000003,17518.5531,10286.0532,844
,,,,,,,,1590.588,22830.6951,0.0,233.8362,2373.6438000000003,17723.5452,10298.8188,845
,,,,,,,,1619.8578000000002,24147.7047,0.0,239.9103,2373.2901,18424.7784,10456.3809,846
,,,,,,,,1679.4846,26714.8548,0.0,246.68820000000002,2427.4296,19665.198900000003,10733.9391,847
,,,,,,,,1775.034,30136.4046,0.0,272.5668,2566.1403,20855.0934,10866.699900000001,848
,,,,,,,,1897.6752,32578.086600000002,0.0,314.8623,2730.3273000000004,21234.041100000002,11117.6325,849
,,,,,,,,2011.3659000000002,33670.2096,0.0,345.4515,2908.3158,21326.792400000002,11441.511,850
,,,,,,,,2082.3624,33679.113300000005,0.0,376.2153,3198.1212,21031.5744,11850.3711,851
,,,,,,,,2159.0442000000003,34067.347200000004,0.0,410.7654,3366.5553000000004,20615.454,12255.219000000001,852
,,,,,,,,2187.1034999999997,34783.6563,0.0,450.72810000000004,3574.6200000000003,20250.943199999998,12870.1494,853
,,,,,,,,2214.6795,34688.3715,0.0,471.80969999999996,3681.4842,19966.913099999998,13300.5285,854
,,,,,,,,2208.2697,34290.8244,0.0,504.90720000000005,3783.3930000000005,19864.7775,14087.6109,855
,,,,,,,,2205.3672,32510.615400000002,0.0,513.8415,3832.2252000000003,20140.8678,14732.0856,856
,,,,,,,,2218.6710000000003,32693.688000000002,0.0,474.89039999999994,3863.3643000000006,20915.3637,15231.397500000001,857
,,,,,,,,2248.7877,33097.6224,0.0,443.95020000000005,4044.1833,21929.1381,15181.7949,858
,,,,,,,,2187.9504,32215.9905,0.0,425.2887,3994.9974000000007,22115.724299999998,15428.350800000002,859
,,,,,,,,2176.3395,31862.2599,0.0,407.1123,3787.9937999999997,21891.9654,14907.884399999999,860
,,,,,,,,2136.1842,32377.4442,0.0,379.9125,3618.144,21270.492000000002,14691.6,861
,,,,,,,,2045.232,32244.911099999998,0.0,352.2285,3373.632,20237.950800000002,13869.503999999999,862
,,,,,,,,1911.2211000000002,32711.7069,0.0,323.00460000000004,3149.9973,18138.222,13072.2093,863
,,,,,,,,1792.2087000000001,31594.779,0.0,295.4097,2960.6859,18263.4552,12158.9307,864
