Time_Index,BANC_Hydro,CAISO_Hydro,LDWP_Hydro,NW_Hydro,NW_Hydro_for_CAISO,SW_Hydro
1,1304.192,3971.296,70.4,14470.442,1466.662,219.8
2,1304.192,3971.296,565.499,15710.017,1466.662,1526.589
3,1304.192,3971.296,565.499,14342.859,1466.662,858.103
4,932.574,3187.189,70.4,15710.017,1466.662,1526.589
5,1304.192,3064.61,70.4,16178.649,1466.662,219.8
6,469.608,2914.051,70.4,16178.649,1466.662,1526.589
7,469.608,2534.989,70.4,16111.068,1349.423,443.243
8,469.608,1750.882,70.4,16178.649,1225.484,219.8
9,469.608,1628.303,70.4,15342.771,1122.761,219.8
10,469.608,1628.303,70.4,13975.613,1077.279,219.8
11,469.608,1628.303,70.4,12682.356,1077.279,219.8
12,469.608,1628.303,70.4,14049.514,1077.279,219.8
13,469.608,1628.303,70.4,12682.356,1077.279,219.8
14,469.608,1628.303,70.4,14049.514,1077.279,219.8
15,469.608,1628.303,70.4,13250.55,1077.279,219.8
16,469.608,1628.303,70.4,11883.392,1077.279,219.8
17,469.608,1628.303,70.4,13250.55,1144.114,219.8
18,469.608,1865.458,70.4,11883.392,1261.353,219.8
19,469.608,2686.871,70.4,13250.55,1385.292,219.8
20,1304.192,2942.031,300.827,14543.808,1466.662,1526.589
21,469.608,3064.61,565.499,13176.65,1466.662,1526.589
22,1304.192,3301.765,565.499,14543.808,1466.662,1526.589
23,1304.192,3971.296,565.499,14470.442,1466.662,1526.589
24,1304.192,3971.296,565.499,15837.599,1466.662,1526.589
25,313.099,2530.259,4.4,9674.096,1053.422,1546.2
26,870.783,3231.571,4.4,8353.531,1053.422,229.502
27,313.099,3140.356,4.4,8381.004,1053.422,1546.2
28,313.099,2318.943,4.4,7700.118,1053.422,229.502
29,313.099,2196.364,4.4,7682.327,980.566,229.502
30,1061.208,2045.805,18.804,8554.46,890.566,229.502
31,1061.208,1704.049,4.4,9921.617,773.327,1546.2
32,1027.781,882.636,4.4,10578.653,649.388,229.502
33,313.099,882.636,4.4,9732.755,554.783,229.502
34,313.099,882.636,4.4,8491.317,554.783,229.502
35,313.099,882.636,4.4,7765.09,554.783,229.502
36,313.099,882.636,4.4,7199.268,554.783,229.502
37,313.099,882.636,4.4,7452.129,554.783,229.502
38,313.099,882.636,4.4,7749.238,554.783,229.502
39,313.099,882.636,4.4,8368.045,554.783,229.502
40,313.099,882.636,4.4,8295.163,554.783,229.502
41,313.099,882.636,4.4,7560.184,672.022,229.502
42,313.099,1704.049,4.4,8435.367,795.961,229.502
43,944.081,2045.805,284.997,9802.525,898.685,1546.2
44,1061.208,2196.364,284.997,11095.782,980.566,1546.2
45,961.656,2318.943,284.997,11620.225,1053.422,1193.457
46,1061.208,3140.356,187.622,11400.966,1053.422,1546.2
47,313.099,3351.672,4.4,10365.311,1053.422,1546.2
48,695.954,3351.672,4.4,8998.153,1053.422,1546.2
49,332.134,3429.017,22.2,13768.319,1463.759,267.713
50,350.991,3429.017,22.2,13669.042,1463.759,1633.493
51,531.061,2939.1,22.2,15036.2,1463.759,1633.493
52,764.476,2597.344,22.2,13669.042,1463.759,1633.493
53,887.706,2446.785,22.2,13647.284,1463.759,1633.493
54,887.706,2324.206,22.2,15014.441,1463.759,267.713
55,887.706,1502.793,389.504,16146.625,1339.821,1633.493
56,887.706,1161.037,22.2,14853.368,1222.581,267.713
57,201.307,1010.478,22.2,13486.21,1119.858,267.713
58,201.307,887.899,22.2,14853.368,1074.06,267.713
59,201.307,887.899,22.2,13486.21,1074.06,267.713
60,201.307,887.899,22.2,13839.345,1074.06,267.713
61,201.307,887.899,22.2,12472.188,1074.06,267.713
62,201.307,887.899,22.2,13839.345,1074.06,267.713
63,201.307,887.899,389.504,13496.622,1074.06,267.713
64,201.307,887.899,22.2,13569.415,1074.06,267.713
65,201.307,1010.478,22.2,14440.894,1138.719,267.713
66,201.307,1161.037,22.2,14154.216,1262.657,267.713
67,201.307,1865.973,373.397,15521.373,1379.897,267.713
68,201.307,2324.206,389.504,16032.257,1463.759,267.713
69,626.689,2446.785,22.2,14665.099,1463.759,1633.493
70,480.821,2597.344,22.2,15378.583,1463.759,1633.493
71,460.356,3302.281,389.504,14011.425,1463.759,1555.124
72,379.624,3429.017,389.504,13826.866,1463.759,1633.493
73,113.2,1878.969,3.3,8679.399,1117.584,130.407
74,113.2,1756.39,3.3,8679.399,1234.823,130.407
75,750.904,1605.831,3.3,8679.399,1132.099,988.48
76,113.2,928.346,3.3,9446.279,1014.86,130.407
77,113.2,442.662,3.3,10579.419,890.921,1326.504
78,113.2,1264.075,3.3,11872.676,1014.86,130.407
79,750.904,1605.831,3.3,13239.834,1130.725,1326.504
80,113.2,1600.79,3.3,13621.284,1028.002,1326.504
81,113.2,1259.034,290.296,13212.336,910.762,130.407
82,113.2,437.621,3.3,11845.179,786.824,130.407
83,113.2,437.621,3.3,10551.921,786.824,130.407
84,113.2,437.621,3.3,9418.782,786.824,130.407
85,113.2,437.621,3.3,8679.399,786.824,130.407
86,113.2,437.621,3.3,8898.259,786.824,130.407
87,113.2,437.621,3.3,9801.486,786.824,130.407
88,113.2,437.621,3.3,11094.743,786.824,130.407
89,113.2,1259.034,3.3,12461.901,910.762,130.407
90,750.904,1600.79,290.296,13595.041,1028.002,1326.504
91,750.904,1751.349,290.296,13621.284,1130.725,130.407
92,113.2,1873.928,222.608,13515.321,1212.607,1326.504
93,750.904,2695.341,3.3,12148.163,1234.826,130.407
94,750.904,3008.784,3.3,10854.906,1234.823,1326.504
95,437.902,3008.784,3.3,9721.766,1117.584,1326.504
96,113.2,2187.37,3.3,8818.539,993.645,130.407
97,140.393,2449.183,16.1,12880.866,1386.028,1645.892
98,140.393,3270.597,16.1,14174.123,1386.028,273.602
99,793.193,2970.211,336.597,15289.175,1386.028,1645.892
100,140.393,2148.798,16.1,14927.467,1386.028,1645.892
101,140.393,2026.219,16.1,15289.175,1262.089,273.602
102,423.734,1875.66,336.597,15289.175,1144.85,1645.892
103,140.393,1533.904,16.1,14541.139,1098.252,273.602
104,274.876,712.491,16.1,13340.776,974.313,273.602
105,140.393,712.491,16.1,11973.618,974.313,273.602
106,140.393,712.491,16.1,10747.584,974.313,273.602
107,140.393,712.491,16.1,10747.584,974.313,273.602
108,140.393,712.491,16.1,10747.584,974.313,273.602
109,140.393,712.491,16.1,10747.584,974.313,273.602
110,140.393,712.491,16.1,10747.584,974.313,273.602
111,140.393,712.491,16.1,10747.584,974.313,273.602
112,140.393,712.491,16.1,10747.584,974.313,273.602
113,140.393,712.491,16.1,12114.742,974.313,1012.034
114,793.193,1533.904,16.1,13407.999,1098.252,273.602
115,140.393,1875.66,336.597,14541.139,1215.491,1645.892
116,793.193,2026.219,16.1,15289.175,1318.215,1645.892
117,793.193,2148.798,336.597,14153.704,1386.028,273.602
118,140.393,2834.628,16.1,12862.778,1386.028,1645.892
119,793.193,2449.183,248.26,11495.621,1367.791,1645.892
120,793.193,3270.597,16.1,11513.708,1386.028,273.602
121,522.709,4032.186,15.9,15257.971,1566.762,339.114
122,649.529,4032.186,15.9,14286.581,1566.762,1667.294
123,1337.689,3628.141,407.502,13321.782,1566.762,1667.294
124,1332.513,3286.385,15.9,14688.94,1566.762,1667.294
125,1355.827,3163.806,15.9,14681.535,1566.762,283.408
126,1369.069,3013.247,15.9,14747.924,1561.872,1667.294
127,1207.334,2191.834,407.502,16115.082,1437.933,283.408
128,522.709,1850.078,15.9,14821.825,1320.694,283.408
129,522.709,1727.499,15.9,13454.667,1217.97,283.408
130,522.709,1727.499,407.502,14821.825,1207.675,283.408
131,522.709,1727.499,15.9,14562.836,1207.675,283.408
132,522.709,1727.499,15.9,13321.782,1207.675,283.408
133,522.709,1727.499,407.502,14688.94,1207.675,283.408
134,522.709,1727.499,15.9,15547.475,1207.675,283.408
135,522.709,1727.499,15.9,16160.934,1207.675,283.408
136,522.709,1727.499,117.178,17282.844,1222.861,283.408
137,522.709,1797.076,15.9,17282.844,1325.584,283.408
138,522.709,2138.832,15.9,17282.844,1442.824,283.408
139,522.709,2960.245,15.9,17282.844,1566.762,283.408
140,685.002,3110.804,15.9,17282.844,1566.762,1667.294
141,1386.608,3233.383,407.502,17282.844,1566.762,1667.294
142,1386.608,3575.139,15.9,17282.844,1566.762,1667.294
143,1370.594,4032.186,15.9,17282.844,1566.762,1667.294
144,1220.277,4032.186,407.502,16420.993,1566.762,1667.294
145,142.004,3126.606,3.3,13415.29,1254.217,1309.798
146,142.004,2305.193,3.3,12356.051,1309.524,1309.798
147,142.004,2374.437,3.3,10988.893,1185.586,122.909
148,177.905,2223.878,3.3,10651.719,1309.524,1309.798
149,273.995,2101.299,3.3,10651.719,1185.586,122.909
150,287.307,1759.543,3.3,10651.719,1309.524,915.512
151,381.252,938.13,3.3,11567.149,1192.285,122.909
152,724.943,787.571,3.3,12934.307,1068.347,122.909
153,729.117,664.992,3.3,12612.666,965.623,122.909
154,142.004,664.992,3.3,11245.508,965.623,122.909
155,142.004,664.992,3.3,10651.719,965.623,122.909
156,142.004,664.992,3.3,10898.572,965.623,122.909
157,142.004,664.992,3.3,10651.719,965.623,122.909
158,142.004,664.992,3.3,10850.722,965.623,122.909
159,142.004,664.992,3.3,11983.862,965.623,122.909
160,142.004,664.992,3.3,13277.119,965.623,122.909
161,142.004,1034.727,3.3,14644.277,1082.862,122.909
162,142.004,1157.306,335.903,15202.342,1206.801,1309.798
163,382.075,1978.72,335.903,15202.342,1254.217,1309.798
164,466.624,2101.299,335.903,15202.342,1378.156,1309.798
165,622.302,2471.034,335.903,15202.342,1270.713,122.909
166,795.6,2593.614,313.745,15202.342,1378.156,1309.798
167,596.436,3181.593,3.3,15202.342,1254.217,122.909
168,609.936,2360.18,3.3,14782.448,1378.156,122.909
169,200.899,3267.932,10.4,12478.44,1233.077,200.993
170,887.094,3267.932,369.797,11111.282,1233.077,224.786
171,887.094,3267.932,10.4,11982.822,1233.077,1483.812
172,200.899,2997.525,285.079,10615.664,1233.077,1483.812
173,887.094,2176.112,10.4,11982.822,1233.077,1483.812
174,200.899,2053.533,10.4,12234.83,1233.077,200.993
175,887.094,1902.974,369.797,13601.988,1233.077,200.993
176,200.899,1561.218,10.4,12325.123,1190.716,1483.812
177,200.899,739.805,10.4,13601.988,1066.777,720.953
178,200.899,739.805,10.4,12565.805,949.538,200.993
179,200.899,739.805,10.4,11198.648,846.814,200.993
180,200.899,739.805,10.4,9905.39,780.887,200.993
181,200.899,739.805,10.4,8905.206,780.887,200.993
182,200.899,739.805,10.4,10272.363,780.887,200.993
183,200.899,739.805,10.4,10315.631,807.294,200.993
184,200.899,739.805,10.4,11179.586,910.018,200.993
185,200.899,739.805,10.4,12234.83,1027.257,200.993
186,200.899,1495.194,10.4,13601.988,1151.196,200.993
187,887.094,1831.625,369.797,13601.988,1233.077,200.993
188,887.094,2053.533,10.4,13601.988,1233.077,1483.812
189,476.968,2110.088,162.553,13601.988,1233.077,1483.812
190,200.899,2931.501,10.4,13601.988,1233.077,1483.812
191,887.094,3267.932,369.797,12234.83,1233.077,1483.812
192,887.094,3267.932,369.797,13601.988,1233.077,1483.812
193,1114.207,3762.578,420.904,12622.137,1231.681,237.907
194,1114.207,3762.578,21.6,12364.127,1231.681,1567.109
195,867.585,3358.347,21.6,12504.919,1231.681,1567.109
196,737.422,2781.08,420.904,12958.641,1231.681,237.907
197,717.152,2658.501,21.6,13586.592,1206.912,1567.109
198,1114.207,2507.941,21.6,13313.366,1104.188,237.907
199,1020.108,1922.04,21.6,12410.138,986.949,1567.109
200,347.208,1344.772,21.6,11116.881,863.011,237.907
201,347.208,1344.772,21.6,9749.723,781.129,237.907
202,347.208,1344.772,21.6,8616.583,781.129,237.907
203,347.208,1344.772,21.6,8616.583,781.129,237.907
204,347.208,1344.772,21.6,8616.583,781.129,237.907
205,347.208,1344.772,21.6,8616.583,781.129,237.907
206,347.208,1344.772,21.6,8616.583,781.129,237.907
207,347.208,1344.772,21.6,8616.583,781.129,237.907
208,347.208,1344.772,21.6,8616.583,786.033,237.907
209,347.208,1344.772,21.6,9983.741,903.272,237.907
210,347.208,2166.186,21.6,10493.401,1027.211,237.907
211,347.208,2507.941,420.904,11786.658,1129.935,237.907
212,1114.207,2658.501,420.904,13153.816,1211.816,1567.109
213,882.665,2781.08,420.904,13586.592,1231.681,1567.109
214,795.805,3602.493,21.6,13586.592,1231.681,1263.27
215,490.164,3762.578,420.904,13586.592,1231.681,1567.109
216,391.179,3762.578,181.172,13586.592,1231.681,1567.109
217,1227.288,3982.621,390.298,12881.522,1204.251,310.49
218,934.317,3982.621,17.1,11995.061,1204.251,1727.789
219,576.198,3759.341,17.1,11119.722,1204.251,1727.789
220,1469.698,3079.799,17.1,10616.572,1185.364,310.49
221,576.198,2957.22,316.21,10086.623,1103.483,310.49
222,576.198,2806.661,17.1,10899.696,1000.759,1727.789
223,576.198,2323.034,17.1,9606.438,883.52,1047.143
224,576.198,1643.492,17.1,8239.281,759.581,310.49
225,576.198,1643.492,17.1,8239.281,746.925,310.49
226,576.198,1643.492,17.1,8239.281,746.925,310.49
227,576.198,1643.492,17.1,8239.281,746.925,310.49
228,576.198,1643.492,17.1,8239.281,746.925,310.49
229,576.198,1643.492,17.1,8239.281,746.925,310.49
230,576.198,1643.492,17.1,8239.281,746.925,310.49
231,576.198,1643.492,17.1,8239.281,746.925,310.49
232,576.198,1643.492,17.1,9114.452,746.925,310.49
233,576.198,1643.492,17.1,10407.709,746.925,310.49
234,576.198,1643.492,17.1,11774.867,870.864,310.49
235,1469.698,2464.905,390.298,12908.007,988.103,1727.789
236,1469.698,2806.661,390.298,13284.011,1090.827,1727.789
237,1469.698,2957.22,17.1,13284.011,1172.708,590.858
238,1469.698,3079.799,390.298,13284.011,1204.251,1727.789
239,1469.698,3901.213,390.298,13284.011,1204.251,1727.789
240,1469.698,3982.621,17.1,13284.011,1204.251,1727.789
241,879.893,2706.2,442.703,10174.445,1244.373,1383.212
242,850.72,3527.613,442.703,11467.703,1244.373,1073.24
243,741.618,3185.857,27.7,12600.842,1244.373,166.906
244,700.549,2364.444,27.7,13504.07,1244.373,1383.212
245,571.891,2605.738,379.22,13726.592,1224.2,166.906
246,688.829,2483.159,27.7,13726.592,1142.319,1383.212
247,787.192,2332.6,27.7,13726.592,1039.595,166.906
248,796.078,1809.027,27.7,13726.592,922.356,1383.212
249,458.153,1169.431,27.7,13726.592,798.417,177.288
250,196.309,1169.431,27.7,12823.365,798.417,166.906
251,196.309,1169.431,27.7,11530.107,798.417,166.906
252,196.309,1169.431,27.7,10162.95,798.417,166.906
253,196.309,1169.431,27.7,9029.81,798.417,166.906
254,196.309,1169.431,27.7,8807.288,798.417,166.906
255,196.309,1169.431,27.7,9089.878,798.417,166.906
256,196.309,1169.431,27.7,10457.036,798.417,166.906
257,196.309,1169.431,27.7,10524.614,798.417,166.906
258,196.309,1169.431,27.7,9157.456,818.59,166.906
259,196.309,1749.55,442.703,10524.614,942.529,166.906
260,196.309,2332.6,27.7,11167.309,1059.768,1383.212
261,196.309,2483.159,27.7,9800.151,1162.492,1383.212
262,196.309,2364.444,27.7,8807.288,1244.373,166.906
263,196.309,3185.857,291.239,8807.288,1244.373,1383.212
264,196.309,3527.613,442.703,8807.288,1138.969,166.906
265,99.899,2272.976,5.0,15190.799,1344.689,203.301
266,99.899,2628.68,303.905,13897.541,1324.691,418.364
267,99.899,1913.662,5.0,13263.072,1448.63,1488.3
268,99.899,1658.082,5.0,13303.456,1565.869,1488.3
269,134.837,1968.299,5.0,14436.596,1565.869,203.301
270,346.331,1855.541,5.0,15803.753,1546.255,1488.3
271,626.393,1704.982,5.0,17097.011,1443.531,203.301
272,730.3,1363.226,5.0,17056.627,1326.292,203.301
273,628.941,541.813,5.0,15763.37,1202.353,1488.3
274,99.899,541.813,5.0,14396.212,1202.353,203.301
275,99.899,541.813,5.0,13263.072,1202.353,203.301
276,99.899,541.813,5.0,13263.072,1202.353,203.301
277,99.899,541.813,5.0,13263.072,1202.353,203.301
278,99.899,541.813,5.0,13263.072,1202.353,203.301
279,99.899,541.813,5.0,13263.072,1202.353,203.301
280,99.899,541.813,5.0,13263.072,1202.353,203.301
281,99.899,541.813,5.0,14396.212,1202.353,203.301
282,99.899,883.569,5.0,15689.469,1326.292,203.301
283,468.833,1704.982,381.3,17056.627,1443.531,1488.3
284,730.3,1855.541,381.3,17272.991,1546.255,1488.3
285,730.3,1978.12,5.0,17272.991,1565.869,203.301
286,450.675,2319.876,381.3,17272.991,1565.869,1488.3
287,213.654,3094.389,381.3,17272.991,1565.869,203.301
288,99.899,3094.389,381.3,16557.956,1468.627,1488.3
289,1172.898,3554.127,466.804,18844.368,1729.613,744.637
290,385.009,3554.127,466.804,18740.313,1729.613,1578.004
291,385.009,3332.153,37.1,17373.155,1729.613,242.914
292,1172.898,2510.739,37.1,18740.313,1729.613,1578.004
293,385.009,2388.16,37.1,19079.24,1729.613,1578.004
294,1172.898,2237.601,37.1,19079.24,1697.177,1578.004
295,385.009,1895.845,466.804,19079.24,1579.938,242.914
296,385.009,1074.432,37.1,18260.595,1455.999,242.914
297,385.009,1074.432,37.1,18260.532,1455.999,242.914
298,385.009,1074.432,37.1,17057.349,1455.999,242.914
299,385.009,1074.432,37.1,16061.024,1455.999,242.914
300,385.009,1074.432,466.804,16061.024,1455.999,242.914
301,385.009,1074.432,37.1,16061.024,1455.999,242.914
302,385.009,1074.432,37.1,16061.024,1455.999,242.914
303,385.009,1074.432,37.1,16061.024,1455.999,242.914
304,385.009,1074.432,37.1,16061.024,1455.999,242.914
305,385.009,1074.432,37.1,16061.024,1455.999,242.914
306,385.009,1146.59,37.1,16485.529,1518.94,242.914
307,1172.898,1968.003,37.1,17852.687,1642.878,242.914
308,385.009,2309.759,257.219,17712.083,1729.613,242.914
309,847.02,2460.318,37.1,19079.24,1729.613,1578.004
310,1172.898,2582.897,364.277,17712.083,1729.613,1578.004
311,1172.898,3404.31,37.1,18569.874,1729.613,1578.004
312,1172.898,3554.127,411.668,18077.052,1729.613,1578.004
313,249.308,3242.616,5.7,9164.762,953.973,1453.512
314,767.321,3242.616,364.297,8375.775,953.973,187.503
315,249.308,2559.585,5.7,8024.933,953.973,187.503
316,249.308,2168.717,364.297,6731.676,953.973,187.503
317,249.308,2046.138,5.7,5364.518,854.86,187.503
318,962.105,1895.579,5.7,6657.776,772.978,1453.512
319,887.718,1123.277,5.7,8024.933,655.739,772.322
320,249.308,732.41,5.7,6676.845,531.801,187.503
321,249.308,732.41,5.7,6100.274,429.077,187.503
322,249.308,732.41,5.7,4733.116,429.077,187.503
323,249.308,732.41,5.7,4733.116,429.077,187.503
324,249.308,732.41,5.7,5304.672,429.077,187.503
325,249.308,732.41,5.7,6671.829,429.077,187.503
326,249.308,732.41,5.7,5304.672,429.077,187.503
327,249.308,732.41,5.7,6671.829,429.077,187.503
328,249.308,732.41,5.7,6729.659,430.411,187.503
329,249.308,732.41,5.7,7862.799,533.135,1453.512
330,962.105,1553.823,364.297,9156.057,657.073,1453.512
331,480.995,1895.579,5.7,10523.214,774.312,1453.512
332,738.531,2046.138,5.7,10523.214,856.194,187.503
333,962.105,2168.717,364.297,10523.214,953.973,1453.512
334,962.105,2990.13,247.944,10294.456,953.973,1453.512
335,767.11,3242.616,5.7,10523.214,953.973,187.503
336,435.101,3242.616,364.297,9560.143,953.973,1453.512
337,191.503,1911.732,336.104,14340.483,1314.27,172.794
338,24.398,2733.145,0.0,14378.887,1314.27,172.794
339,24.398,2440.323,0.0,13614.32,1314.27,1406.792
340,613.102,1618.91,0.0,12311.388,1197.031,1406.792
341,24.398,1496.331,0.0,13678.546,1073.092,172.794
342,24.398,1345.772,305.176,13225.664,1192.592,1406.792
343,613.102,1004.016,0.0,11932.407,1075.353,172.794
344,24.398,182.603,0.0,10565.249,951.414,172.794
345,24.398,182.603,0.0,9738.843,882.867,661.707
346,24.398,182.603,0.0,9738.843,882.867,172.794
347,24.398,182.603,0.0,9738.843,882.867,172.794
348,24.398,182.603,0.0,9738.843,882.867,172.794
349,24.398,182.603,0.0,9738.843,882.867,172.794
350,24.398,182.603,0.0,9738.843,882.867,172.794
351,24.398,182.603,0.0,9738.843,882.867,172.794
352,24.398,182.603,0.0,9738.843,882.867,172.794
353,24.398,182.603,0.0,9738.843,882.867,172.794
354,24.398,832.503,336.104,11106.001,1006.805,172.794
355,467.735,1174.259,336.104,12399.258,1124.045,1406.792
356,613.102,1296.838,0.0,13532.398,1226.769,1406.792
357,24.398,1447.397,0.0,14435.626,1308.65,772.733
358,24.398,2268.81,0.0,14497.62,1314.27,1406.792
359,613.102,2610.566,0.0,14497.62,1314.27,172.794
360,613.102,2733.145,336.104,14497.62,1314.27,1406.792
361,439.11,4067.494,35.1,12617.664,1469.696,1808.803
362,1256.803,4067.494,35.1,13984.821,1469.696,1808.803
363,1256.803,3764.504,463.305,14844.952,1469.696,1808.803
364,1256.803,3203.778,35.1,16212.109,1469.696,347.197
365,439.11,3081.198,35.1,15397.571,1425.219,347.197
366,1256.803,2930.639,66.729,16212.109,1322.495,1808.803
367,439.11,2328.197,463.305,16212.109,1205.256,1646.479
368,439.11,1767.47,35.1,15309.306,1081.317,347.197
369,439.11,1767.47,35.1,13942.148,1081.317,347.197
370,439.11,1767.47,35.1,12648.891,1081.317,347.197
371,439.11,1767.47,35.1,11927.938,1081.317,347.197
372,439.11,1767.47,35.1,11927.938,1081.317,347.197
373,439.11,1767.47,35.1,11927.938,1081.317,347.197
374,439.11,1767.47,35.1,11927.938,1081.317,347.197
375,439.11,1767.47,35.1,11927.938,1081.317,347.197
376,439.11,1767.47,35.1,12120.987,1081.317,347.197
377,439.11,1767.47,35.1,13414.244,1081.317,347.197
378,439.11,1767.47,35.1,14781.402,1119.606,347.197
379,1256.803,2588.884,35.1,15914.542,1243.545,347.197
380,439.11,2930.639,463.305,14547.384,1360.784,1808.803
381,1256.803,3081.198,463.305,15278.079,1463.508,1808.803
382,1256.803,3203.778,463.305,13910.921,1469.696,1808.803
383,1055.822,4025.191,463.305,12617.664,1469.696,1808.803
384,439.11,4067.494,35.1,13984.821,1469.696,347.197
385,271.3,3583.973,28.2,12747.001,1499.471,1682.003
386,396.76,3583.973,28.2,14114.159,1499.471,289.4
387,664.454,3336.216,436.399,13236.995,1499.471,1682.003
388,892.406,2514.803,28.2,13143.002,1499.471,1682.003
389,996.397,2392.224,28.2,14436.259,1499.471,1682.003
390,996.397,2241.665,436.399,15803.417,1463.275,1682.003
391,996.397,1899.909,436.399,16540.556,1360.551,289.4
392,271.3,1078.496,28.2,16540.556,1236.613,289.4
393,271.3,1078.496,28.2,15173.398,1119.374,289.4
394,271.3,1078.496,28.2,13990.708,1119.374,289.4
395,271.3,1078.496,28.2,14727.5,1119.374,289.4
396,271.3,1078.496,28.2,13360.343,1119.374,289.4
397,271.3,1078.496,28.2,12654.012,1119.374,289.4
398,271.3,1078.496,28.2,12347.733,1119.374,289.4
399,271.3,1078.496,28.2,13714.891,1119.374,289.4
400,271.3,1078.496,28.2,13978.27,1131.989,289.4
401,271.3,1078.496,28.2,15345.428,1234.713,289.4
402,271.3,1899.909,28.2,16540.556,1358.651,289.4
403,271.3,2241.665,436.399,16540.556,1475.891,289.4
404,325.728,2392.224,436.399,16540.556,1499.471,1682.003
405,953.983,2514.803,253.758,16540.556,1499.471,1682.003
406,811.84,3336.216,436.399,16540.556,1499.471,1682.003
407,776.796,3583.973,28.2,15407.416,1499.471,375.115
408,778.468,3368.873,28.2,14040.258,1499.471,1682.003
409,516.508,3556.192,20.7,11692.218,1211.918,1734.3
410,516.508,4377.606,421.799,10398.961,1211.918,1734.3
411,1377.0,3618.415,20.7,9773.644,1211.918,313.707
412,516.508,3495.836,421.799,10022.733,1182.18,313.707
413,1377.0,3345.276,20.7,10308.719,1100.299,1734.3
414,516.508,3003.521,20.7,11053.774,997.575,1734.3
415,516.508,2182.108,421.799,11004.183,873.637,490.538
416,516.508,2182.108,20.7,9705.982,756.397,313.707
417,516.508,2182.108,20.7,8343.768,756.397,313.707
418,516.508,2182.108,20.7,8343.768,756.397,313.707
419,516.508,2182.108,20.7,8343.768,756.397,313.707
420,516.508,2182.108,20.7,8343.768,756.397,313.707
421,516.508,2182.108,20.7,8343.768,756.397,313.707
422,516.508,2182.108,20.7,8343.768,756.397,313.707
423,516.508,2182.108,20.7,8671.803,756.397,313.707
424,516.508,2182.108,20.7,9804.943,756.397,313.707
425,516.508,2182.108,20.7,11172.101,768.692,313.707
426,1355.343,3003.521,36.137,12465.358,892.63,313.707
427,516.508,3345.276,20.7,13368.586,1009.869,313.707
428,1377.0,3378.346,421.799,13368.586,1112.593,1734.3
429,1377.0,3618.415,421.799,13368.586,1194.475,1734.3
430,1377.0,4377.606,418.705,13368.586,1211.918,1734.3
431,1377.0,4377.606,20.7,13368.586,1211.918,1734.3
432,1377.0,4377.606,20.7,13059.376,1211.918,1182.141
433,477.401,3439.809,480.297,8354.421,1028.969,318.792
434,1316.31,3518.022,40.5,7221.281,1028.969,1745.611
435,1204.355,4261.222,57.814,6318.054,1028.969,1745.611
436,477.401,3468.722,40.5,5794.819,1014.978,318.792
437,1316.31,3098.053,40.5,6888.433,933.097,318.792
438,477.401,3195.583,480.297,8255.59,830.373,1745.611
439,477.401,2824.915,40.5,9495.306,713.134,1745.611
440,477.401,2032.415,40.5,8128.148,589.195,318.792
441,477.401,2032.415,40.5,6834.891,525.325,318.792
442,477.401,2032.415,40.5,5794.819,525.325,318.792
443,477.401,2032.415,40.5,5794.819,525.325,318.792
444,477.401,2032.415,40.5,5794.819,525.325,318.792
445,477.401,2032.415,40.5,5794.819,525.325,318.792
446,477.401,2032.415,40.5,6792.35,525.325,318.792
447,477.401,2032.415,40.5,7617.315,525.325,318.792
448,477.401,2032.415,40.5,8690.073,525.325,318.792
449,477.401,2032.415,40.5,9983.331,525.325,318.792
450,477.401,2269.897,40.5,11350.488,649.263,318.792
451,1316.31,3091.31,480.297,11350.488,766.502,318.792
452,1316.31,3346.143,480.297,11350.488,869.226,1745.611
453,1316.31,3468.722,480.297,11350.488,951.108,1403.342
454,1316.31,3706.204,480.297,11350.488,1028.969,1745.611
455,1316.31,4261.222,40.5,11014.836,1028.969,1745.611
456,477.401,4261.222,40.5,9647.678,1028.969,1745.611
457,1439.506,4050.306,56.8,18459.093,1735.847,1715.311
458,948.693,4040.792,56.8,17091.935,1735.847,1715.311
459,935.549,3286.585,521.601,18459.093,1735.847,1715.311
460,936.837,2877.623,56.8,18834.272,1735.847,304.498
461,1439.506,3013.447,521.601,17467.114,1735.847,1715.311
462,1370.448,2671.691,56.8,17780.851,1735.847,304.498
463,1439.506,1850.278,56.8,19148.009,1731.701,1715.311
464,556.798,1699.719,521.601,19148.009,1607.762,304.498
465,556.798,1699.719,56.8,17780.851,1549.455,304.498
466,556.798,1699.719,56.8,19148.009,1673.394,304.498
467,556.798,1699.719,56.8,19148.009,1549.455,304.498
468,556.798,1699.719,56.8,19148.009,1673.394,304.498
469,556.798,1699.719,56.8,18718.557,1549.455,304.498
470,556.798,1699.719,56.8,18225.747,1673.394,304.498
471,556.798,1699.719,56.8,19148.009,1549.455,304.498
472,556.798,1699.719,56.8,19148.009,1611.909,304.498
473,556.798,1750.212,56.8,17780.851,1735.847,304.498
474,556.798,2091.968,56.8,18280.06,1611.909,304.498
475,987.652,2913.381,56.8,19148.009,1735.847,304.498
476,880.266,3063.94,521.601,19148.009,1735.847,1715.311
477,1439.506,3186.519,56.8,19148.009,1735.847,304.498
478,1439.506,3528.275,521.601,17780.851,1735.847,1715.311
479,556.798,4050.306,521.601,17780.851,1735.847,1715.311
480,556.798,4050.306,177.419,19148.009,1735.847,1268.432
481,780.608,4050.306,56.8,18216.667,1735.847,304.498
482,777.587,4050.306,56.8,17315.317,1735.847,1715.311
483,749.837,3477.782,422.286,18682.475,1735.847,1715.311
484,815.775,3136.026,56.8,18348.232,1735.847,304.498
485,1053.203,3013.447,205.901,17828.899,1735.847,1715.311
486,1439.506,2862.888,521.601,19148.009,1735.847,1715.311
487,1439.506,2041.475,56.8,19148.009,1687.176,304.498
488,589.416,1699.719,56.8,19148.009,1563.238,304.498
489,556.798,1699.719,521.601,17780.851,1687.176,304.498
490,556.798,1699.719,56.8,18915.01,1563.238,304.498
491,556.798,1699.719,56.8,19148.009,1673.394,304.498
492,556.798,1699.719,56.8,17780.851,1549.455,304.498
493,556.798,1699.719,56.8,19148.009,1673.394,304.498
494,556.798,1699.719,218.209,17780.851,1549.455,304.498
495,556.798,1699.719,136.621,19148.009,1673.394,304.498
496,556.798,1699.719,56.8,19148.009,1549.455,304.498
497,556.798,1699.719,56.8,19148.009,1611.909,304.498
498,556.798,1861.959,56.8,19148.009,1735.847,304.498
499,556.798,2683.372,56.8,19148.009,1735.847,304.498
500,1085.324,3013.447,438.785,17780.851,1735.847,1268.432
501,1439.506,3136.026,56.8,19148.009,1735.847,1715.311
502,1439.506,3298.266,493.11,18459.093,1735.847,1715.311
503,1439.506,4050.306,462.512,17091.935,1735.847,1715.311
504,1321.29,4050.306,56.8,18459.093,1735.847,1715.311
505,555.754,3781.898,46.9,15925.745,1733.856,1785.69
506,641.251,3781.898,493.297,15925.745,1733.856,1785.69
507,633.679,3268.507,493.297,16465.629,1733.856,336.198
508,899.669,2926.752,46.9,17758.886,1733.856,1785.69
509,1203.161,2790.007,493.297,19126.044,1733.856,336.198
510,1096.601,2653.613,493.297,17758.886,1733.856,1785.69
511,1101.118,1832.2,46.9,17758.886,1609.917,792.245
512,911.31,1490.444,46.9,19126.044,1651.219,336.198
513,492.395,1353.699,46.9,18631.075,1527.28,336.198
514,492.395,1353.699,46.9,19126.044,1567.674,336.198
515,492.395,1353.699,46.9,19126.044,1443.735,336.198
516,492.395,1353.699,46.9,19126.044,1443.735,336.198
517,492.395,1353.699,46.9,17758.886,1567.674,336.198
518,492.395,1353.699,46.9,19126.044,1443.735,336.198
519,492.395,1353.699,493.297,19126.044,1567.674,336.198
520,492.395,1353.699,46.9,19126.044,1443.735,336.198
521,492.395,1476.279,46.9,19126.044,1560.975,336.198
522,492.395,1818.034,46.9,19126.044,1684.913,336.198
523,492.395,2639.447,46.9,19126.044,1733.856,1785.69
524,1316.891,2790.007,279.552,17832.787,1733.856,1785.69
525,1339.607,2912.586,46.9,16465.629,1733.856,1785.69
526,1339.607,3254.341,493.297,17832.787,1733.856,1785.69
527,1339.607,3781.898,46.9,17292.903,1733.856,1785.69
528,1339.607,3781.898,46.9,15925.745,1733.856,336.198
529,739.818,2984.201,29.5,12597.558,1435.175,323.591
530,590.702,3805.614,29.5,11464.418,1311.237,1756.713
531,590.702,2984.201,29.5,11464.418,1435.175,1116.778
532,1492.199,2853.828,29.5,12529.219,1435.175,323.591
533,590.702,2731.249,29.5,13822.476,1383.199,1756.713
534,590.702,2580.689,446.001,15189.634,1259.261,323.591
535,1492.199,2116.688,302.74,15831.317,1163.236,1756.713
536,1492.199,1417.521,29.5,15338.921,1039.297,648.76
537,590.702,1417.521,29.5,14045.664,1039.297,323.591
538,590.702,1417.521,29.5,12678.506,1039.297,323.591
539,590.702,1417.521,29.5,11545.367,1039.297,323.591
540,590.702,1417.521,29.5,11464.418,1039.297,323.591
541,590.702,1417.521,29.5,11466.009,1039.297,323.591
542,590.702,1417.521,29.5,11696.788,1039.297,323.591
543,590.702,1417.521,29.5,11707.238,1039.297,323.591
544,590.702,1417.521,29.5,11579.107,1039.297,323.591
545,590.702,1417.521,29.5,12712.247,1039.297,323.591
546,590.702,2238.934,157.463,14079.404,1163.236,323.591
547,1492.199,2580.689,81.96,15372.662,1280.475,1756.713
548,1492.199,2731.249,446.001,15831.317,1311.237,1756.713
549,1492.199,2853.828,446.001,15831.317,1435.175,323.591
550,1492.199,3675.241,446.001,15831.317,1435.175,1756.713
551,1492.199,2984.201,446.001,15257.973,1435.175,1756.713
552,590.702,3805.614,29.5,13964.716,1432.775,1756.713
553,467.413,2850.222,402.796,7627.464,1121.328,1459.401
554,362.1,3461.641,13.2,7069.601,1121.328,1459.401
555,362.1,3405.633,13.2,7069.601,1121.328,1459.401
556,1137.198,2584.22,402.796,7488.231,1121.328,793.884
557,362.1,2461.641,402.796,8621.37,1066.767,189.993
558,362.1,2311.082,402.796,9914.628,984.886,189.993
559,1137.198,1969.326,13.2,11281.785,867.647,1459.401
560,362.1,1147.913,13.2,12185.013,743.708,189.993
561,362.1,1147.913,13.2,10817.855,640.984,189.993
562,362.1,1147.913,13.2,9524.598,640.889,189.993
563,362.1,1147.913,13.2,8679.496,640.889,189.993
564,362.1,1147.913,13.2,8873.565,640.889,189.993
565,362.1,1147.913,13.2,8908.392,640.889,189.993
566,362.1,1147.913,13.2,9693.884,640.889,189.993
567,362.1,1147.913,13.2,10010.421,640.889,189.993
568,362.1,1147.913,13.2,10615.59,640.889,189.993
569,362.1,1147.913,13.2,11982.748,743.613,189.993
570,1137.198,1969.326,13.2,12369.288,867.551,189.993
571,1137.198,2311.082,402.796,12369.288,984.791,1459.401
572,1137.198,2461.641,13.2,12369.288,1066.672,1459.401
573,362.1,2584.22,96.086,11002.13,1121.328,1459.401
574,1137.198,3405.633,369.656,9708.873,1121.328,189.993
575,1137.198,3571.315,13.2,9142.998,1121.328,1459.401
576,1137.198,3571.315,13.2,8994.622,1121.328,189.993
577,931.505,2196.697,1.3,10247.918,1059.005,139.304
578,229.5,2689.861,363.805,9953.405,1059.005,205.795
579,229.5,2579.652,1.3,9672.198,1059.005,1318.307
580,229.5,1940.414,118.459,9431.698,1045.035,139.304
581,931.505,1817.834,1.3,9252.278,963.154,139.304
582,229.5,1265.924,1.3,9482.482,860.43,139.304
583,931.505,1325.52,1.3,9705.373,743.191,1318.307
584,229.5,504.106,1.3,8412.115,619.252,706.386
585,229.5,504.106,1.3,7044.957,562.711,139.304
586,229.5,504.106,1.3,6207.225,562.711,139.304
587,229.5,504.106,1.3,6207.225,562.711,139.304
588,229.5,504.106,1.3,6207.225,562.711,139.304
589,229.5,504.106,1.3,6207.225,562.711,139.304
590,229.5,504.106,1.3,6207.225,562.711,139.304
591,229.5,504.106,1.3,6207.225,562.711,139.304
592,229.5,504.106,1.3,6461.563,562.711,139.304
593,229.5,504.106,1.3,7594.703,562.711,139.304
594,229.5,1325.52,363.805,8961.861,686.649,139.304
595,528.466,1667.275,1.3,10255.118,803.889,1318.307
596,651.715,1817.834,363.805,11158.345,906.612,1318.307
597,931.505,1940.414,363.805,11681.809,988.494,1318.307
598,229.5,2761.827,1.3,11681.809,1059.005,1318.307
599,931.505,2196.697,1.3,10765.521,1059.005,139.304
600,931.505,3018.11,363.805,10968.729,1059.005,1318.307
601,132.396,1873.861,7.6,16645.659,1492.604,240.397
602,132.396,2503.012,7.6,15278.501,1616.542,1570.896
603,780.708,2380.433,7.6,13985.244,1492.604,733.529
604,132.396,1706.807,322.098,15352.401,1616.542,1570.896
605,132.396,1888.118,7.6,16645.659,1492.604,240.397
606,132.396,1066.705,7.6,16582.743,1385.06,240.397
607,132.396,1614.979,7.6,15215.585,1508.999,240.397
608,780.708,793.566,7.6,16582.743,1385.06,1570.896
609,780.708,451.811,7.6,17187.515,1267.821,240.397
610,132.396,451.811,322.098,15820.358,1267.821,240.397
611,132.396,451.811,7.6,15296.407,1267.821,240.397
612,132.396,451.811,7.6,16663.564,1267.821,240.397
613,132.396,451.811,7.6,15296.407,1267.821,240.397
614,132.396,451.811,7.6,14003.149,1267.821,240.397
615,132.396,451.811,7.6,15370.307,1267.821,240.397
616,132.396,451.811,7.6,16470.053,1267.821,240.397
617,132.396,793.566,322.098,17522.034,1391.759,1570.896
618,132.396,1614.979,7.6,16154.876,1375.365,240.397
619,132.396,1765.539,7.6,17522.034,1499.303,1570.896
620,780.708,1888.118,7.6,16154.876,1616.542,1570.896
621,780.708,1873.861,7.6,14861.619,1492.604,240.397
622,132.396,2215.617,322.098,13985.244,1616.542,1570.896
623,522.46,3037.03,174.566,13985.244,1513.416,1570.896
624,780.708,2695.274,7.6,15278.501,1616.542,240.397
625,707.798,2130.478,9.2,11800.544,1248.69,190.201
626,85.394,2951.891,9.2,11525.725,1248.69,1459.894
627,85.394,2798.854,320.801,10158.567,1248.69,1459.894
628,707.798,2588.617,320.801,11113.802,1248.69,190.201
629,336.731,1767.204,320.801,12480.959,1248.69,1459.894
630,85.394,1644.625,9.2,13774.217,1248.69,190.201
631,707.798,1494.066,9.2,13774.217,1248.69,190.201
632,707.798,1152.31,16.087,13774.217,1227.01,1459.894
633,85.394,330.897,9.2,13774.217,1107.281,619.305
634,85.394,330.897,9.2,12965.586,985.833,190.201
635,85.394,330.897,9.2,11598.428,883.109,190.201
636,85.394,330.897,9.2,10305.171,801.227,190.201
637,85.394,330.897,9.2,9995.061,801.227,190.201
638,85.394,330.897,9.2,9809.687,801.227,190.201
639,85.394,330.897,9.2,10309.709,822.907,190.201
640,85.394,330.897,9.2,11113.802,925.631,190.201
641,85.394,330.897,9.2,12407.059,1042.87,190.201
642,85.394,1152.31,9.2,13774.217,1166.809,190.201
643,707.798,1494.066,9.2,13774.217,1248.69,1459.894
644,707.798,1644.625,320.801,13774.217,1248.69,1459.894
645,707.798,1767.204,9.2,13774.217,1248.69,190.201
646,85.394,2588.617,9.2,13774.217,1248.69,1459.894
647,85.394,2930.373,9.2,13711.591,1248.69,1459.894
648,85.394,2951.891,320.801,12344.434,1248.69,1459.894
649,824.792,2025.619,11.4,11687.462,1151.345,1408.297
650,160.793,2780.147,39.37,12484.599,1151.345,1408.297
651,160.793,2233.418,53.054,11117.441,1151.345,1408.297
652,824.792,1616.978,11.4,10191.846,1105.007,166.906
653,160.793,1494.399,11.4,10675.968,1023.126,1408.297
654,451.388,1343.84,323.405,11286.031,920.402,166.906
655,824.792,1002.084,11.4,10102.828,803.163,166.906
656,160.793,180.671,11.4,8735.671,679.224,166.906
657,160.793,180.671,11.4,7492.476,679.224,166.906
658,160.793,180.671,11.4,7492.476,679.224,166.906
659,160.793,180.671,11.4,7492.476,679.224,166.906
660,160.793,180.671,11.4,7492.476,679.224,166.906
661,160.793,180.671,11.4,7492.476,679.224,166.906
662,160.793,180.671,11.4,7492.476,679.224,166.906
663,160.793,180.671,11.4,7492.476,679.224,166.906
664,160.793,180.671,11.4,7839.421,679.224,166.906
665,160.793,180.671,11.4,8972.561,709.303,166.906
666,160.793,859.932,323.405,10339.719,833.242,166.906
667,160.793,1343.84,11.4,11632.976,950.481,1338.235
668,824.792,1494.399,122.688,12536.203,1053.205,1408.297
669,824.792,1616.978,11.4,12700.403,1135.086,1408.297
670,824.792,2296.239,32.291,12700.403,1151.345,166.906
671,160.793,2780.147,323.405,11333.245,1151.345,1408.297
672,356.444,2847.032,274.672,10977.676,1151.345,166.906
673,1139.299,3877.03,381.702,17969.342,1715.209,729.586
674,1139.299,3877.03,381.702,18920.355,1715.209,1771.707
675,363.406,3837.991,25.7,18920.355,1715.209,1771.707
676,1139.299,3016.578,25.7,18920.355,1715.209,329.713
677,1139.299,2893.999,381.702,18920.355,1715.209,329.713
678,1139.299,2743.44,258.83,18920.355,1715.209,1771.707
679,363.406,2401.684,25.7,18920.355,1714.122,1771.707
680,363.406,1580.271,25.7,18920.355,1590.184,329.713
681,363.406,1457.692,25.7,17553.197,1472.945,329.713
682,363.406,1457.692,25.7,16743.835,1392.299,329.713
683,363.406,1457.692,25.7,15376.677,1392.299,329.713
684,363.406,1457.692,25.7,15358.354,1392.299,329.713
685,363.406,1457.692,25.7,15358.354,1392.299,329.713
686,363.406,1457.692,25.7,15358.354,1392.299,329.713
687,363.406,1457.692,25.7,15358.354,1392.299,329.713
688,363.406,1457.692,25.7,15358.354,1392.299,329.713
689,363.406,1457.692,25.7,16453.85,1474.032,329.713
690,363.406,1790.21,25.7,17553.197,1597.97,329.713
691,363.406,2611.623,67.052,18920.355,1715.209,329.713
692,472.831,2771.42,25.7,18920.355,1715.209,1771.707
693,1139.299,2893.999,381.702,18920.355,1715.209,1771.707
694,1139.299,3226.517,381.702,18920.355,1715.209,1771.707
695,363.406,3877.03,25.7,17969.342,1715.209,1771.707
696,1139.299,3877.03,25.7,16602.185,1715.209,1771.707
697,197.207,2527.794,19.1,17253.982,1648.569,360.298
698,881.402,3010.492,405.099,18185.251,1648.569,1838.61
699,881.402,3057.349,28.462,18185.251,1648.569,360.298
700,197.207,2235.936,19.1,18185.251,1648.569,1838.61
701,881.402,2113.357,405.099,18185.251,1648.569,1838.61
702,197.207,1962.798,405.099,18185.251,1551.149,360.298
703,808.301,1621.042,19.1,17110.615,1433.91,1838.61
704,197.207,799.629,19.1,15817.358,1309.971,360.298
705,197.207,799.629,19.1,14450.2,1309.971,360.298
706,197.207,799.629,19.1,14450.2,1309.971,360.298
707,197.207,799.629,19.1,14450.2,1309.971,360.298
708,197.207,799.629,19.1,14450.2,1309.971,360.298
709,197.207,799.629,19.1,14450.2,1309.971,360.298
710,197.207,799.629,19.1,14450.2,1309.971,360.298
711,197.207,799.629,19.1,14450.2,1309.971,360.298
712,197.207,799.629,19.1,14450.2,1309.971,360.298
713,197.207,799.629,19.1,14450.2,1309.971,360.298
714,197.207,1324.959,19.1,14450.2,1433.91,360.298
715,197.207,1962.798,405.099,15817.358,1551.149,360.298
716,881.402,2113.357,405.099,17110.615,1648.569,1838.61
717,197.207,2235.936,19.1,18185.251,1648.569,1838.61
718,881.402,2761.266,405.099,18185.251,1564.146,1755.354
719,881.402,3349.207,19.1,16818.093,1440.207,1838.61
720,197.207,3349.207,19.1,15886.824,1524.63,1838.61
721,1042.499,4228.179,497.902,16773.39,1724.882,1797.389
722,1496.707,4228.179,49.8,17113.362,1735.847,1797.389
723,920.514,4166.423,497.902,16619.447,1735.847,1797.389
724,1496.707,3345.01,497.902,15964.204,1735.847,341.205
725,1496.707,3222.431,49.8,17331.362,1735.847,341.205
726,1181.143,3071.872,49.8,18076.065,1675.292,1797.389
727,972.237,2730.116,49.8,16708.907,1558.053,1579.639
728,593.599,1908.703,49.8,18076.065,1434.114,341.205
729,593.599,1908.703,497.902,17267.147,1434.114,341.205
730,593.599,1908.703,49.8,18634.305,1434.114,341.205
731,593.599,1908.703,49.8,17854.752,1434.114,341.205
732,593.599,1908.703,49.8,16487.594,1434.114,341.205
733,593.599,1908.703,49.8,17780.851,1434.114,341.205
734,593.599,1908.703,49.8,19148.009,1434.114,341.205
735,593.599,1908.703,49.8,17854.752,1434.114,341.205
736,593.599,1908.703,396.408,16487.594,1434.114,341.205
737,593.599,1908.703,310.137,17606.814,1434.114,341.205
738,593.599,1908.703,49.8,18973.971,1434.114,341.205
739,593.599,2730.116,49.8,17680.714,1558.053,341.205
740,593.599,3071.872,49.8,16313.556,1675.292,341.205
741,1496.707,3222.431,49.8,17321.236,1735.847,1797.389
742,1496.707,3260.837,497.902,18480.031,1735.847,1797.389
743,812.5,4082.25,49.8,17186.774,1735.847,1797.389
744,1496.707,4228.179,49.8,15819.616,1735.847,1797.389
745,177.528,1822.304,415.405,10327.031,1249.9,1485.109
746,89.597,2370.579,18.1,11620.289,1249.9,904.871
747,89.597,1876.91,18.1,12753.428,1249.9,1485.109
748,89.597,1207.41,18.1,13479.973,1249.9,201.408
749,89.597,1056.851,415.405,13787.56,1230.044,1485.109
750,714.306,1345.372,18.1,13787.56,1132.784,201.408
751,714.306,1003.616,415.405,13787.56,1015.544,201.408
752,714.306,182.203,103.789,13787.56,891.606,1485.109
753,617.279,182.203,18.1,13703.089,804.261,201.408
754,89.597,182.203,18.1,12528.713,804.261,201.408
755,89.597,182.203,18.1,11161.555,804.261,201.408
756,89.597,182.203,18.1,9909.534,804.261,201.408
757,89.597,182.203,18.1,9575.056,804.261,201.408
758,89.597,182.203,18.1,9178.798,804.261,201.408
759,89.597,182.203,18.1,9644.61,804.261,201.408
760,89.597,182.203,18.1,10887.391,804.261,201.408
761,89.597,1003.616,18.1,12254.549,928.199,201.408
762,89.597,1345.372,415.405,13438.165,1045.439,201.408
763,714.306,1495.931,415.405,12665.3,1148.162,1485.109
764,714.306,1618.51,415.405,11383.616,1230.044,1485.109
765,371.794,2439.923,18.1,10016.458,1249.9,1485.109
766,265.091,2781.679,18.1,8871.745,1249.9,1485.109
767,89.597,2848.498,18.1,8871.745,1249.9,201.408
768,89.597,2643.717,18.1,8959.874,1249.9,201.408
769,184.498,2918.048,371.798,8709.37,1215.324,1498.702
770,184.498,2625.484,7.3,8393.445,1215.324,1498.702
771,184.498,2918.048,371.798,8563.916,1215.324,1498.702
772,861.594,2096.635,7.3,9106.593,1215.324,1498.702
773,184.498,1974.056,199.202,10473.751,1154.286,207.893
774,719.683,1823.497,107.02,11549.56,1051.562,207.893
775,518.769,1481.741,7.3,12417.532,934.323,207.893
776,184.498,660.328,7.3,13406.152,810.384,971.789
777,184.498,660.328,7.3,12502.6,760.901,207.893
778,184.498,660.328,7.3,11135.443,760.901,207.893
779,184.498,660.328,7.3,10076.527,760.901,207.893
780,184.498,660.328,7.3,8709.37,760.901,207.893
781,184.498,660.328,7.3,8644.011,760.901,207.893
782,184.498,660.328,7.3,9547.238,760.901,207.893
783,184.498,660.328,7.3,10680.378,760.901,207.893
784,184.498,660.328,7.3,11973.635,789.541,207.893
785,184.498,1481.741,371.798,13340.793,913.479,207.893
786,861.594,1823.497,371.798,13406.152,1030.719,207.893
787,861.594,1974.056,7.3,13406.152,1133.442,207.893
788,861.594,2096.635,7.3,13406.152,1215.324,1498.702
789,861.594,2918.048,7.3,13406.152,1215.324,1498.702
790,861.594,2096.635,371.798,12273.012,1215.324,1498.702
791,184.498,2918.048,7.3,10905.854,1215.324,1498.702
792,184.498,2096.635,7.3,9612.597,1215.324,207.893
793,138.904,2061.46,0.7,13897.795,1137.516,249.71
794,462.534,2816.32,327.598,12604.537,1261.454,1590.793
795,138.904,2750.644,0.7,11964.484,1235.546,824.215
796,138.904,2408.888,0.7,12405.377,1111.608,1590.793
797,138.904,1587.475,0.7,13389.51,1235.546,249.71
798,790.806,2049.402,0.7,13707.509,1191.485,1590.793
799,138.904,1898.843,327.598,14510.347,1315.424,1590.793
800,138.904,1557.087,0.7,13377.207,1212.7,249.71
801,138.904,735.674,0.7,12083.95,1095.461,249.71
802,138.904,735.674,0.7,10716.792,971.522,249.71
803,138.904,735.674,0.7,10716.792,971.522,249.71
804,138.904,735.674,0.7,10716.792,971.522,249.71
805,138.904,735.674,0.7,10716.792,971.522,249.71
806,138.904,735.674,0.7,10716.792,971.522,249.71
807,138.904,735.674,0.7,10716.792,971.522,249.71
808,138.904,735.674,0.7,10716.792,971.522,249.71
809,138.904,735.674,0.7,11471.398,1088.761,249.71
810,138.904,966.909,0.7,12764.655,1212.7,249.71
811,790.806,1788.322,0.7,14131.813,1315.424,1590.793
812,790.806,2049.402,327.598,15264.952,1383.832,1590.793
813,790.806,2171.981,327.598,15264.952,1383.832,249.71
814,790.806,2403.216,0.7,15264.952,1383.832,1590.793
815,790.806,3224.629,0.7,15264.952,1262.612,249.71
816,226.39,2882.874,260.51,15264.952,1261.454,1590.793
817,1448.196,3870.701,594.597,14186.827,1286.095,399.951
818,1448.196,3870.701,81.1,14186.827,1243.591,1877.107
819,1448.196,3733.999,594.597,14186.827,1286.095,377.6
820,562.306,2912.586,81.1,14186.827,1276.921,1877.107
821,1448.196,2570.83,193.128,14085.625,1195.039,1877.107
822,562.306,2639.447,81.1,12961.001,1092.316,1877.107
823,562.306,2297.692,81.1,11667.744,968.377,377.6
824,562.306,1476.279,81.1,10300.586,851.138,377.6
825,562.306,1476.279,81.1,9388.843,851.138,377.6
826,562.306,1476.279,81.1,9388.843,851.138,377.6
827,562.306,1476.279,81.1,9388.843,851.138,377.6
828,562.306,1476.279,81.1,9388.843,851.138,377.6
829,562.306,1476.279,81.1,9388.843,851.138,377.6
830,562.306,1476.279,81.1,9388.843,851.138,377.6
831,562.306,1476.279,81.1,9388.843,851.138,377.6
832,562.306,1476.279,81.1,9388.843,851.138,377.6
833,562.306,1476.279,81.1,9388.843,851.138,377.6
834,562.306,1598.858,81.1,10597.129,975.076,377.6
835,1448.196,2193.686,594.597,11964.287,1076.349,377.6
836,1448.196,2762.027,594.597,12047.759,1195.039,1877.107
837,1448.196,2912.586,594.597,12372.719,1276.921,1877.107
838,562.306,3035.165,81.1,12819.67,1286.095,1877.107
839,1448.196,3629.993,594.597,14186.827,1286.095,1877.107
840,645.815,3870.701,81.1,14186.827,1286.095,1877.107
841,85.7,1730.358,14.2,13113.662,1295.623,1576.811
842,708.206,2551.771,14.2,12318.212,1295.623,1576.811
843,85.7,1730.358,14.2,11699.633,1295.623,1576.811
844,85.7,1551.225,14.2,11132.928,1295.623,242.602
845,85.7,1428.646,14.2,10925.332,1281.918,242.602
846,303.576,1278.087,14.2,11426.625,1179.195,1313.643
847,708.206,936.331,301.422,12451.687,1061.955,242.602
848,85.7,114.918,14.2,12736.772,938.017,242.602
849,85.7,114.918,14.2,12675.981,862.676,242.602
850,85.7,114.918,14.2,11308.823,862.676,242.602
851,85.7,114.918,14.2,12464.701,862.676,242.602
852,85.7,114.918,14.2,11121.986,862.676,242.602
853,85.7,114.918,14.2,9852.113,862.676,242.602
854,85.7,114.918,14.2,9713.521,862.676,242.602
855,85.7,114.918,14.2,9516.116,862.676,242.602
856,85.7,114.918,14.2,10070.416,869.84,242.602
857,85.7,702.281,14.2,11203.556,993.779,242.602
858,85.7,1154.817,375.8,12570.714,1111.018,242.602
859,708.206,1372.419,375.8,13863.971,1213.742,1576.811
860,708.206,1551.225,375.8,14291.93,1295.623,1576.811
861,708.206,2138.588,375.8,14291.93,1295.623,1576.811
862,298.061,2591.124,375.8,14291.93,1295.623,1576.811
863,708.206,2808.727,14.2,14045.6,1295.623,1576.811
864,85.7,2551.771,14.2,13563.682,1295.623,242.602
