Time_Index,BuyPrice_1,BuyPrice_2,SellPrice_1,SellPrice_2
1,0,36.0,0,35.0
2,0,36.0,0,35.0
3,0,35.0,0,34.0
4,0,35.0,0,34.0
5,0,35.0,0,34.0
6,0,35.0,0,34.0
7,0,35.0,0,34.0
8,0,35.0,0,34.0
9,0,22.0,0,21.0
10,0,10.0,0,9.0
11,0,10.0,0,9.0
12,0,10.0,0,9.0
13,0,10.0,0,9.0
14,0,10.0,0,9.0
15,0,10.0,0,9.0
16,0,10.0,0,9.0
17,0,13.0,0,12.0
18,0,36.0,0,35.0
19,0,36.0,0,35.0
20,0,36.0,0,35.0
21,0,36.0,0,35.0
22,0,36.0,0,35.0
23,0,36.0,0,35.0
24,0,36.0,0,35.0
25,0,36.0,0,35.0
26,0,36.0,0,35.0
27,0,36.0,0,35.0
28,0,36.0,0,35.0
29,0,36.0,0,35.0
30,0,36.0,0,35.0
31,0,36.0,0,35.0
32,0,36.0,0,35.0
33,0,36.0,0,35.0
34,0,21.0,0,20.0
35,0,21.0,0,20.0
36,0,21.0,0,20.0
37,0,15.0,0,14.0
38,0,21.0,0,20.0
39,0,21.0,0,20.0
40,0,21.0,0,20.0
41,0,34.0,0,33.0
42,0,42.0,0,41.0
43,0,42.0,0,41.0
44,0,42.0,0,41.0
45,0,42.0,0,41.0
46,0,42.0,0,41.0
47,0,42.0,0,41.0
48,0,42.0,0,41.0
49,0,39.0,0,38.0
50,0,36.0,0,35.0
51,0,35.0,0,34.0
52,0,34.0,0,33.0
53,0,34.0,0,33.0
54,0,34.0,0,33.0
55,0,35.0,0,34.0
56,0,36.0,0,35.0
57,0,23.0,0,22.0
58,0,22.0,0,21.0
59,0,22.0,0,21.0
60,0,22.0,0,21.0
61,0,20.0,0,19.0
62,0,22.0,0,21.0
63,0,22.0,0,21.0
64,0,22.0,0,21.0
65,0,36.0,0,35.0
66,0,42.0,0,41.0
67,0,42.0,0,41.0
68,0,42.0,0,41.0
69,0,42.0,0,41.0
70,0,42.0,0,41.0
71,0,42.0,0,41.0
72,0,42.0,0,41.0
73,0,41.0,0,40.0
74,0,40.0,0,39.0
75,0,39.0,0,38.0
76,0,38.0,0,37.0
77,0,37.0,0,36.0
78,0,37.0,0,36.0
79,0,38.0,0,37.0
80,0,38.0,0,37.0
81,0,30.0,0,29.0
82,0,9.5,0,8.5
83,0,9.5,0,8.5
84,0,9.5,0,8.5
85,0,9.5,0,8.5
86,0,9.5,0,8.5
87,0,9.5,0,8.5
88,0,9.5,0,8.5
89,0,28.5,0,27.5
90,0,42.0,0,41.0
91,0,42.0,0,41.0
92,0,42.0,0,41.0
93,0,42.0,0,41.0
94,0,42.0,0,41.0
95,0,42.0,0,41.0
96,0,42.0,0,41.0
97,0,41.0,0,40.0
98,0,39.0,0,38.0
99,0,38.0,0,37.0
100,0,38.0,0,37.0
101,0,38.0,0,37.0
102,0,39.0,0,38.0
103,0,41.0,0,40.0
104,0,41.0,0,40.0
105,0,40.0,0,39.0
106,0,33.0,0,32.0
107,0,33.0,0,32.0
108,0,33.0,0,32.0
109,0,33.0,0,32.0
110,0,33.0,0,32.0
111,0,33.0,0,32.0
112,0,33.0,0,32.0
113,0,36.0,0,35.0
114,0,39.0,0,38.0
115,0,39.0,0,38.0
116,0,39.0,0,38.0
117,0,39.0,0,38.0
118,0,39.0,0,38.0
119,0,39.0,0,38.0
120,0,39.0,0,38.0
121,0,36.0,0,35.0
122,0,36.0,0,35.0
123,0,36.0,0,35.0
124,0,36.0,0,35.0
125,0,36.0,0,35.0
126,0,37.0,0,36.0
127,0,39.0,0,38.0
128,0,39.0,0,38.0
129,0,39.0,0,38.0
130,0,31.0,0,30.0
131,0,28.0,0,27.0
132,0,28.0,0,27.0
133,0,28.0,0,27.0
134,0,28.0,0,27.0
135,0,28.0,0,27.0
136,0,28.0,0,27.0
137,0,33.0,0,32.0
138,0,43.0,0,42.0
139,0,43.0,0,42.0
140,0,43.0,0,42.0
141,0,43.0,0,42.0
142,0,43.0,0,42.0
143,0,43.0,0,42.0
144,0,43.0,0,42.0
145,0,43.0,0,42.0
146,0,39.0,0,38.0
147,0,39.0,0,38.0
148,0,39.0,0,38.0
149,0,39.0,0,38.0
150,0,39.0,0,38.0
151,0,42.0,0,41.0
152,0,42.0,0,41.0
153,0,38.0,0,37.0
154,0,23.0,0,22.0
155,0,23.0,0,22.0
156,0,23.0,0,22.0
157,0,23.0,0,22.0
158,0,23.0,0,22.0
159,0,23.0,0,22.0
160,0,23.0,0,22.0
161,0,32.0,0,31.0
162,0,43.0,0,42.0
163,0,43.0,0,42.0
164,0,43.0,0,42.0
165,0,43.0,0,42.0
166,0,43.0,0,42.0
167,0,43.0,0,42.0
168,0,43.0,0,42.0
169,0,39.0,0,38.0
170,0,39.0,0,38.0
171,0,39.0,0,38.0
172,0,39.0,0,38.0
173,0,39.0,0,38.0
174,0,39.0,0,38.0
175,0,39.0,0,38.0
176,0,39.0,0,38.0
177,0,14.0,0,13.0
178,0,5.0,0,4.0
179,0,5.0,0,4.0
180,0,5.0,0,4.0
181,0,5.0,0,4.0
182,0,5.0,0,4.0
183,0,5.0,0,4.0
184,0,5.0,0,4.0
185,0,8.5,0,7.5
186,0,39.0,0,38.0
187,0,39.0,0,38.0
188,0,39.0,0,38.0
189,0,39.0,0,38.0
190,0,39.0,0,38.0
191,0,39.0,0,38.0
192,0,39.0,0,38.0
193,0,41.0,0,40.0
194,0,41.0,0,40.0
195,0,41.0,0,40.0
196,0,39.0,0,38.0
197,0,38.0,0,37.0
198,0,41.0,0,40.0
199,0,41.0,0,40.0
200,0,41.0,0,40.0
201,0,36.0,0,35.0
202,0,11.0,0,10.0
203,0,11.0,0,10.0
204,0,11.0,0,10.0
205,0,11.0,0,10.0
206,0,11.0,0,10.0
207,0,11.0,0,10.0
208,0,11.0,0,10.0
209,0,25.0,0,24.0
210,0,42.0,0,41.0
211,0,42.0,0,41.0
212,0,46.0,0,45.0
213,0,42.0,0,41.0
214,0,42.0,0,41.0
215,0,42.0,0,41.0
216,0,42.0,0,41.0
217,0,41.0,0,40.0
218,0,39.0,0,38.0
219,0,39.0,0,38.0
220,0,39.0,0,38.0
221,0,39.0,0,38.0
222,0,39.0,0,38.0
223,0,42.0,0,41.0
224,0,42.0,0,41.0
225,0,36.0,0,35.0
226,0,10.0,0,9.0
227,0,10.0,0,9.0
228,0,10.0,0,9.0
229,0,10.0,0,9.0
230,0,10.0,0,9.0
231,0,10.0,0,9.0
232,0,10.0,0,9.0
233,0,22.0,0,21.0
234,0,42.0,0,41.0
235,0,42.0,0,41.0
236,0,42.0,0,41.0
237,0,42.0,0,41.0
238,0,42.0,0,41.0
239,0,42.0,0,41.0
240,0,42.0,0,41.0
241,0,40.0,0,39.0
242,0,39.0,0,38.0
243,0,38.0,0,37.0
244,0,38.0,0,37.0
245,0,38.0,0,37.0
246,0,38.0,0,37.0
247,0,42.0,0,41.0
248,0,42.0,0,41.0
249,0,37.0,0,36.0
250,0,15.0,0,14.0
251,0,15.0,0,14.0
252,0,15.0,0,14.0
253,0,14.0,0,13.0
254,0,14.0,0,13.0
255,0,15.0,0,14.0
256,0,15.0,0,14.0
257,0,25.0,0,24.0
258,0,41.0,0,40.0
259,0,41.0,0,40.0
260,0,41.0,0,40.0
261,0,41.0,0,40.0
262,0,41.0,0,40.0
263,0,41.0,0,40.0
264,0,41.0,0,40.0
265,0,39.0,0,38.0
266,0,37.0,0,36.0
267,0,37.0,0,36.0
268,0,37.0,0,36.0
269,0,37.0,0,36.0
270,0,37.0,0,36.0
271,0,40.0,0,39.0
272,0,40.0,0,39.0
273,0,36.0,0,35.0
274,0,24.0,0,23.0
275,0,24.0,0,23.0
276,0,24.0,0,23.0
277,0,24.0,0,23.0
278,0,24.0,0,23.0
279,0,24.0,0,23.0
280,0,24.0,0,23.0
281,0,35.0,0,34.0
282,0,40.0,0,39.0
283,0,40.0,0,39.0
284,0,40.0,0,39.0
285,0,40.0,0,39.0
286,0,40.0,0,39.0
287,0,40.0,0,39.0
288,0,40.0,0,39.0
289,0,38.0,0,37.0
290,0,37.0,0,36.0
291,0,36.0,0,35.0
292,0,36.0,0,35.0
293,0,36.0,0,35.0
294,0,36.0,0,35.0
295,0,39.0,0,38.0
296,0,39.0,0,38.0
297,0,36.0,0,35.0
298,0,22.0,0,21.0
299,0,22.0,0,21.0
300,0,22.0,0,21.0
301,0,22.0,0,21.0
302,0,20.0,0,19.0
303,0,22.0,0,21.0
304,0,22.0,0,21.0
305,0,23.0,0,22.0
306,0,38.0,0,37.0
307,0,38.0,0,37.0
308,0,38.0,0,37.0
309,0,38.0,0,37.0
310,0,38.0,0,37.0
311,0,38.0,0,37.0
312,0,38.0,0,37.0
313,0,38.0,0,37.0
314,0,37.0,0,36.0
315,0,37.0,0,36.0
316,0,36.0,0,35.0
317,0,36.0,0,35.0
318,0,36.0,0,35.0
319,0,37.0,0,36.0
320,0,38.0,0,37.0
321,0,29.0,0,28.0
322,0,27.0,0,26.0
323,0,27.0,0,26.0
324,0,27.0,0,26.0
325,0,27.0,0,26.0
326,0,27.0,0,26.0
327,0,27.0,0,26.0
328,0,27.0,0,26.0
329,0,27.0,0,26.0
330,0,39.0,0,38.0
331,0,39.0,0,38.0
332,0,39.0,0,38.0
333,0,39.0,0,38.0
334,0,39.0,0,38.0
335,0,39.0,0,38.0
336,0,39.0,0,38.0
337,0,0.0,0,-1.0
338,0,0.0,0,-1.0
339,0,0.0,0,-1.0
340,0,0.0,0,-1.0
341,0,0.0,0,-1.0
342,0,0.0,0,-1.0
343,0,0.0,0,-1.0
344,0,0.0,0,-1.0
345,0,0.0,0,-1.0
346,0,0.0,0,-1.0
347,0,0.0,0,-1.0
348,0,0.0,0,-1.0
349,0,0.0,0,-1.0
350,0,0.0,0,-1.0
351,0,0.0,0,-1.0
352,0,0.0,0,-1.0
353,0,0.0,0,-1.0
354,0,0.0,0,-1.0
355,0,0.0,0,-1.0
356,0,0.0,0,-1.0
357,0,0.0,0,-1.0
358,0,0.0,0,-1.0
359,0,0.0,0,-1.0
360,0,0.0,0,-1.0
361,0,36.0,0,35.0
362,0,36.0,0,35.0
363,0,34.0,0,33.0
364,0,34.0,0,33.0
365,0,34.0,0,33.0
366,0,34.0,0,33.0
367,0,34.0,0,33.0
368,0,34.0,0,33.0
369,0,8.0,0,7.0
370,0,5.0,0,4.0
371,0,5.0,0,4.0
372,0,5.0,0,4.0
373,0,5.0,0,4.0
374,0,5.0,0,4.0
375,0,5.0,0,4.0
376,0,5.0,0,4.0
377,0,5.5,0,4.5
378,0,27.0,0,26.0
379,0,34.0,0,33.0
380,0,34.0,0,33.0
381,0,34.0,0,33.0
382,0,34.0,0,33.0
383,0,34.0,0,33.0
384,0,34.0,0,33.0
385,0,34.0,0,33.0
386,0,34.0,0,33.0
387,0,34.0,0,33.0
388,0,33.0,0,32.0
389,0,34.0,0,33.0
390,0,34.0,0,33.0
391,0,34.0,0,33.0
392,0,34.0,0,33.0
393,0,20.0,0,19.0
394,0,5.5,0,4.5
395,0,5.5,0,4.5
396,0,5.5,0,4.5
397,0,5.5,0,4.5
398,0,5.5,0,4.5
399,0,5.5,0,4.5
400,0,5.5,0,4.5
401,0,12.0,0,11.0
402,0,34.0,0,33.0
403,0,36.0,0,35.0
404,0,36.0,0,35.0
405,0,36.0,0,35.0
406,0,36.0,0,35.0
407,0,36.0,0,35.0
408,0,36.0,0,35.0
409,0,36.0,0,35.0
410,0,34.0,0,33.0
411,0,34.0,0,33.0
412,0,34.0,0,33.0
413,0,34.0,0,33.0
414,0,34.0,0,33.0
415,0,37.0,0,36.0
416,0,37.0,0,36.0
417,0,25.0,0,24.0
418,0,16.0,0,15.0
419,0,16.0,0,15.0
420,0,16.0,0,15.0
421,0,5.0,0,4.0
422,0,16.0,0,15.0
423,0,16.0,0,15.0
424,0,16.0,0,15.0
425,0,20.0,0,19.0
426,0,34.0,0,33.0
427,0,34.0,0,33.0
428,0,34.0,0,33.0
429,0,34.0,0,33.0
430,0,34.0,0,33.0
431,0,34.0,0,33.0
432,0,34.0,0,33.0
433,0,34.0,0,33.0
434,0,34.0,0,33.0
435,0,33.0,0,32.0
436,0,32.0,0,31.0
437,0,32.0,0,31.0
438,0,34.0,0,33.0
439,0,34.0,0,33.0
440,0,34.0,0,33.0
441,0,17.0,0,16.0
442,0,6.5,0,5.5
443,0,6.5,0,5.5
444,0,6.5,0,5.5
445,0,6.5,0,5.5
446,0,6.5,0,5.5
447,0,6.5,0,5.5
448,0,6.5,0,5.5
449,0,12.5,0,11.5
450,0,34.0,0,33.0
451,0,34.0,0,33.0
452,0,34.0,0,33.0
453,0,34.0,0,33.0
454,0,34.0,0,33.0
455,0,34.0,0,33.0
456,0,34.0,0,33.0
457,0,35.0,0,34.0
458,0,35.0,0,34.0
459,0,34.0,0,33.0
460,0,34.0,0,33.0
461,0,34.0,0,33.0
462,0,35.0,0,34.0
463,0,35.0,0,34.0
464,0,35.0,0,34.0
465,0,25.0,0,24.0
466,0,11.5,0,10.5
467,0,11.5,0,10.5
468,0,11.5,0,10.5
469,0,11.5,0,10.5
470,0,11.5,0,10.5
471,0,11.5,0,10.5
472,0,11.5,0,10.5
473,0,11.5,0,10.5
474,0,34.0,0,33.0
475,0,35.0,0,34.0
476,0,35.0,0,34.0
477,0,35.0,0,34.0
478,0,35.0,0,34.0
479,0,35.0,0,34.0
480,0,35.0,0,34.0
481,0,35.0,0,34.0
482,0,35.0,0,34.0
483,0,35.0,0,34.0
484,0,35.0,0,34.0
485,0,35.0,0,34.0
486,0,35.0,0,34.0
487,0,35.0,0,34.0
488,0,35.0,0,34.0
489,0,21.0,0,20.0
490,0,5.5,0,4.5
491,0,5.0,0,4.0
492,0,5.0,0,4.0
493,0,5.0,0,4.0
494,0,5.0,0,4.0
495,0,5.0,0,4.0
496,0,5.0,0,4.0
497,0,13.5,0,12.5
498,0,35.0,0,34.0
499,0,35.0,0,34.0
500,0,35.0,0,34.0
501,0,35.0,0,34.0
502,0,35.0,0,34.0
503,0,35.0,0,34.0
504,0,35.0,0,34.0
505,0,34.0,0,33.0
506,0,34.0,0,33.0
507,0,34.0,0,33.0
508,0,33.0,0,32.0
509,0,33.0,0,32.0
510,0,34.0,0,33.0
511,0,34.0,0,33.0
512,0,34.0,0,33.0
513,0,33.0,0,32.0
514,0,-8.0,0,-9.0
515,0,-15.0,0,-16.0
516,0,-15.0,0,-16.0
517,0,-15.0,0,-16.0
518,0,-15.0,0,-16.0
519,0,-15.0,0,-16.0
520,0,-15.0,0,-16.0
521,0,-15.0,0,-16.0
522,0,-7.5,0,-8.5
523,0,28.5,0,27.5
524,0,34.0,0,33.0
525,0,42.0,0,41.0
526,0,34.0,0,33.0
527,0,34.0,0,33.0
528,0,34.0,0,33.0
529,0,34.0,0,33.0
530,0,30.0,0,29.0
531,0,31.0,0,30.0
532,0,30.0,0,29.0
533,0,30.0,0,29.0
534,0,30.0,0,29.0
535,0,32.0,0,31.0
536,0,32.0,0,31.0
537,0,24.0,0,23.0
538,0,0.0,0,-1.0
539,0,-15.0,0,-16.0
540,0,-15.0,0,-16.0
541,0,-15.0,0,-16.0
542,0,-15.0,0,-16.0
543,0,-15.0,0,-16.0
544,0,-15.0,0,-16.0
545,0,-15.0,0,-16.0
546,0,-15.0,0,-16.0
547,0,24.0,0,23.0
548,0,34.0,0,33.0
549,0,34.0,0,33.0
550,0,34.0,0,33.0
551,0,34.0,0,33.0
552,0,34.0,0,33.0
553,0,34.0,0,33.0
554,0,33.0,0,32.0
555,0,33.0,0,32.0
556,0,33.0,0,32.0
557,0,33.0,0,32.0
558,0,33.0,0,32.0
559,0,33.0,0,32.0
560,0,33.0,0,32.0
561,0,33.0,0,32.0
562,0,4.0,0,3.0
563,0,-15.0,0,-16.0
564,0,-15.0,0,-16.0
565,0,-15.0,0,-16.0
566,0,-15.0,0,-16.0
567,0,-15.0,0,-16.0
568,0,-15.0,0,-16.0
569,0,-15.0,0,-16.0
570,0,-9.0,0,-10.0
571,0,28.5,0,27.5
572,0,34.0,0,33.0
573,0,34.0,0,33.0
574,0,34.0,0,33.0
575,0,34.0,0,33.0
576,0,34.0,0,33.0
577,0,34.0,0,33.0
578,0,33.0,0,32.0
579,0,32.0,0,31.0
580,0,32.0,0,31.0
581,0,32.0,0,31.0
582,0,33.0,0,32.0
583,0,33.0,0,32.0
584,0,33.0,0,32.0
585,0,32.0,0,31.0
586,0,6.5,0,5.5
587,0,-12.0,0,-13.0
588,0,-12.0,0,-13.0
589,0,-12.0,0,-13.0
590,0,-12.0,0,-13.0
591,0,-12.0,0,-13.0
592,0,-12.0,0,-13.0
593,0,-12.0,0,-13.0
594,0,9.5,0,8.5
595,0,32.0,0,31.0
596,0,36.0,0,35.0
597,0,44.0,0,43.0
598,0,36.0,0,35.0
599,0,36.0,0,35.0
600,0,36.0,0,35.0
601,0,36.0,0,35.0
602,0,34.0,0,33.0
603,0,34.0,0,33.0
604,0,34.0,0,33.0
605,0,34.0,0,33.0
606,0,34.0,0,33.0
607,0,34.0,0,33.0
608,0,34.0,0,33.0
609,0,31.0,0,30.0
610,0,-14.0,0,-15.0
611,0,-15.0,0,-16.0
612,0,-15.0,0,-16.0
613,0,-15.0,0,-16.0
614,0,-15.0,0,-16.0
615,0,-15.0,0,-16.0
616,0,-15.0,0,-16.0
617,0,-15.0,0,-16.0
618,0,-14.5,0,-15.5
619,0,31.5,0,30.5
620,0,35.0,0,34.0
621,0,35.0,0,34.0
622,0,35.0,0,34.0
623,0,35.0,0,34.0
624,0,35.0,0,34.0
625,0,35.0,0,34.0
626,0,36.0,0,35.0
627,0,36.0,0,35.0
628,0,33.0,0,32.0
629,0,33.0,0,32.0
630,0,33.0,0,32.0
631,0,34.0,0,33.0
632,0,33.0,0,32.0
633,0,18.0,0,17.0
634,0,-14.5,0,-15.5
635,0,-15.0,0,-16.0
636,0,-15.0,0,-16.0
637,0,-15.0,0,-16.0
638,0,-15.0,0,-16.0
639,0,-15.0,0,-16.0
640,0,-15.0,0,-16.0
641,0,-15.0,0,-16.0
642,0,-14.0,0,-15.0
643,0,33.0,0,32.0
644,0,34.0,0,33.0
645,0,34.0,0,33.0
646,0,34.0,0,33.0
647,0,34.0,0,33.0
648,0,34.0,0,33.0
649,0,34.0,0,33.0
650,0,34.0,0,33.0
651,0,34.0,0,33.0
652,0,32.0,0,31.0
653,0,33.0,0,32.0
654,0,34.0,0,33.0
655,0,34.0,0,33.0
656,0,34.0,0,33.0
657,0,32.0,0,31.0
658,0,7.5,0,6.5
659,0,-7.5,0,-8.5
660,0,-7.5,0,-8.5
661,0,-7.5,0,-8.5
662,0,-7.5,0,-8.5
663,0,-7.5,0,-8.5
664,0,-7.5,0,-8.5
665,0,-7.5,0,-8.5
666,0,-5.5,0,-6.5
667,0,32.0,0,31.0
668,0,34.0,0,33.0
669,0,34.0,0,33.0
670,0,39.0,0,38.0
671,0,34.0,0,33.0
672,0,34.0,0,33.0
673,0,32.0,0,31.0
674,0,34.0,0,33.0
675,0,32.0,0,31.0
676,0,32.0,0,31.0
677,0,32.0,0,31.0
678,0,32.0,0,31.0
679,0,34.0,0,33.0
680,0,34.0,0,33.0
681,0,20.0,0,19.0
682,0,3.0,0,2.0
683,0,3.0,0,2.0
684,0,3.0,0,2.0
685,0,3.0,0,2.0
686,0,3.0,0,2.0
687,0,3.0,0,2.0
688,0,3.0,0,2.0
689,0,3.0,0,2.0
690,0,6.0,0,5.0
691,0,32.0,0,31.0
692,0,32.0,0,31.0
693,0,34.0,0,33.0
694,0,32.0,0,31.0
695,0,32.0,0,31.0
696,0,32.0,0,31.0
697,0,32.0,0,31.0
698,0,34.0,0,33.0
699,0,34.0,0,33.0
700,0,32.0,0,31.0
701,0,34.0,0,33.0
702,0,34.0,0,33.0
703,0,34.0,0,33.0
704,0,34.0,0,33.0
705,0,21.0,0,20.0
706,0,3.0,0,2.0
707,0,3.0,0,2.0
708,0,3.0,0,2.0
709,0,3.0,0,2.0
710,0,3.0,0,2.0
711,0,3.0,0,2.0
712,0,3.0,0,2.0
713,0,3.0,0,2.0
714,0,20.0,0,19.0
715,0,39.0,0,38.0
716,0,39.0,0,38.0
717,0,42.0,0,41.0
718,0,43.0,0,42.0
719,0,39.0,0,38.0
720,0,39.0,0,38.0
721,0,39.0,0,38.0
722,0,36.0,0,35.0
723,0,34.0,0,33.0
724,0,34.0,0,33.0
725,0,34.0,0,33.0
726,0,34.0,0,33.0
727,0,34.0,0,33.0
728,0,32.0,0,31.0
729,0,3.0,0,2.0
730,0,-15.0,0,-16.0
731,0,-15.0,0,-16.0
732,0,-15.0,0,-16.0
733,0,-15.0,0,-16.0
734,0,-15.0,0,-16.0
735,0,-15.0,0,-16.0
736,0,-15.0,0,-16.0
737,0,-15.0,0,-16.0
738,0,-15.0,0,-16.0
739,0,20.0,0,19.0
740,0,34.0,0,33.0
741,0,34.0,0,33.0
742,0,34.0,0,33.0
743,0,34.0,0,33.0
744,0,34.0,0,33.0
745,0,34.0,0,33.0
746,0,34.0,0,33.0
747,0,34.0,0,33.0
748,0,34.0,0,33.0
749,0,33.0,0,32.0
750,0,32.0,0,31.0
751,0,32.0,0,31.0
752,0,31.0,0,30.0
753,0,0.0,0,-1.0
754,0,-15.0,0,-16.0
755,0,-15.0,0,-16.0
756,0,-15.0,0,-16.0
757,0,-15.0,0,-16.0
758,0,-15.0,0,-16.0
759,0,-15.0,0,-16.0
760,0,-15.0,0,-16.0
761,0,-15.0,0,-16.0
762,0,-15.0,0,-16.0
763,0,17.0,0,16.0
764,0,34.0,0,33.0
765,0,34.0,0,33.0
766,0,34.0,0,33.0
767,0,34.0,0,33.0
768,0,34.0,0,33.0
769,0,34.0,0,33.0
770,0,34.0,0,33.0
771,0,34.0,0,33.0
772,0,34.0,0,33.0
773,0,34.0,0,33.0
774,0,34.0,0,33.0
775,0,34.0,0,33.0
776,0,34.0,0,33.0
777,0,23.0,0,22.0
778,0,0.0,0,-1.0
779,0,-15.0,0,-16.0
780,0,-15.0,0,-16.0
781,0,-15.0,0,-16.0
782,0,-15.0,0,-16.0
783,0,-15.0,0,-16.0
784,0,-15.0,0,-16.0
785,0,-15.0,0,-16.0
786,0,-15.0,0,-16.0
787,0,21.0,0,20.0
788,0,34.0,0,33.0
789,0,34.0,0,33.0
790,0,34.0,0,33.0
791,0,34.0,0,33.0
792,0,34.0,0,33.0
793,0,34.0,0,33.0
794,0,34.0,0,33.0
795,0,34.0,0,33.0
796,0,34.0,0,33.0
797,0,34.0,0,33.0
798,0,34.0,0,33.0
799,0,34.0,0,33.0
800,0,34.0,0,33.0
801,0,28.0,0,27.0
802,0,0.0,0,-1.0
803,0,-15.0,0,-16.0
804,0,-15.0,0,-16.0
805,0,-15.0,0,-16.0
806,0,-15.0,0,-16.0
807,0,-15.0,0,-16.0
808,0,-15.0,0,-16.0
809,0,-15.0,0,-16.0
810,0,9.0,0,8.0
811,0,34.0,0,33.0
812,0,34.0,0,33.0
813,0,34.0,0,33.0
814,0,34.0,0,33.0
815,0,34.0,0,33.0
816,0,34.0,0,33.0
817,0,34.0,0,33.0
818,0,34.0,0,33.0
819,0,31.0,0,30.0
820,0,30.0,0,29.0
821,0,31.0,0,30.0
822,0,31.0,0,30.0
823,0,32.0,0,31.0
824,0,31.0,0,30.0
825,0,17.0,0,16.0
826,0,-2.0,0,-3.0
827,0,-15.0,0,-16.0
828,0,-15.0,0,-16.0
829,0,-15.0,0,-16.0
830,0,-15.0,0,-16.0
831,0,-15.0,0,-16.0
832,0,-15.0,0,-16.0
833,0,-15.0,0,-16.0
834,0,10.0,0,9.0
835,0,31.0,0,30.0
836,0,31.0,0,30.0
837,0,31.0,0,30.0
838,0,31.0,0,30.0
839,0,31.0,0,30.0
840,0,31.0,0,30.0
841,0,27.0,0,26.0
842,0,29.0,0,28.0
843,0,29.0,0,28.0
844,0,29.0,0,28.0
845,0,29.0,0,28.0
846,0,29.0,0,28.0
847,0,29.0,0,28.0
848,0,25.0,0,24.0
849,0,-3.0,0,-4.0
850,0,-15.0,0,-16.0
851,0,-15.0,0,-16.0
852,0,-15.0,0,-16.0
853,0,-15.0,0,-16.0
854,0,-15.0,0,-16.0
855,0,-15.0,0,-16.0
856,0,-15.0,0,-16.0
857,0,-15.0,0,-16.0
858,0,-15.0,0,-16.0
859,0,23.5,0,22.5
860,0,29.0,0,28.0
861,0,29.0,0,28.0
862,0,29.0,0,28.0
863,0,29.0,0,28.0
864,0,29.0,0,28.0
865,0,29.0,0,28.0
866,0,32.0,0,31.0
867,0,32.0,0,31.0
868,0,32.0,0,31.0
869,0,32.0,0,31.0
870,0,32.0,0,31.0
871,0,32.0,0,31.0
872,0,32.0,0,31.0
873,0,12.0,0,11.0
874,0,10.0,0,9.0
875,0,10.0,0,9.0
876,0,10.0,0,9.0
877,0,10.0,0,9.0
878,0,10.0,0,9.0
879,0,10.0,0,9.0
880,0,10.0,0,9.0
881,0,10.0,0,9.0
882,0,14.0,0,13.0
883,0,33.0,0,32.0
884,0,33.0,0,32.0
885,0,33.0,0,32.0
886,0,37.0,0,36.0
887,0,33.0,0,32.0
888,0,33.0,0,32.0
889,0,33.0,0,32.0
890,0,33.0,0,32.0
891,0,33.0,0,32.0
892,0,30.0,0,29.0
893,0,30.0,0,29.0
894,0,31.0,0,30.0
895,0,33.0,0,32.0
896,0,33.0,0,32.0
897,0,20.0,0,19.0
898,0,20.0,0,19.0
899,0,20.0,0,19.0
900,0,20.0,0,19.0
901,0,20.0,0,19.0
902,0,20.0,0,19.0
903,0,20.0,0,19.0
904,0,20.0,0,19.0
905,0,20.0,0,19.0
906,0,20.0,0,19.0
907,0,35.0,0,34.0
908,0,35.0,0,34.0
909,0,37.0,0,36.0
910,0,38.0,0,37.0
911,0,35.0,0,34.0
912,0,35.0,0,34.0
913,0,35.0,0,34.0
914,0,37.0,0,36.0
915,0,33.0,0,32.0
916,0,33.0,0,32.0
917,0,32.0,0,31.0
918,0,33.0,0,32.0
919,0,33.0,0,32.0
920,0,33.0,0,32.0
921,0,13.0,0,12.0
922,0,11.5,0,10.5
923,0,11.5,0,10.5
924,0,11.5,0,10.5
925,0,11.5,0,10.5
926,0,11.5,0,10.5
927,0,11.5,0,10.5
928,0,11.5,0,10.5
929,0,11.5,0,10.5
930,0,12.5,0,11.5
931,0,25.0,0,24.0
932,0,34.0,0,33.0
933,0,34.0,0,33.0
934,0,35.0,0,34.0
935,0,34.0,0,33.0
936,0,34.0,0,33.0
937,0,34.0,0,33.0
938,0,44.0,0,43.0
939,0,37.0,0,36.0
940,0,32.0,0,31.0
941,0,32.0,0,31.0
942,0,32.0,0,31.0
943,0,33.0,0,32.0
944,0,32.0,0,31.0
945,0,22.0,0,21.0
946,0,5.0,0,4.0
947,0,5.0,0,4.0
948,0,5.0,0,4.0
949,0,5.0,0,4.0
950,0,5.0,0,4.0
951,0,5.0,0,4.0
952,0,5.0,0,4.0
953,0,5.0,0,4.0
954,0,10.5,0,9.5
955,0,33.0,0,32.0
956,0,33.0,0,32.0
957,0,33.0,0,32.0
958,0,33.0,0,32.0
959,0,33.0,0,32.0
960,0,33.0,0,32.0
961,0,33.0,0,32.0
962,0,35.0,0,34.0
963,0,34.0,0,33.0
964,0,32.0,0,31.0
965,0,31.0,0,30.0
966,0,31.0,0,30.0
967,0,32.0,0,31.0
968,0,31.0,0,30.0
969,0,10.0,0,9.0
970,0,9.0,0,8.0
971,0,9.0,0,8.0
972,0,9.0,0,8.0
973,0,9.0,0,8.0
974,0,9.0,0,8.0
975,0,9.0,0,8.0
976,0,9.0,0,8.0
977,0,9.0,0,8.0
978,0,15.5,0,14.5
979,0,34.0,0,33.0
980,0,34.0,0,33.0
981,0,34.0,0,33.0
982,0,35.0,0,34.0
983,0,34.0,0,33.0
984,0,34.0,0,33.0
985,0,34.0,0,33.0
986,0,35.0,0,34.0
987,0,33.0,0,32.0
988,0,32.0,0,31.0
989,0,31.0,0,30.0
990,0,31.0,0,30.0
991,0,31.0,0,30.0
992,0,26.0,0,25.0
993,0,0.0,0,-1.0
994,0,-4.0,0,-5.0
995,0,-4.0,0,-5.0
996,0,-4.0,0,-5.0
997,0,-4.0,0,-5.0
998,0,-4.0,0,-5.0
999,0,-4.0,0,-5.0
1000,0,-4.0,0,-5.0
1001,0,-4.0,0,-5.0
1002,0,7.0,0,6.0
1003,0,28.0,0,27.0
1004,0,36.0,0,35.0
1005,0,36.0,0,35.0
1006,0,36.0,0,35.0
1007,0,36.0,0,35.0
1008,0,36.0,0,35.0
1009,0,37.0,0,36.0
1010,0,34.0,0,33.0
1011,0,31.0,0,30.0
1012,0,29.0,0,28.0
1013,0,26.0,0,25.0
1014,0,27.0,0,26.0
1015,0,29.0,0,28.0
1016,0,29.0,0,28.0
1017,0,20.0,0,19.0
1018,0,20.0,0,19.0
1019,0,20.0,0,19.0
1020,0,20.0,0,19.0
1021,0,20.0,0,19.0
1022,0,20.0,0,19.0
1023,0,20.0,0,19.0
1024,0,20.0,0,19.0
1025,0,21.0,0,20.0
1026,0,33.0,0,32.0
1027,0,35.0,0,34.0
1028,0,44.0,0,43.0
1029,0,36.0,0,35.0
1030,0,35.0,0,34.0
1031,0,35.0,0,34.0
1032,0,35.0,0,34.0
1033,0,35.0,0,34.0
1034,0,34.0,0,33.0
1035,0,33.0,0,32.0
1036,0,32.0,0,31.0
1037,0,31.0,0,30.0
1038,0,31.0,0,30.0
1039,0,33.0,0,32.0
1040,0,33.0,0,32.0
1041,0,25.0,0,24.0
1042,0,25.0,0,24.0
1043,0,25.0,0,24.0
1044,0,25.0,0,24.0
1045,0,25.0,0,24.0
1046,0,25.0,0,24.0
1047,0,25.0,0,24.0
1048,0,25.0,0,24.0
1049,0,26.0,0,25.0
1050,0,31.0,0,30.0
1051,0,38.0,0,37.0
1052,0,38.0,0,37.0
1053,0,41.0,0,40.0
1054,0,38.0,0,37.0
1055,0,38.0,0,37.0
1056,0,38.0,0,37.0
1057,0,38.0,0,37.0
1058,0,37.0,0,36.0
1059,0,35.0,0,34.0
1060,0,33.0,0,32.0
1061,0,32.0,0,31.0
1062,0,33.0,0,32.0
1063,0,34.0,0,33.0
1064,0,34.0,0,33.0
1065,0,26.0,0,25.0
1066,0,26.0,0,25.0
1067,0,26.0,0,25.0
1068,0,26.0,0,25.0
1069,0,26.0,0,25.0
1070,0,26.0,0,25.0
1071,0,26.0,0,25.0
1072,0,26.0,0,25.0
1073,0,26.0,0,25.0
1074,0,30.0,0,29.0
1075,0,37.0,0,36.0
1076,0,37.0,0,36.0
1077,0,41.0,0,40.0
1078,0,37.0,0,36.0
1079,0,37.0,0,36.0
1080,0,37.0,0,36.0
1081,0,37.0,0,36.0
1082,0,38.0,0,37.0
1083,0,36.0,0,35.0
1084,0,34.0,0,33.0
1085,0,34.0,0,33.0
1086,0,34.0,0,33.0
1087,0,34.0,0,33.0
1088,0,33.0,0,32.0
1089,0,21.0,0,20.0
1090,0,10.0,0,9.0
1091,0,10.0,0,9.0
1092,0,10.0,0,9.0
1093,0,10.0,0,9.0
1094,0,10.0,0,9.0
1095,0,10.0,0,9.0
1096,0,10.0,0,9.0
1097,0,10.0,0,9.0
1098,0,21.0,0,20.0
1099,0,38.0,0,37.0
1100,0,38.0,0,37.0
1101,0,38.0,0,37.0
1102,0,38.0,0,37.0
1103,0,38.0,0,37.0
1104,0,38.0,0,37.0
1105,0,38.0,0,37.0
1106,0,39.0,0,38.0
1107,0,38.0,0,37.0
1108,0,37.0,0,36.0
1109,0,35.0,0,34.0
1110,0,34.0,0,33.0
1111,0,36.0,0,35.0
1112,0,34.0,0,33.0
1113,0,21.0,0,20.0
1114,0,3.0,0,2.0
1115,0,3.0,0,2.0
1116,0,3.0,0,2.0
1117,0,3.0,0,2.0
1118,0,3.0,0,2.0
1119,0,3.0,0,2.0
1120,0,3.0,0,2.0
1121,0,6.0,0,5.0
1122,0,23.5,0,22.5
1123,0,37.0,0,36.0
1124,0,37.0,0,36.0
1125,0,37.0,0,36.0
1126,0,37.0,0,36.0
1127,0,37.0,0,36.0
1128,0,37.0,0,36.0
1129,0,37.0,0,36.0
1130,0,37.0,0,36.0
1131,0,35.0,0,34.0
1132,0,33.0,0,32.0
1133,0,32.0,0,31.0
1134,0,31.0,0,30.0
1135,0,29.0,0,28.0
1136,0,25.0,0,24.0
1137,0,16.0,0,15.0
1138,0,-2.0,0,-3.0
1139,0,-2.0,0,-3.0
1140,0,-2.0,0,-3.0
1141,0,-2.0,0,-3.0
1142,0,-2.0,0,-3.0
1143,0,-2.0,0,-3.0
1144,0,-2.0,0,-3.0
1145,0,-2.0,0,-3.0
1146,0,15.0,0,14.0
1147,0,34.0,0,33.0
1148,0,34.0,0,33.0
1149,0,34.0,0,33.0
1150,0,34.0,0,33.0
1151,0,34.0,0,33.0
1152,0,34.0,0,33.0
1153,0,34.0,0,33.0
1154,0,34.0,0,33.0
1155,0,34.0,0,33.0
1156,0,34.0,0,33.0
1157,0,33.0,0,32.0
1158,0,33.0,0,32.0
1159,0,34.0,0,33.0
1160,0,34.0,0,33.0
1161,0,21.0,0,20.0
1162,0,19.0,0,18.0
1163,0,19.0,0,18.0
1164,0,19.0,0,18.0
1165,0,19.0,0,18.0
1166,0,19.0,0,18.0
1167,0,19.0,0,18.0
1168,0,19.0,0,18.0
1169,0,19.5,0,18.5
1170,0,30.0,0,29.0
1171,0,44.0,0,43.0
1172,0,44.0,0,43.0
1173,0,44.0,0,43.0
1174,0,44.0,0,43.0
1175,0,44.0,0,43.0
1176,0,44.0,0,43.0
1177,0,37.0,0,36.0
1178,0,35.0,0,34.0
1179,0,34.0,0,33.0
1180,0,32.0,0,31.0
1181,0,32.0,0,31.0
1182,0,33.0,0,32.0
1183,0,34.0,0,33.0
1184,0,34.0,0,33.0
1185,0,23.0,0,22.0
1186,0,21.0,0,20.0
1187,0,21.0,0,20.0
1188,0,21.0,0,20.0
1189,0,21.0,0,20.0
1190,0,21.0,0,20.0
1191,0,21.0,0,20.0
1192,0,21.0,0,20.0
1193,0,21.0,0,20.0
1194,0,34.0,0,33.0
1195,0,37.0,0,36.0
1196,0,66.0,0,65.0
1197,0,45.0,0,44.0
1198,0,37.0,0,36.0
1199,0,37.0,0,36.0
1200,0,37.0,0,36.0
1201,0,36.0,0,35.0
1202,0,40.0,0,39.0
1203,0,35.0,0,34.0
1204,0,34.0,0,33.0
1205,0,33.0,0,32.0
1206,0,33.0,0,32.0
1207,0,33.0,0,32.0
1208,0,30.0,0,29.0
1209,0,16.0,0,15.0
1210,0,4.5,0,3.5
1211,0,4.5,0,3.5
1212,0,4.5,0,3.5
1213,0,4.5,0,3.5
1214,0,4.5,0,3.5
1215,0,4.5,0,3.5
1216,0,4.5,0,3.5
1217,0,4.5,0,3.5
1218,0,23.0,0,22.0
1219,0,40.0,0,39.0
1220,0,40.0,0,39.0
1221,0,40.0,0,39.0
1222,0,40.0,0,39.0
1223,0,40.0,0,39.0
1224,0,40.0,0,39.0
1225,0,40.0,0,39.0
1226,0,37.0,0,36.0
1227,0,37.0,0,36.0
1228,0,36.0,0,35.0
1229,0,35.0,0,34.0
1230,0,34.0,0,33.0
1231,0,32.0,0,31.0
1232,0,28.0,0,27.0
1233,0,10.0,0,9.0
1234,0,3.0,0,2.0
1235,0,3.0,0,2.0
1236,0,3.0,0,2.0
1237,0,3.0,0,2.0
1238,0,3.0,0,2.0
1239,0,3.0,0,2.0
1240,0,3.0,0,2.0
1241,0,3.0,0,2.0
1242,0,21.0,0,20.0
1243,0,37.0,0,36.0
1244,0,37.0,0,36.0
1245,0,37.0,0,36.0
1246,0,37.0,0,36.0
1247,0,37.0,0,36.0
1248,0,37.0,0,36.0
1249,0,37.0,0,36.0
1250,0,37.0,0,36.0
1251,0,37.0,0,36.0
1252,0,36.0,0,35.0
1253,0,36.0,0,35.0
1254,0,35.0,0,34.0
1255,0,37.0,0,36.0
1256,0,37.0,0,36.0
1257,0,35.0,0,34.0
1258,0,31.0,0,30.0
1259,0,31.0,0,30.0
1260,0,31.0,0,30.0
1261,0,31.0,0,30.0
1262,0,31.0,0,30.0
1263,0,31.0,0,30.0
1264,0,31.0,0,30.0
1265,0,33.0,0,32.0
1266,0,38.0,0,37.0
1267,0,42.0,0,41.0
1268,0,51.0,0,50.0
1269,0,58.0,0,57.0
1270,0,42.0,0,41.0
1271,0,42.0,0,41.0
1272,0,42.0,0,41.0
1273,0,42.0,0,41.0
1274,0,39.0,0,38.0
1275,0,36.0,0,35.0
1276,0,35.0,0,34.0
1277,0,35.0,0,34.0
1278,0,35.0,0,34.0
1279,0,35.0,0,34.0
1280,0,35.0,0,34.0
1281,0,35.0,0,34.0
1282,0,30.0,0,29.0
1283,0,30.0,0,29.0
1284,0,30.0,0,29.0
1285,0,30.0,0,29.0
1286,0,30.0,0,29.0
1287,0,30.0,0,29.0
1288,0,30.0,0,29.0
1289,0,30.0,0,29.0
1290,0,41.0,0,40.0
1291,0,41.0,0,40.0
1292,0,44.0,0,43.0
1293,0,46.0,0,45.0
1294,0,41.0,0,40.0
1295,0,41.0,0,40.0
1296,0,41.0,0,40.0
1297,0,41.0,0,40.0
1298,0,38.0,0,37.0
1299,0,36.0,0,35.0
1300,0,36.0,0,35.0
1301,0,35.0,0,34.0
1302,0,35.0,0,34.0
1303,0,36.0,0,35.0
1304,0,36.0,0,35.0
1305,0,35.0,0,34.0
1306,0,24.0,0,23.0
1307,0,24.0,0,23.0
1308,0,24.0,0,23.0
1309,0,24.0,0,23.0
1310,0,24.0,0,23.0
1311,0,24.0,0,23.0
1312,0,24.0,0,23.0
1313,0,29.0,0,28.0
1314,0,37.0,0,36.0
1315,0,41.0,0,40.0
1316,0,41.0,0,40.0
1317,0,44.0,0,43.0
1318,0,41.0,0,40.0
1319,0,41.0,0,40.0
1320,0,41.0,0,40.0
1321,0,41.0,0,40.0
1322,0,38.0,0,37.0
1323,0,37.0,0,36.0
1324,0,36.0,0,35.0
1325,0,36.0,0,35.0
1326,0,36.0,0,35.0
1327,0,36.0,0,35.0
1328,0,36.0,0,35.0
1329,0,30.0,0,29.0
1330,0,3.0,0,2.0
1331,0,3.0,0,2.0
1332,0,3.0,0,2.0
1333,0,3.0,0,2.0
1334,0,3.0,0,2.0
1335,0,3.0,0,2.0
1336,0,3.0,0,2.0
1337,0,12.0,0,11.0
1338,0,31.5,0,30.5
1339,0,38.0,0,37.0
1340,0,38.0,0,37.0
1341,0,38.0,0,37.0
1342,0,38.0,0,37.0
1343,0,38.0,0,37.0
1344,0,38.0,0,37.0
1345,0,35.0,0,34.0
1346,0,36.0,0,35.0
1347,0,36.0,0,35.0
1348,0,35.0,0,34.0
1349,0,34.0,0,33.0
1350,0,35.0,0,34.0
1351,0,36.0,0,35.0
1352,0,36.0,0,35.0
1353,0,34.0,0,33.0
1354,0,30.0,0,29.0
1355,0,30.0,0,29.0
1356,0,30.0,0,29.0
1357,0,30.0,0,29.0
1358,0,30.0,0,29.0
1359,0,30.0,0,29.0
1360,0,30.0,0,29.0
1361,0,30.0,0,29.0
1362,0,40.0,0,39.0
1363,0,40.0,0,39.0
1364,0,50.0,0,49.0
1365,0,41.0,0,40.0
1366,0,40.0,0,39.0
1367,0,40.0,0,39.0
1368,0,40.0,0,39.0
1369,0,40.0,0,39.0
1370,0,36.0,0,35.0
1371,0,35.0,0,34.0
1372,0,34.0,0,33.0
1373,0,34.0,0,33.0
1374,0,34.0,0,33.0
1375,0,36.0,0,35.0
1376,0,37.0,0,36.0
1377,0,33.0,0,32.0
1378,0,33.0,0,32.0
1379,0,33.0,0,32.0
1380,0,33.0,0,32.0
1381,0,33.0,0,32.0
1382,0,33.0,0,32.0
1383,0,33.0,0,32.0
1384,0,35.0,0,34.0
1385,0,39.0,0,38.0
1386,0,44.0,0,43.0
1387,0,45.0,0,44.0
1388,0,97.0,0,96.0
1389,0,51.0,0,50.0
1390,0,44.0,0,43.0
1391,0,44.0,0,43.0
1392,0,43.0,0,42.0
1393,0,39.0,0,38.0
1394,0,36.0,0,35.0
1395,0,33.0,0,32.0
1396,0,32.0,0,31.0
1397,0,31.0,0,30.0
1398,0,31.0,0,30.0
1399,0,33.0,0,32.0
1400,0,34.0,0,33.0
1401,0,31.0,0,30.0
1402,0,31.0,0,30.0
1403,0,31.0,0,30.0
1404,0,31.0,0,30.0
1405,0,31.0,0,30.0
1406,0,31.0,0,30.0
1407,0,31.0,0,30.0
1408,0,31.0,0,30.0
1409,0,35.0,0,34.0
1410,0,39.0,0,38.0
1411,0,39.0,0,38.0
1412,0,81.0,0,80.0
1413,0,43.0,0,42.0
1414,0,39.0,0,38.0
1415,0,39.0,0,38.0
1416,0,39.0,0,38.0
1417,0,38.0,0,37.0
1418,0,35.0,0,34.0
1419,0,33.0,0,32.0
1420,0,32.0,0,31.0
1421,0,32.0,0,31.0
1422,0,33.0,0,32.0
1423,0,34.0,0,33.0
1424,0,34.0,0,33.0
1425,0,31.0,0,30.0
1426,0,24.0,0,23.0
1427,0,24.0,0,23.0
1428,0,24.0,0,23.0
1429,0,24.0,0,23.0
1430,0,24.0,0,23.0
1431,0,24.0,0,23.0
1432,0,24.0,0,23.0
1433,0,28.0,0,27.0
1434,0,38.0,0,37.0
1435,0,38.0,0,37.0
1436,0,42.0,0,41.0
1437,0,38.0,0,37.0
1438,0,38.0,0,37.0
1439,0,38.0,0,37.0
1440,0,38.0,0,37.0
1441,0,36.0,0,35.0
1442,0,35.0,0,34.0
1443,0,34.0,0,33.0
1444,0,33.0,0,32.0
1445,0,33.0,0,32.0
1446,0,33.0,0,32.0
1447,0,35.0,0,34.0
1448,0,36.0,0,35.0
1449,0,28.0,0,27.0
1450,0,28.0,0,27.0
1451,0,28.0,0,27.0
1452,0,28.0,0,27.0
1453,0,28.0,0,27.0
1454,0,28.0,0,27.0
1455,0,28.0,0,27.0
1456,0,28.0,0,27.0
1457,0,28.0,0,27.0
1458,0,38.0,0,37.0
1459,0,38.0,0,37.0
1460,0,41.0,0,40.0
1461,0,39.0,0,38.0
1462,0,38.0,0,37.0
1463,0,38.0,0,37.0
1464,0,38.0,0,37.0
1465,0,36.0,0,35.0
1466,0,35.0,0,34.0
1467,0,34.0,0,33.0
1468,0,34.0,0,33.0
1469,0,33.0,0,32.0
1470,0,33.0,0,32.0
1471,0,33.0,0,32.0
1472,0,34.0,0,33.0
1473,0,31.0,0,30.0
1474,0,20.0,0,19.0
1475,0,20.0,0,19.0
1476,0,20.0,0,19.0
1477,0,20.0,0,19.0
1478,0,20.0,0,19.0
1479,0,20.0,0,19.0
1480,0,20.0,0,19.0
1481,0,20.0,0,19.0
1482,0,34.0,0,33.0
1483,0,35.0,0,34.0
1484,0,35.0,0,34.0
1485,0,35.0,0,34.0
1486,0,35.0,0,34.0
1487,0,35.0,0,34.0
1488,0,35.0,0,34.0
1489,0,35.0,0,34.0
1490,0,34.0,0,33.0
1491,0,34.0,0,33.0
1492,0,33.0,0,32.0
1493,0,33.0,0,32.0
1494,0,33.0,0,32.0
1495,0,34.0,0,33.0
1496,0,34.0,0,33.0
1497,0,26.0,0,25.0
1498,0,15.0,0,14.0
1499,0,15.0,0,14.0
1500,0,15.0,0,14.0
1501,0,15.0,0,14.0
1502,0,15.0,0,14.0
1503,0,15.0,0,14.0
1504,0,15.0,0,14.0
1505,0,15.0,0,14.0
1506,0,27.0,0,26.0
1507,0,34.0,0,33.0
1508,0,34.0,0,33.0
1509,0,34.0,0,33.0
1510,0,34.0,0,33.0
1511,0,34.0,0,33.0
1512,0,34.0,0,33.0
1513,0,34.0,0,33.0
1514,0,33.0,0,32.0
1515,0,33.0,0,32.0
1516,0,33.0,0,32.0
1517,0,33.0,0,32.0
1518,0,33.0,0,32.0
1519,0,33.0,0,32.0
1520,0,33.0,0,32.0
1521,0,31.0,0,30.0
1522,0,15.0,0,14.0
1523,0,15.0,0,14.0
1524,0,15.0,0,14.0
1525,0,15.0,0,14.0
1526,0,15.0,0,14.0
1527,0,15.0,0,14.0
1528,0,15.0,0,14.0
1529,0,24.0,0,23.0
1530,0,34.0,0,33.0
1531,0,41.0,0,40.0
1532,0,59.0,0,58.0
1533,0,57.0,0,56.0
1534,0,41.0,0,40.0
1535,0,41.0,0,40.0
1536,0,41.0,0,40.0
1537,0,41.0,0,40.0
1538,0,34.0,0,33.0
1539,0,33.0,0,32.0
1540,0,33.0,0,32.0
1541,0,33.0,0,32.0
1542,0,33.0,0,32.0
1543,0,34.0,0,33.0
1544,0,34.0,0,33.0
1545,0,31.0,0,30.0
1546,0,15.0,0,14.0
1547,0,15.0,0,14.0
1548,0,15.0,0,14.0
1549,0,15.0,0,14.0
1550,0,15.0,0,14.0
1551,0,15.0,0,14.0
1552,0,15.0,0,14.0
1553,0,20.0,0,19.0
1554,0,34.0,0,33.0
1555,0,36.0,0,35.0
1556,0,42.0,0,41.0
1557,0,39.0,0,38.0
1558,0,36.0,0,35.0
1559,0,36.0,0,35.0
1560,0,36.0,0,35.0
1561,0,36.0,0,35.0
1562,0,35.0,0,34.0
1563,0,35.0,0,34.0
1564,0,35.0,0,34.0
1565,0,35.0,0,34.0
1566,0,35.0,0,34.0
1567,0,35.0,0,34.0
1568,0,35.0,0,34.0
1569,0,33.0,0,32.0
1570,0,13.0,0,12.0
1571,0,13.0,0,12.0
1572,0,13.0,0,12.0
1573,0,13.0,0,12.0
1574,0,13.0,0,12.0
1575,0,13.0,0,12.0
1576,0,13.0,0,12.0
1577,0,19.0,0,18.0
1578,0,35.0,0,34.0
1579,0,35.0,0,34.0
1580,0,42.0,0,41.0
1581,0,35.0,0,34.0
1582,0,35.0,0,34.0
1583,0,35.0,0,34.0
1584,0,35.0,0,34.0
1585,0,35.0,0,34.0
1586,0,35.0,0,34.0
1587,0,33.0,0,32.0
1588,0,32.0,0,31.0
1589,0,32.0,0,31.0
1590,0,32.0,0,31.0
1591,0,33.0,0,32.0
1592,0,34.0,0,33.0
1593,0,28.0,0,27.0
1594,0,0.5,0,-0.5
1595,0,0.5,0,-0.5
1596,0,0.5,0,-0.5
1597,0,0.5,0,-0.5
1598,0,0.5,0,-0.5
1599,0,0.5,0,-0.5
1600,0,0.5,0,-0.5
1601,0,4.5,0,3.5
1602,0,22.0,0,21.0
1603,0,35.0,0,34.0
1604,0,35.0,0,34.0
1605,0,35.0,0,34.0
1606,0,35.0,0,34.0
1607,0,35.0,0,34.0
1608,0,35.0,0,34.0
1609,0,35.0,0,34.0
1610,0,35.0,0,34.0
1611,0,34.0,0,33.0
1612,0,33.0,0,32.0
1613,0,33.0,0,32.0
1614,0,33.0,0,32.0
1615,0,35.0,0,34.0
1616,0,35.0,0,34.0
1617,0,27.5,0,26.5
1618,0,8.5,0,7.5
1619,0,4.0,0,3.0
1620,0,4.0,0,3.0
1621,0,4.0,0,3.0
1622,0,4.0,0,3.0
1623,0,4.0,0,3.0
1624,0,4.0,0,3.0
1625,0,4.0,0,3.0
1626,0,26.5,0,25.5
1627,0,35.0,0,34.0
1628,0,39.0,0,38.0
1629,0,35.0,0,34.0
1630,0,35.0,0,34.0
1631,0,35.0,0,34.0
1632,0,35.0,0,34.0
1633,0,35.0,0,34.0
1634,0,35.0,0,34.0
1635,0,35.0,0,34.0
1636,0,34.0,0,33.0
1637,0,33.0,0,32.0
1638,0,33.0,0,32.0
1639,0,35.0,0,34.0
1640,0,35.0,0,34.0
1641,0,31.0,0,30.0
1642,0,16.0,0,15.0
1643,0,16.0,0,15.0
1644,0,16.0,0,15.0
1645,0,16.0,0,15.0
1646,0,16.0,0,15.0
1647,0,16.0,0,15.0
1648,0,16.0,0,15.0
1649,0,31.0,0,30.0
1650,0,36.0,0,35.0
1651,0,39.0,0,38.0
1652,0,76.0,0,75.0
1653,0,42.0,0,41.0
1654,0,37.0,0,36.0
1655,0,37.0,0,36.0
1656,0,37.0,0,36.0
1657,0,37.0,0,36.0
1658,0,33.0,0,32.0
1659,0,32.0,0,31.0
1660,0,32.0,0,31.0
1661,0,32.0,0,31.0
1662,0,32.0,0,31.0
1663,0,34.0,0,33.0
1664,0,35.0,0,34.0
1665,0,32.0,0,31.0
1666,0,15.0,0,14.0
1667,0,15.0,0,14.0
1668,0,15.0,0,14.0
1669,0,15.0,0,14.0
1670,0,15.0,0,14.0
1671,0,15.0,0,14.0
1672,0,15.0,0,14.0
1673,0,20.0,0,19.0
1674,0,33.0,0,32.0
1675,0,35.0,0,34.0
1676,0,55.0,0,54.0
1677,0,42.0,0,41.0
1678,0,35.0,0,34.0
1679,0,35.0,0,34.0
1680,0,35.0,0,34.0
1681,0,36.0,0,35.0
1682,0,36.0,0,35.0
1683,0,34.0,0,33.0
1684,0,33.0,0,32.0
1685,0,33.0,0,32.0
1686,0,33.0,0,32.0
1687,0,34.0,0,33.0
1688,0,36.0,0,35.0
1689,0,30.0,0,29.0
1690,0,3.0,0,2.0
1691,0,3.0,0,2.0
1692,0,3.0,0,2.0
1693,0,3.0,0,2.0
1694,0,3.0,0,2.0
1695,0,3.0,0,2.0
1696,0,3.0,0,2.0
1697,0,3.0,0,2.0
1698,0,23.0,0,22.0
1699,0,37.0,0,36.0
1700,0,37.0,0,36.0
1701,0,37.0,0,36.0
1702,0,37.0,0,36.0
1703,0,37.0,0,36.0
1704,0,37.0,0,36.0
1705,0,37.0,0,36.0
1706,0,37.0,0,36.0
1707,0,37.0,0,36.0
1708,0,37.0,0,36.0
1709,0,37.0,0,36.0
1710,0,37.0,0,36.0
1711,0,37.0,0,36.0
1712,0,37.0,0,36.0
1713,0,32.0,0,31.0
1714,0,2.0,0,1.0
1715,0,2.0,0,1.0
1716,0,2.0,0,1.0
1717,0,2.0,0,1.0
1718,0,2.0,0,1.0
1719,0,2.0,0,1.0
1720,0,2.0,0,1.0
1721,0,8.5,0,7.5
1722,0,33.0,0,32.0
1723,0,37.0,0,36.0
1724,0,42.0,0,41.0
1725,0,37.0,0,36.0
1726,0,37.0,0,36.0
1727,0,37.0,0,36.0
1728,0,37.0,0,36.0
1729,0,37.0,0,36.0
1730,0,38.0,0,37.0
1731,0,38.0,0,37.0
1732,0,38.0,0,37.0
1733,0,36.0,0,35.0
1734,0,35.0,0,34.0
1735,0,37.0,0,36.0
1736,0,38.0,0,37.0
1737,0,34.0,0,33.0
1738,0,14.0,0,13.0
1739,0,14.0,0,13.0
1740,0,14.0,0,13.0
1741,0,14.0,0,13.0
1742,0,14.0,0,13.0
1743,0,14.0,0,13.0
1744,0,14.0,0,13.0
1745,0,18.5,0,17.5
1746,0,34.0,0,33.0
1747,0,38.0,0,37.0
1748,0,50.0,0,49.0
1749,0,38.0,0,37.0
1750,0,38.0,0,37.0
1751,0,38.0,0,37.0
1752,0,38.0,0,37.0
1753,0,38.0,0,37.0
1754,0,37.0,0,36.0
1755,0,36.0,0,35.0
1756,0,36.0,0,35.0
1757,0,35.0,0,34.0
1758,0,36.0,0,35.0
1759,0,36.0,0,35.0
1760,0,37.0,0,36.0
1761,0,36.0,0,35.0
1762,0,17.5,0,16.5
1763,0,17.5,0,16.5
1764,0,17.5,0,16.5
1765,0,17.5,0,16.5
1766,0,17.5,0,16.5
1767,0,17.5,0,16.5
1768,0,17.5,0,16.5
1769,0,18.5,0,17.5
1770,0,37.0,0,36.0
1771,0,38.0,0,37.0
1772,0,47.0,0,46.0
1773,0,37.0,0,36.0
1774,0,37.0,0,36.0
1775,0,37.0,0,36.0
1776,0,37.0,0,36.0
1777,0,37.0,0,36.0
1778,0,37.0,0,36.0
1779,0,35.0,0,34.0
1780,0,35.0,0,34.0
1781,0,35.0,0,34.0
1782,0,35.0,0,34.0
1783,0,35.0,0,34.0
1784,0,37.0,0,36.0
1785,0,35.0,0,34.0
1786,0,21.5,0,20.5
1787,0,21.5,0,20.5
1788,0,21.5,0,20.5
1789,0,21.5,0,20.5
1790,0,21.0,0,20.0
1791,0,21.5,0,20.5
1792,0,21.5,0,20.5
1793,0,25.5,0,24.5
1794,0,35.0,0,34.0
1795,0,35.0,0,34.0
1796,0,42.0,0,41.0
1797,0,38.0,0,37.0
1798,0,35.0,0,34.0
1799,0,35.0,0,34.0
1800,0,35.0,0,34.0
1801,0,35.0,0,34.0
1802,0,33.0,0,32.0
1803,0,33.0,0,32.0
1804,0,33.0,0,32.0
1805,0,32.0,0,31.0
1806,0,32.0,0,31.0
1807,0,32.0,0,31.0
1808,0,33.0,0,32.0
1809,0,32.0,0,31.0
1810,0,7.5,0,6.5
1811,0,7.5,0,6.5
1812,0,7.5,0,6.5
1813,0,7.5,0,6.5
1814,0,7.5,0,6.5
1815,0,7.5,0,6.5
1816,0,7.5,0,6.5
1817,0,15.0,0,14.0
1818,0,32.0,0,31.0
1819,0,36.0,0,35.0
1820,0,41.0,0,40.0
1821,0,36.0,0,35.0
1822,0,36.0,0,35.0
1823,0,36.0,0,35.0
1824,0,36.0,0,35.0
1825,0,36.0,0,35.0
1826,0,35.0,0,34.0
1827,0,33.0,0,32.0
1828,0,33.0,0,32.0
1829,0,32.0,0,31.0
1830,0,32.0,0,31.0
1831,0,33.0,0,32.0
1832,0,34.0,0,33.0
1833,0,33.0,0,32.0
1834,0,13.5,0,12.5
1835,0,6.5,0,5.5
1836,0,6.5,0,5.5
1837,0,4.5,0,3.5
1838,0,6.5,0,5.5
1839,0,6.5,0,5.5
1840,0,6.5,0,5.5
1841,0,10.0,0,9.0
1842,0,32.0,0,31.0
1843,0,36.0,0,35.0
1844,0,36.0,0,35.0
1845,0,36.0,0,35.0
1846,0,36.0,0,35.0
1847,0,36.0,0,35.0
1848,0,36.0,0,35.0
1849,0,34.0,0,33.0
1850,0,34.0,0,33.0
1851,0,34.0,0,33.0
1852,0,34.0,0,33.0
1853,0,34.0,0,33.0
1854,0,34.0,0,33.0
1855,0,37.0,0,36.0
1856,0,37.0,0,36.0
1857,0,19.0,0,18.0
1858,0,8.0,0,7.0
1859,0,8.0,0,7.0
1860,0,8.0,0,7.0
1861,0,8.0,0,7.0
1862,0,8.0,0,7.0
1863,0,8.0,0,7.0
1864,0,8.0,0,7.0
1865,0,33.0,0,32.0
1866,0,36.0,0,35.0
1867,0,36.0,0,35.0
1868,0,36.0,0,35.0
1869,0,36.0,0,35.0
1870,0,36.0,0,35.0
1871,0,36.0,0,35.0
1872,0,34.0,0,33.0
1873,0,38.0,0,37.0
1874,0,38.0,0,37.0
1875,0,38.0,0,37.0
1876,0,38.0,0,37.0
1877,0,38.0,0,37.0
1878,0,38.0,0,37.0
1879,0,38.0,0,37.0
1880,0,38.0,0,37.0
1881,0,34.0,0,33.0
1882,0,23.0,0,22.0
1883,0,23.0,0,22.0
1884,0,23.0,0,22.0
1885,0,23.0,0,22.0
1886,0,23.0,0,22.0
1887,0,23.0,0,22.0
1888,0,23.0,0,22.0
1889,0,38.0,0,37.0
1890,0,42.0,0,41.0
1891,0,42.0,0,41.0
1892,0,42.0,0,41.0
1893,0,42.0,0,41.0
1894,0,42.0,0,41.0
1895,0,42.0,0,41.0
1896,0,42.0,0,41.0
1897,0,41.0,0,40.0
1898,0,38.0,0,37.0
1899,0,38.0,0,37.0
1900,0,38.0,0,37.0
1901,0,38.0,0,37.0
1902,0,38.0,0,37.0
1903,0,42.0,0,41.0
1904,0,42.0,0,41.0
1905,0,34.0,0,33.0
1906,0,24.0,0,23.0
1907,0,24.0,0,23.0
1908,0,24.0,0,23.0
1909,0,24.0,0,23.0
1910,0,24.0,0,23.0
1911,0,24.0,0,23.0
1912,0,24.0,0,23.0
1913,0,37.0,0,36.0
1914,0,44.0,0,43.0
1915,0,44.0,0,43.0
1916,0,44.0,0,43.0
1917,0,44.0,0,43.0
1918,0,44.0,0,43.0
1919,0,44.0,0,43.0
1920,0,44.0,0,43.0
1921,0,41.0,0,40.0
1922,0,39.0,0,38.0
1923,0,39.0,0,38.0
1924,0,39.0,0,38.0
1925,0,39.0,0,38.0
1926,0,39.0,0,38.0
1927,0,41.0,0,40.0
1928,0,42.0,0,41.0
1929,0,35.0,0,34.0
1930,0,24.0,0,23.0
1931,0,24.0,0,23.0
1932,0,24.0,0,23.0
1933,0,23.0,0,22.0
1934,0,24.0,0,23.0
1935,0,24.0,0,23.0
1936,0,24.0,0,23.0
1937,0,35.0,0,34.0
1938,0,41.0,0,40.0
1939,0,41.0,0,40.0
1940,0,41.0,0,40.0
1941,0,41.0,0,40.0
1942,0,41.0,0,40.0
1943,0,41.0,0,40.0
1944,0,41.0,0,40.0
1945,0,41.0,0,40.0
1946,0,37.0,0,36.0
1947,0,37.0,0,36.0
1948,0,37.0,0,36.0
1949,0,37.0,0,36.0
1950,0,37.0,0,36.0
1951,0,40.0,0,39.0
1952,0,40.0,0,39.0
1953,0,37.0,0,36.0
1954,0,21.0,0,20.0
1955,0,21.0,0,20.0
1956,0,21.0,0,20.0
1957,0,21.0,0,20.0
1958,0,21.0,0,20.0
1959,0,21.0,0,20.0
1960,0,21.0,0,20.0
1961,0,34.0,0,33.0
1962,0,38.0,0,37.0
1963,0,38.0,0,37.0
1964,0,38.0,0,37.0
1965,0,38.0,0,37.0
1966,0,38.0,0,37.0
1967,0,38.0,0,37.0
1968,0,38.0,0,37.0
1969,0,38.0,0,37.0
1970,0,36.0,0,35.0
1971,0,36.0,0,35.0
1972,0,36.0,0,35.0
1973,0,36.0,0,35.0
1974,0,36.0,0,35.0
1975,0,37.0,0,36.0
1976,0,37.0,0,36.0
1977,0,18.0,0,17.0
1978,0,12.0,0,11.0
1979,0,12.0,0,11.0
1980,0,10.0,0,9.0
1981,0,12.0,0,11.0
1982,0,12.0,0,11.0
1983,0,12.0,0,11.0
1984,0,12.0,0,11.0
1985,0,30.0,0,29.0
1986,0,37.0,0,36.0
1987,0,37.0,0,36.0
1988,0,37.0,0,36.0
1989,0,37.0,0,36.0
1990,0,37.0,0,36.0
1991,0,37.0,0,36.0
1992,0,37.0,0,36.0
1993,0,36.0,0,35.0
1994,0,36.0,0,35.0
1995,0,36.0,0,35.0
1996,0,35.0,0,34.0
1997,0,35.0,0,34.0
1998,0,35.0,0,34.0
1999,0,36.0,0,35.0
2000,0,36.0,0,35.0
2001,0,35.0,0,34.0
2002,0,34.0,0,33.0
2003,0,34.0,0,33.0
2004,0,34.0,0,33.0
2005,0,34.0,0,33.0
2006,0,34.0,0,33.0
2007,0,34.0,0,33.0
2008,0,34.0,0,33.0
2009,0,35.0,0,34.0
2010,0,38.0,0,37.0
2011,0,38.0,0,37.0
2012,0,38.0,0,37.0
2013,0,38.0,0,37.0
2014,0,38.0,0,37.0
2015,0,38.0,0,37.0
2016,0,38.0,0,37.0
