Resource,Zone,Num_VRE_Bins,New_Build,Can_Retire,Existing_Cap_MW,Min_Cap_MW,Max_Cap_MW,Inv_Cost_per_MWyr,Fixed_OM_Cost_per_MWyr,Var_OM_Cost_per_MWh,Reg_Max,Rsv_Max,Reg_Cost,Rsv_Cost,region,cluster,Resource_Type,MGA
Arizona_Solar,2,1,1,0,0.0,0,-1,0.0,0.0,0,1,0,0.01,0.01,CAISO,1,Solar,1
BANC_Solar,1,1,0,0,488.2,0,-1,0.0,0.0,0,0,0,0.01,0.01,BANC,1,Solar,0
BANC_Solar_New_Planned,1,1,0,0,4625.0,0,-1,0.0,0.0,0,0,0,0.01,0.01,BANC,1,Solar,0
BANC_Wind,1,1,0,0,429.98,0,-1,0.0,0.0,0,0,0,0.01,0.01,BANC,1,Wind,0
BANC_Wind_New_Planned,1,1,0,0,2734.0,0,-1,0.0,0.0,0,0,0,0.01,0.01,BANC,1,Wind,0
Baja_California_Wind,2,1,1,0,0.0,0,-1,0.0,0.0,0,1,0,0.01,0.01,CAISO,1,Wind,1
CAISO_Solar,2,1,0,0,19037.3,0,-1,0.0,0.0,0,1,0,0.01,0.01,CAISO,1,Solar,0
CAISO_Wind,2,1,0,0,7789.09,0,-1,0.0,0.0,0,1,0,0.01,0.01,CAISO,1,Wind,0
Cape_Mendocino_Offshore_Wind,2,1,1,0,0.0,0,-1,0.0,0.0,0,1,0,0.01,0.01,CAISO,1,Wind,1
Central_Valley_North_Los_Banos_Wind,2,1,1,0,0.0,0,-1,0.0,0.0,0,1,0,0.01,0.01,CAISO,1,Wind,1
Del_Norte_Offshore_Wind,2,1,1,0,0.0,0,-1,0.0,0.0,0,1,0,0.01,0.01,CAISO,1,Wind,1
Distributed_Solar,2,1,1,0,0.0,0,36604.9585813716,156235.53871035,20670.0,0,1,0,0.01,0.01,CAISO,1,Solar,1
Greater_Imperial_Solar,2,1,1,0,0.0,0,-1,0.0,0.0,0,1,0,0.01,0.01,CAISO,1,Solar,1
Greater_Imperial_Wind,2,1,1,0,0.0,0,-1,0.0,0.0,0,1,0,0.01,0.01,CAISO,1,Wind,1
Greater_Kramer_Solar,2,1,1,0,0.0,0,-1,0.0,0.0,0,1,0,0.01,0.01,CAISO,1,Solar,1
Greater_LA_Solar,2,1,1,0,0.0,0,-1,0.0,0.0,0,1,0,0.01,0.01,CAISO,1,Solar,1
Humboldt_Bay_Offshore_Wind,2,1,1,0,0.0,0,-1,0.0,0.0,0,1,0,0.01,0.01,CAISO,1,Wind,1
IID_Solar,4,1,0,0,545.8,0,-1,0.0,0.0,0,0,0,0.01,0.01,IID,1,Solar,0
IID_Solar_New_Planned,4,1,0,0,435.0,0,-1,0.0,0.0,0,0,0,0.01,0.01,IID,1,Solar,0
Idaho_Wind,2,1,1,0,0.0,0,-1,0.0,0.0,0,1,0,0.01,0.01,CAISO,1,Wind,1
LDWP_Solar,5,1,0,0,2462.12,0,-1,0.0,0.0,0,0,0,0.01,0.01,LDWP,1,Solar,0
LDWP_Solar_New_Planned,5,1,0,0,1970.0,0,-1,0.0,0.0,0,0,0,0.01,0.01,LDWP,1,Solar,0
LDWP_Wind,5,1,0,0,423.5,0,-1,0.0,0.0,0,0,0,0.01,0.01,LDWP,1,Wind,0
LDWP_Wind_New_Planned,5,1,0,0,4400.0,0,-1,0.0,0.0,0,0,0,0.01,0.01,LDWP,1,Wind,0
Morro_Bay_Offshore_Wind,2,1,1,0,0.0,0,-1,0.0,0.0,0,1,0,0.01,0.01,CAISO,1,Wind,1
NW_Solar,6,1,0,0,3065.47,0,-1,0.0,0.0,0,0,0,0.01,0.01,NW,1,Solar,0
NW_Solar_New_Planned,6,1,0,0,11132.36,0,-1,0.0,0.0,0,0,0,0.01,0.01,NW,1,Solar,0
NW_Wind,6,1,0,0,8641.64,0,-1,0.0,0.0,0,0,0,0.01,0.01,NW,1,Wind,0
NW_Wind_New_Planned,6,1,0,0,19016.71,0,-1,0.0,0.0,0,0,0,0.01,0.01,NW,1,Wind,0
New_Mexico_Wind,2,1,1,0,0.0,0,-1,0.0,0.0,0,1,0,0.01,0.01,CAISO,1,Wind,1
Northern_California_Solar,2,1,1,0,0.0,0,-1,0.0,0.0,0,1,0,0.01,0.01,CAISO,1,Solar,1
Northern_California_Wind,2,1,1,0,0.0,0,-1,0.0,0.0,0,1,0,0.01,0.01,CAISO,1,Wind,1
Riverside_Solar,2,1,1,0,0.0,0,-1,0.0,0.0,0,1,0,0.01,0.01,CAISO,1,Solar,1
SW_Solar,7,1,0,0,12099.82,0,-1,0.0,0.0,0,0,0,0.01,0.01,SW,1,Solar,0
SW_Solar_New_Planned,7,1,0,0,31911.25,0,-1,0.0,0.0,0,0,0,0.01,0.01,SW,1,Solar,0
SW_Wind,7,1,0,0,910.8,0,-1,0.0,0.0,0,0,0,0.01,0.01,SW,1,Wind,0
SW_Wind_New_Planned,7,1,0,0,5151.75,0,-1,0.0,0.0,0,0,0,0.01,0.01,SW,1,Wind,0
Solano_Wind,2,1,1,0,0.0,0,-1,0.0,0.0,0,1,0,0.01,0.01,CAISO,1,Wind,1
Southern_NV_Eldorado_Solar,2,1,1,0,0.0,0,-1,0.0,0.0,0,1,0,0.01,0.01,CAISO,1,Solar,1
Southern_NV_Eldorado_Wind,2,1,1,0,0.0,0,-1,0.0,0.0,0,1,0,0.01,0.01,CAISO,1,Wind,1
Southern_PGAE_Solar,2,1,1,0,0.0,0,-1,0.0,0.0,0,1,0,0.01,0.01,CAISO,1,Solar,1
Tehachapi_Solar,2,1,1,0,0.0,0,-1,0.0,0.0,0,1,0,0.01,0.01,CAISO,1,Solar,1
Tehachapi_Wind,2,1,1,0,0.0,0,-1,0.0,0.0,0,1,0,0.01,0.01,CAISO,1,Wind,1
Utah_Wind,2,1,1,0,0.0,0,-1,0.0,0.0,0,1,0,0.01,0.01,CAISO,1,Wind,1
Wyoming_Wind,2,1,1,0,0.0,0,-1,0.0,0.0,0,1,0,0.01,0.01,CAISO,1,Wind,1
