Resource,AZ_batteries_1,AZ_hydroelectric_pumped_storage_1,CA_N_batteries_1,CA_N_hydroelectric_pumped_storage_1,CA_S_batteries_1,CA_S_hydroelectric_pumped_storage_1,MT_WY_CO_batteries_1,MT_WY_CO_hydroelectric_pumped_storage_1,NM_batteries_1,PNW_batteries_1,PNW_hydroelectric_pumped_storage_1,UT_NV_batteries_1,AZ_utilityscale_battery_storage_lithium_ion_advanced_0,CA_N_utilityscale_battery_storage_lithium_ion_advanced_0,CA_S_utilityscale_battery_storage_lithium_ion_advanced_0,MT_WY_CO_utilityscale_battery_storage_lithium_ion_advanced_0,NM_utilityscale_battery_storage_lithium_ion_advanced_0,PNW_utilityscale_battery_storage_lithium_ion_advanced_0,UT_NV_utilityscale_battery_storage_lithium_ion_advanced_0,AZ_utilityscale_battery_storage_lithium_ion_advanced_0_8,CA_N_utilityscale_battery_storage_lithium_ion_advanced_0_8,CA_S_utilityscale_battery_storage_lithium_ion_advanced_0_8,MT_WY_CO_utilityscale_battery_storage_lithium_ion_advanced_0_8,NM_utilityscale_battery_storage_lithium_ion_advanced_0_8,PNW_utilityscale_battery_storage_lithium_ion_advanced_0_8,UT_NV_utilityscale_battery_storage_lithium_ion_advanced_0_8,Total
Zone,1,1,2,2,3,3,4,4,5,6,6,7,1,2,3,4,5,6,7,1,2,3,4,5,6,7,0
AnnualSum,8.411647093431382e6,327386.7,690447.0264717333,8.333699317879308e6,4.4190731590062855e6,5.652578530564958e6,316241.15926251333,1.3437204571329548e6,395225.22297234664,69320.92384100852,592656.7913340554,2.076935050473927e6,1.2296964330680111e7,6.594877386356204e6,1.6890634518570516e7,1.3731264258004604e6,1.5222433910563928e6,1074.9822084405496,8.442071059864562e6,0.0,0.0,0.0,0.0,0.0,0.0,0.0,7.974992352690716e7
t1,0.0,0.0,0.0,0.0,0.0,0.0,74.57329493262183,578.5,0.0,0.0,0.0,0.0,0.0,0.0,0.0,1154.081780226189,0.0,0.0,0.0,0.0,0.0,0.0,0.0,0.0,0.0,0.0,1807.1550751588109
t2,0.0,0.0,0.0,0.0,0.0,0.0,226.0,578.5,0.0,0.0,0.0,0.0,0.0,0.0,0.0,0.0,0.0,0.0,0.0,0.0,0.0,0.0,0.0,0.0,0.0,0.0,804.5
t3,0.0,0.0,0.0,0.0,0.0,0.0,0.0,578.5,0.0,0.0,0.0,0.0,0.0,0.0,0.0,0.0,0.0,0.0,0.0,0.0,0.0,0.0,0.0,0.0,0.0,0.0,578.5
t4,0.0,0.0,0.0,0.0,0.0,0.0,0.0,578.5,0.0,0.0,0.0,0.0,0.0,0.0,0.0,277.8630927513393,0.0,0.0,0.0,0.0,0.0,0.0,0.0,0.0,0.0,0.0,856.3630927513393
t5,0.0,0.0,0.0,0.0,0.0,0.0,226.0,578.5,0.0,0.0,0.0,0.0,0.0,0.0,0.0,1154.081780226189,0.0,0.0,0.0,0.0,0.0,0.0,0.0,0.0,0.0,0.0,1958.581780226189
t6,0.0,0.0,0.0,0.0,0.0,0.0,0.0,578.5,66.3605119170931,0.0,0.0,0.0,0.0,0.0,0.0,1154.081780226189,59.71134819063399,0.0,0.0,0.0,0.0,0.0,0.0,0.0,0.0,0.0,1858.6536403339162
t7,0.0,0.0,0.0,0.0,0.0,0.0,226.0,578.5,0.0,0.0,0.0,0.0,0.0,0.0,0.0,964.2119806731826,943.5104450544139,0.0,0.0,0.0,0.0,0.0,0.0,0.0,0.0,0.0,2712.2224257275966
t8,2639.113307143135,97.3,0.0,2246.9,0.0,1665.0,0.0,578.5,196.3,0.0,0.0,132.68771986939532,1382.6573705887822,0.0,0.0,302.78936331942316,747.1461593369477,0.0,0.0,0.0,0.0,0.0,0.0,0.0,0.0,0.0,9988.393920257684
t9,0.0,97.3,177.68280024998114,2246.9,0.0,1665.0,0.0,578.5,196.3,0.0,0.0,1630.3,8319.50769887595,4164.812808875208,9249.050998433124,0.0,743.4378584958481,0.0,0.0,0.0,0.0,0.0,0.0,0.0,0.0,0.0,29068.792164930113
t10,6469.0,97.3,571.1,2246.9,3095.9,1665.0,226.0,578.5,196.3,0.0,0.0,664.6134228948752,3514.0217868848513,4164.812808875208,10671.433434639432,0.0,873.9329876859517,0.0,1171.4801223936659,0.0,0.0,0.0,0.0,0.0,0.0,0.0,36206.29456337398
t11,775.7301052807363,97.3,0.0,2246.9,2821.0327561952026,1665.0,0.0,578.5,196.3,0.0,0.0,1630.3,8322.848537291577,4164.812808875208,7709.378165439727,0.0,725.7842560809938,0.0,5285.913449884007,0.0,0.0,0.0,0.0,0.0,0.0,0.0,36219.800079047454
t12,6469.0,97.3,571.1,2246.9,3095.9,1665.0,0.0,144.6249999987764,0.0,0.0,0.0,0.0,1895.6913140794788,2948.8045337081576,7997.882764406502,0.0,0.0,0.0,4816.477149217355,0.0,0.0,0.0,0.0,0.0,0.0,0.0,31948.680761410273
t13,6469.0,97.3,571.1,2246.9,0.0,1665.0,0.0,0.0,0.0,0.0,0.0,0.0,1386.6150229125146,1179.230207164519,10671.433434639432,0.0,0.0,0.0,0.0,0.0,0.0,0.0,0.0,0.0,0.0,0.0,24286.578664716464
t14,0.0,97.3,0.0,2246.9,3095.9,1665.0,0.0,0.0,0.0,0.0,0.0,0.0,6218.3406380698025,1447.0218143620432,0.0,0.0,0.0,0.0,0.0,0.0,0.0,0.0,0.0,0.0,0.0,0.0,14770.462452431846
t15,0.0,97.3,0.0,2246.9,0.0,1665.0,0.0,0.0,0.0,0.0,0.0,0.0,5069.904491694165,0.0,0.0,0.0,0.0,0.0,0.0,0.0,0.0,0.0,0.0,0.0,0.0,0.0,9079.104491694165
t16,0.0,97.3,0.0,2246.9,0.0,1665.0,0.0,0.0,0.0,0.0,0.0,0.0,0.0,0.0,0.0,0.0,0.0,0.0,0.0,0.0,0.0,0.0,0.0,0.0,0.0,0.0,4009.2000000000003
t17,0.0,0.0,0.0,0.0,0.0,0.0,0.0,0.0,0.0,0.0,0.0,0.0,0.0,0.0,0.0,0.0,0.0,0.0,0.0,0.0,0.0,0.0,0.0,0.0,0.0,0.0,0.0
t18,0.0,0.0,0.0,0.0,0.0,0.0,0.0,0.0,0.0,0.0,0.0,0.0,0.0,0.0,0.0,0.0,0.0,0.0,0.0,0.0,0.0,0.0,0.0,0.0,0.0,0.0,0.0
t19,0.0,0.0,0.0,0.0,0.0,0.0,0.0,0.0,0.0,0.0,0.0,0.0,0.0,0.0,0.0,0.0,0.0,0.0,0.0,0.0,0.0,0.0,0.0,0.0,0.0,0.0,0.0
t20,0.0,0.0,0.0,0.0,0.0,0.0,0.0,0.0,0.0,0.0,0.0,0.0,0.0,0.0,0.0,0.0,0.0,0.0,0.0,0.0,0.0,0.0,0.0,0.0,0.0,0.0,0.0
t21,0.0,0.0,0.0,0.0,0.0,0.0,0.0,0.0,0.0,0.0,0.0,0.0,0.0,0.0,0.0,0.0,0.0,0.0,0.0,0.0,0.0,0.0,0.0,0.0,0.0,0.0,0.0
t22,0.0,0.0,0.0,0.0,0.0,0.0,0.0,0.0,0.0,0.0,0.0,0.0,0.0,0.0,0.0,0.0,0.0,0.0,0.0,0.0,0.0,0.0,0.0,0.0,0.0,0.0,0.0
t23,0.0,0.0,0.0,0.0,0.0,0.0,0.0,0.0,0.0,0.0,0.0,0.0,0.0,0.0,0.0,0.0,0.0,0.0,0.0,0.0,0.0,0.0,0.0,0.0,0.0,0.0,0.0
t24,0.0,0.0,0.0,0.0,0.0,0.0,0.0,0.0,0.0,0.0,0.0,0.0,0.0,0.0,0.0,0.0,0.0,0.0,0.0,0.0,0.0,0.0,0.0,0.0,0.0,0.0,0.0
t25,0.0,0.0,0.0,0.0,0.0,0.0,0.0,578.5,66.3605119170931,0.0,0.0,244.91837347874068,0.0,0.0,0.0,0.0,172.2368881069651,0.0,0.0,0.0,0.0,0.0,0.0,0.0,0.0,0.0,1062.015773502799
t26,0.0,0.0,0.0,0.0,0.0,0.0,0.0,578.5,0.0,0.0,0.0,0.0,0.0,0.0,0.0,720.790409315483,907.8786877553023,0.0,487.91325467403334,0.0,0.0,0.0,0.0,0.0,0.0,0.0,2695.0823517448184
t27,0.0,0.0,0.0,0.0,0.0,0.0,226.0,578.5,196.3,0.0,0.0,835.174290854678,0.0,0.0,0.0,0.0,0.0,0.0,0.0,0.0,0.0,0.0,0.0,0.0,0.0,0.0,1835.974290854678
t28,0.0,0.0,0.0,0.0,0.0,0.0,0.0,578.5,196.3,0.0,0.0,743.992088373215,0.0,0.0,0.0,0.0,0.0,0.0,0.0,0.0,0.0,0.0,0.0,0.0,0.0,0.0,1518.792088373215
t29,0.0,0.0,0.0,0.0,0.0,0.0,226.0,578.5,0.0,0.0,0.0,356.8838891522507,0.0,0.0,0.0,0.0,182.87614381928094,0.0,0.0,0.0,0.0,0.0,0.0,0.0,0.0,0.0,1344.2600329715317
t30,0.0,0.0,0.0,0.0,0.0,0.0,0.0,578.5,0.0,0.0,0.0,0.0,0.0,0.0,0.0,717.3331869476515,0.0,0.0,0.0,0.0,0.0,0.0,0.0,0.0,0.0,0.0,1295.8331869476515
t31,0.0,0.0,0.0,0.0,0.0,0.0,226.0,578.5,196.3,0.0,0.0,0.0,0.0,0.0,0.0,1154.081780226189,943.5104450544139,0.0,81.91908934447656,0.0,0.0,0.0,0.0,0.0,0.0,0.0,3180.31131462508
t32,0.0,0.0,0.0,1739.441952120597,0.0,1665.0,226.0,578.5,196.3,0.0,0.0,1630.3,1395.6267636486602,0.0,0.0,1154.081780226189,943.5104450544139,0.0,1290.8590577908778,0.0,0.0,0.0,0.0,0.0,0.0,0.0,10819.619998840737
t33,3342.989131842185,0.0,177.68280024998114,2246.9,2341.8056933943785,1665.0,74.57329493262192,578.5,0.0,0.0,0.0,246.63250090538668,1592.7705084609042,1856.6810955476167,10582.893942716077,917.7604107754596,943.5104450544139,0.0,2388.302225435108,0.0,0.0,0.0,0.0,0.0,0.0,0.0,28956.00204931413
t34,0.0,0.0,571.1,2246.9,3095.9,1665.0,0.0,578.5,0.0,0.0,0.0,0.0,5200.823887077322,3962.4639009339917,10671.433434639432,343.06220993154045,0.0,0.0,1183.9903760563038,0.0,0.0,0.0,0.0,0.0,0.0,0.0,29519.17380863859
t35,4653.121474599119,0.0,571.1,2246.9,3095.9,1665.0,0.0,339.31441685421345,0.0,0.0,0.0,0.0,0.0,3376.798943278561,10154.327427246872,0.0,0.0,0.0,0.0,0.0,0.0,0.0,0.0,0.0,0.0,0.0,26102.462261978766
t36,3066.931767054381,0.0,0.0,2246.9,3035.860000512257,1665.0,0.0,0.0,0.0,0.0,0.0,0.0,0.0,4164.812808875208,6883.030502920163,0.0,0.0,0.0,0.0,0.0,0.0,0.0,0.0,0.0,0.0,0.0,21062.53507936201
t37,2275.1092751831916,0.0,571.1,2246.9,539.2670622885665,1665.0,0.0,0.0,0.0,0.0,0.0,0.0,0.0,2476.5397059653524,5940.3970372242575,0.0,0.0,0.0,0.0,0.0,0.0,0.0,0.0,0.0,0.0,0.0,15714.313080661366
t38,2958.774095107263,0.0,0.0,2246.9,0.0,1665.0,0.0,0.0,0.0,0.0,0.0,0.0,0.0,2232.198527259614,2067.096452811411,0.0,0.0,0.0,0.0,0.0,0.0,0.0,0.0,0.0,0.0,0.0,11169.969075178287
t39,647.5461054341533,0.0,0.0,2246.9,0.0,1413.6697533459574,0.0,0.0,0.0,0.0,0.0,0.0,0.0,0.0,0.0,0.0,0.0,0.0,0.0,0.0,0.0,0.0,0.0,0.0,0.0,0.0,4308.115858780111
t40,0.0,0.0,0.0,0.0,0.0,0.0,0.0,0.0,0.0,0.0,0.0,0.0,0.0,0.0,0.0,0.0,0.0,0.0,0.0,0.0,0.0,0.0,0.0,0.0,0.0,0.0,0.0
t41,0.0,0.0,0.0,0.0,0.0,0.0,0.0,0.0,0.0,0.0,0.0,0.0,0.0,0.0,0.0,0.0,0.0,0.0,0.0,0.0,0.0,0.0,0.0,0.0,0.0,0.0,0.0
t42,0.0,0.0,0.0,0.0,0.0,0.0,0.0,0.0,0.0,0.0,0.0,0.0,0.0,0.0,0.0,0.0,0.0,0.0,0.0,0.0,0.0,0.0,0.0,0.0,0.0,0.0,0.0
t43,0.0,0.0,0.0,0.0,0.0,0.0,0.0,0.0,0.0,0.0,0.0,0.0,0.0,0.0,0.0,0.0,0.0,0.0,0.0,0.0,0.0,0.0,0.0,0.0,0.0,0.0,0.0
t44,0.0,0.0,0.0,0.0,0.0,0.0,0.0,0.0,0.0,0.0,0.0,0.0,0.0,0.0,0.0,0.0,0.0,0.0,0.0,0.0,0.0,0.0,0.0,0.0,0.0,0.0,0.0
t45,0.0,0.0,0.0,0.0,0.0,0.0,0.0,0.0,0.0,0.0,0.0,0.0,0.0,0.0,0.0,0.0,0.0,0.0,0.0,0.0,0.0,0.0,0.0,0.0,0.0,0.0,0.0
t46,0.0,0.0,0.0,0.0,0.0,0.0,0.0,0.0,0.0,0.0,0.0,0.0,0.0,0.0,0.0,0.0,0.0,0.0,0.0,0.0,0.0,0.0,0.0,0.0,0.0,0.0,0.0
t47,0.0,0.0,0.0,0.0,0.0,0.0,0.0,0.0,0.0,0.0,0.0,0.0,0.0,0.0,0.0,0.0,0.0,0.0,0.0,0.0,0.0,0.0,0.0,0.0,0.0,0.0,0.0
t48,0.0,0.0,0.0,0.0,0.0,0.0,0.0,0.0,0.0,0.0,0.0,0.0,0.0,0.0,0.0,0.0,0.0,0.0,0.0,0.0,0.0,0.0,0.0,0.0,0.0,0.0,0.0
t49,0.0,0.0,0.0,0.0,0.0,0.0,0.0,0.0,0.0,0.0,0.0,0.0,0.0,0.0,0.0,0.0,0.0,0.0,0.0,0.0,0.0,0.0,0.0,0.0,0.0,0.0,0.0
t50,0.0,0.0,0.0,0.0,0.0,0.0,0.0,0.0,0.0,0.0,0.0,0.0,0.0,0.0,0.0,0.0,0.0,0.0,0.0,0.0,0.0,0.0,0.0,0.0,0.0,0.0,0.0
t51,0.0,0.0,0.0,0.0,0.0,0.0,0.0,0.0,0.0,0.0,0.0,0.0,0.0,0.0,0.0,0.0,0.0,0.0,0.0,0.0,0.0,0.0,0.0,0.0,0.0,0.0,0.0
t52,0.0,0.0,0.0,0.0,0.0,0.0,0.0,0.0,0.0,0.0,0.0,0.0,0.0,0.0,0.0,0.0,0.0,0.0,0.0,0.0,0.0,0.0,0.0,0.0,0.0,0.0,0.0
t53,0.0,0.0,0.0,0.0,0.0,0.0,0.0,0.0,0.0,0.0,0.0,0.0,0.0,0.0,0.0,0.0,0.0,0.0,0.0,0.0,0.0,0.0,0.0,0.0,0.0,0.0,0.0
t54,0.0,0.0,0.0,0.0,0.0,0.0,0.0,0.0,0.0,0.0,0.0,0.0,0.0,0.0,0.0,0.0,0.0,0.0,0.0,0.0,0.0,0.0,0.0,0.0,0.0,0.0,0.0
t55,0.0,0.0,0.0,0.0,0.0,0.0,0.0,0.0,0.0,0.0,0.0,0.0,0.0,0.0,0.0,0.0,0.0,0.0,0.0,0.0,0.0,0.0,0.0,0.0,0.0,0.0,0.0
t56,116.4547429735479,97.3,0.0,0.0,1244.2338849330565,0.0,0.0,0.0,0.0,0.0,314.0,0.0,0.0,0.0,0.0,0.0,0.0,0.0,0.0,0.0,0.0,0.0,0.0,0.0,0.0,0.0,1771.9886279066045
t57,0.0,97.3,0.0,1356.5545421456445,0.0,0.0,0.0,0.0,0.0,0.0,0.0,0.0,7350.888821273716,0.0,7334.240724224167,0.0,0.0,0.0,539.5214595105097,0.0,0.0,0.0,0.0,0.0,0.0,0.0,16678.505547154036
t58,6469.0,97.3,0.0,2246.9,3095.9,0.0,0.0,0.0,0.0,0.0,0.0,0.0,1367.8784057131775,1368.4830574427972,4869.998271533315,0.0,0.0,0.0,4650.736227542147,0.0,0.0,0.0,0.0,0.0,0.0,0.0,24166.19596223144
t59,2328.855326561569,97.3,571.1,2246.9,396.92255760493026,0.0,0.0,433.87499999904924,66.3605119170931,0.0,0.0,0.0,8322.848537291577,2664.381490826679,8816.051113719655,0.0,401.4584220725245,0.0,0.0,0.0,0.0,0.0,0.0,0.0,0.0,0.0,26346.052959993078
t60,3680.4571213931804,97.3,513.0261425508884,2246.9,3095.9,0.0,0.0,0.0,196.3,0.0,0.0,0.0,5429.350723721181,3939.6424303134104,5893.887886251208,0.0,491.16618283853177,0.0,2953.9442153732634,0.0,0.0,0.0,0.0,0.0,0.0,0.0,28537.874702441663
t61,6469.0,97.3,235.75665769909273,2246.9,3095.9,0.0,0.0,0.0,0.0,0.0,235.4999999994822,0.0,835.9563862519361,4164.812808875208,3513.3389229772006,0.0,873.5236347023588,0.0,2643.5066375446204,0.0,0.0,0.0,0.0,0.0,0.0,0.0,24411.495048049896
t62,0.0,97.3,571.1,2246.9,0.0,0.0,0.0,0.0,196.3,0.0,0.0,0.0,6754.450168479031,2157.061537192707,4200.930567648778,0.0,861.0923829875233,0.0,2476.380051895323,0.0,0.0,0.0,0.0,0.0,0.0,0.0,19561.514708203365
t63,0.0,97.3,0.0,2246.9,0.0,0.0,0.0,0.0,196.3,0.0,0.0,1630.3,6048.213817666505,1942.6921363176345,3091.7451447623625,0.0,943.5104450544139,0.0,0.0,0.0,0.0,0.0,0.0,0.0,0.0,0.0,16196.961543800917
t64,3758.0762214955735,97.3,0.0,2246.9,1179.8763136572159,0.0,0.0,578.5,196.3,0.0,0.0,0.0,0.0,1832.4215208919088,0.0,0.0,522.7719871894376,0.0,0.0,0.0,0.0,0.0,0.0,0.0,0.0,0.0,10412.146043234136
t65,0.0,0.0,0.0,0.0,0.0,0.0,0.0,0.0,0.0,0.0,0.0,0.0,0.0,0.0,0.0,0.0,0.0,0.0,0.0,0.0,0.0,0.0,0.0,0.0,0.0,0.0,0.0
t66,0.0,0.0,0.0,0.0,0.0,0.0,74.57329493262183,578.5,0.0,64.6,314.0,0.0,0.0,0.0,0.0,376.3369861691035,0.0,1.001440702644639,0.0,0.0,0.0,0.0,0.0,0.0,0.0,0.0,1409.0117218043702
t67,0.0,0.0,0.0,0.0,0.0,0.0,226.0,578.5,0.0,21.657220961652605,314.0,0.0,0.0,0.0,0.0,0.0,0.0,1.001440702644639,0.0,0.0,0.0,0.0,0.0,0.0,0.0,0.0,1141.1586616642971
t68,0.0,0.0,0.0,0.0,0.0,0.0,0.0,578.5,0.0,0.0,314.0,1630.3,0.0,0.0,0.0,1154.081780226189,0.0,0.0,0.0,0.0,0.0,0.0,0.0,0.0,0.0,0.0,3676.881780226189
t69,0.0,0.0,0.0,0.0,0.0,0.0,226.0,578.5,0.0,64.6,314.0,0.0,0.0,0.0,0.0,1154.081780226189,0.0,0.0,2844.914262786284,0.0,0.0,0.0,0.0,0.0,0.0,0.0,5182.096043012472
t70,0.0,0.0,0.0,0.0,0.0,0.0,226.0,578.5,0.0,64.6,314.0,0.0,0.0,0.0,0.0,1154.081780226189,0.0,1.001440702644639,0.0,0.0,0.0,0.0,0.0,0.0,0.0,0.0,2338.1832209288336
t71,0.0,0.0,0.0,0.0,0.0,0.0,0.0,578.5,0.0,0.0,314.0,0.0,0.0,0.0,0.0,1154.081780226189,0.0,0.33909699020443834,4940.490569994634,0.0,0.0,0.0,0.0,0.0,0.0,0.0,6987.411447211027
t72,0.0,0.0,0.0,0.0,0.0,0.0,226.0,578.5,0.0,64.6,314.0,797.3011427642707,0.0,0.0,0.0,14.445670348652843,0.0,1.001440702644639,1884.0190620819048,0.0,0.0,0.0,0.0,0.0,0.0,0.0,3879.867315897473
t73,0.0,0.0,0.0,0.0,0.0,0.0,0.0,0.0,0.0,0.0,0.0,0.0,0.0,0.0,0.0,0.0,0.0,0.0,0.0,0.0,0.0,0.0,0.0,0.0,0.0,0.0,0.0
t74,0.0,0.0,0.0,0.0,0.0,0.0,39.882352785035664,0.0,0.0,0.0,0.0,0.0,0.0,0.0,0.0,0.0,0.0,0.0,0.0,0.0,0.0,0.0,0.0,0.0,0.0,0.0,39.882352785035664
t75,0.0,0.0,0.0,0.0,0.0,0.0,0.0,578.5,0.0,0.0,0.0,0.0,0.0,0.0,0.0,0.0,0.0,0.0,0.0,0.0,0.0,0.0,0.0,0.0,0.0,0.0,578.5
t76,0.0,0.0,0.0,0.0,0.0,0.0,0.0,0.0,0.0,0.0,0.0,0.0,0.0,0.0,0.0,0.0,0.0,0.0,0.0,0.0,0.0,0.0,0.0,0.0,0.0,0.0,0.0
t77,0.0,0.0,0.0,0.0,0.0,0.0,0.0,0.0,0.0,0.0,0.0,0.0,0.0,0.0,0.0,0.0,0.0,0.0,0.0,0.0,0.0,0.0,0.0,0.0,0.0,0.0,0.0
t78,0.0,0.0,0.0,0.0,0.0,0.0,0.0,578.5,0.0,0.0,0.0,0.0,0.0,0.0,0.0,0.0,0.0,0.0,0.0,0.0,0.0,0.0,0.0,0.0,0.0,0.0,578.5
t79,0.0,0.0,0.0,0.0,0.0,0.0,0.0,0.0,196.3,0.0,0.0,0.0,0.0,0.0,0.0,0.0,0.0,0.0,0.0,0.0,0.0,0.0,0.0,0.0,0.0,0.0,196.3
t80,6469.0,97.3,0.0,2246.9,1223.6785039041724,1665.0,0.0,385.66666666634313,196.3,64.6,0.0,0.0,551.0440902504146,0.0,1007.1315755933791,0.0,611.1400886369486,1.001440702644639,3440.2400841287977,0.0,0.0,0.0,0.0,0.0,0.0,0.0,17959.002449882697
t81,2069.187682688018,97.3,571.1,2246.9,3095.9,1665.0,0.0,0.0,196.3,0.0,0.0,1630.3,8322.848537291577,4164.812808875208,9510.817177571667,0.0,56.28996736313616,0.0,5285.913449884007,0.0,0.0,0.0,0.0,0.0,0.0,0.0,38912.66962367361
t82,6469.0,97.3,571.1,2246.9,3095.9,1665.0,0.0,0.0,0.0,64.6,0.0,0.0,2746.626151065443,4164.812808875208,10671.433434639432,0.0,125.3320190153579,1.001440702644639,5285.913449884007,0.0,0.0,0.0,0.0,0.0,0.0,0.0,37204.91930418209
t83,6469.0,97.3,571.1,2246.9,0.0,1665.0,0.0,0.0,0.0,0.0,0.0,1630.3,225.54179795572315,3010.0305907165166,10671.433434639432,0.0,81.92784368663774,1.001440702644639,2625.9595238357765,0.0,0.0,0.0,0.0,0.0,0.0,0.0,29295.494631536727
t84,1345.6557297358515,97.3,0.0,2246.9,3095.9,1665.0,0.0,0.0,0.0,64.6,0.0,0.0,6012.520987176815,2565.025964518203,6696.9624486039165,0.0,0.0,0.33909699020443834,1777.843149534493,0.0,0.0,0.0,0.0,0.0,0.0,0.0,25568.04737655948
t85,0.0,97.3,177.68280024998114,2246.9,0.0,1665.0,0.0,0.0,0.0,64.6,0.0,0.0,7132.071760361219,0.0,7441.1583789711185,0.0,465.6652428724575,0.0,1440.689979688083,0.0,0.0,0.0,0.0,0.0,0.0,0.0,20731.068162142863
t86,0.0,97.3,0.0,2246.9,0.0,1665.0,0.0,578.5,0.0,0.0,0.0,0.0,6856.9652292856545,4164.812808875208,300.24234753926834,0.0,0.0,0.0,1087.5386872878685,0.0,0.0,0.0,0.0,0.0,0.0,0.0,16997.259072988003
t87,0.0,97.3,0.0,2246.9,1597.3542522910307,1665.0,0.0,578.5,196.3,21.657220961652605,0.0,797.3011427642707,4261.9683070102765,0.0,0.0,0.0,0.0,1.001440702644639,238.19518240009023,0.0,0.0,0.0,0.0,0.0,0.0,0.0,11701.477546129965
t88,0.0,97.3,0.0,2246.9,0.0,1665.0,0.0,0.0,0.0,0.0,0.0,0.0,0.0,0.0,0.0,0.0,0.0,0.0,0.0,0.0,0.0,0.0,0.0,0.0,0.0,0.0,4009.2000000000003
t89,0.0,0.0,0.0,0.0,0.0,0.0,0.0,0.0,0.0,0.0,0.0,0.0,0.0,0.0,0.0,0.0,0.0,0.0,0.0,0.0,0.0,0.0,0.0,0.0,0.0,0.0,0.0
t90,0.0,0.0,0.0,0.0,0.0,0.0,226.0,0.0,0.0,0.0,0.0,0.0,0.0,0.0,0.0,0.0,943.5104450544139,0.0,0.0,0.0,0.0,0.0,0.0,0.0,0.0,0.0,1169.510445054414
t91,0.0,0.0,0.0,0.0,0.0,0.0,0.0,578.5,196.3,0.0,0.0,0.0,0.0,0.0,0.0,0.0,0.0,0.0,0.0,0.0,0.0,0.0,0.0,0.0,0.0,0.0,774.8
t92,0.0,0.0,0.0,0.0,0.0,0.0,0.0,0.0,0.0,0.0,0.0,0.0,0.0,0.0,0.0,0.0,0.0,0.0,0.0,0.0,0.0,0.0,0.0,0.0,0.0,0.0,0.0
t93,0.0,0.0,0.0,0.0,0.0,0.0,0.0,0.0,0.0,0.0,0.0,0.0,0.0,0.0,0.0,0.0,0.0,0.0,0.0,0.0,0.0,0.0,0.0,0.0,0.0,0.0,0.0
t94,0.0,0.0,0.0,0.0,0.0,0.0,0.0,578.5,0.0,0.0,0.0,0.0,0.0,0.0,0.0,0.0,943.5104450544139,0.0,0.0,0.0,0.0,0.0,0.0,0.0,0.0,0.0,1522.010445054414
t95,0.0,0.0,0.0,0.0,0.0,0.0,0.0,0.0,0.0,0.0,0.0,0.0,0.0,0.0,0.0,0.0,0.0,0.0,0.0,0.0,0.0,0.0,0.0,0.0,0.0,0.0,0.0
t96,0.0,0.0,0.0,0.0,0.0,0.0,0.0,0.0,0.0,0.0,0.0,0.0,0.0,0.0,0.0,0.0,866.1470031614244,0.0,0.0,0.0,0.0,0.0,0.0,0.0,0.0,0.0,866.1470031614244
t97,0.0,0.0,0.0,0.0,0.0,0.0,226.0,578.5,196.3,21.657220961652605,314.0,1630.3,0.0,0.0,0.0,1154.0817802261888,943.5104450544139,0.33909699020443834,5194.085790860953,0.0,0.0,0.0,0.0,0.0,0.0,0.0,10258.774334093414
t98,0.0,0.0,0.0,0.0,0.0,0.0,226.0,578.5,196.3,0.0,15.506977995383073,0.0,0.0,0.0,0.0,1154.081780226189,943.5104450544139,0.0,4860.628960417937,0.0,0.0,0.0,0.0,0.0,0.0,0.0,7974.5281636939235
t99,0.0,0.0,0.0,0.0,0.0,0.0,74.57329493262186,578.5,196.3,0.0,0.0,0.0,0.0,0.0,0.0,599.4627144419555,914.5800640452078,0.0,4495.152143073364,0.0,0.0,0.0,0.0,0.0,0.0,0.0,6858.568216493149
t100,0.0,0.0,0.0,0.0,0.0,0.0,226.0,578.5,0.0,0.0,0.0,0.0,0.0,0.0,0.0,945.4017223019902,397.2613297595552,0.0,3631.4609245295533,0.0,0.0,0.0,0.0,0.0,0.0,0.0,5778.623976591099
t101,0.0,0.0,0.0,0.0,0.0,0.0,0.0,578.5,0.0,0.0,0.0,0.0,0.0,0.0,0.0,1154.081780226189,205.92849304186757,0.0,1538.6605124608404,0.0,0.0,0.0,0.0,0.0,0.0,0.0,3477.170785728897
t102,0.0,0.0,0.0,0.0,0.0,0.0,226.0,578.5,66.36051191709318,0.0,0.0,0.0,0.0,0.0,0.0,0.0,688.7322778893315,0.0,1765.1001855799523,0.0,0.0,0.0,0.0,0.0,0.0,0.0,3324.692975386377
t103,0.0,0.0,0.0,0.0,0.0,0.0,0.0,578.5,196.3,0.0,0.0,0.0,0.0,0.0,0.0,0.0,0.0,0.0,1042.8678471548892,0.0,0.0,0.0,0.0,0.0,0.0,0.0,1817.6678471548892
t104,0.0,0.0,0.0,0.0,0.0,0.0,0.0,578.5,0.0,0.0,0.0,1529.9460354431812,0.0,0.0,0.0,0.0,0.0,0.0,405.5561226511936,0.0,0.0,0.0,0.0,0.0,0.0,0.0,2514.002158094375
t105,6469.0,0.0,0.0,0.0,3095.9,0.0,0.0,456.984891335546,0.0,64.6,0.0,897.6551073210894,742.9509092326565,0.0,4481.035987215484,0.0,0.0,1.001440702644639,0.0,0.0,0.0,0.0,0.0,0.0,0.0,0.0,16209.128335807422
t106,6469.0,0.0,177.68280024998114,2246.9,3095.9,0.0,0.0,0.0,0.0,64.6,0.0,0.0,1325.5144863979008,4164.812808875208,8866.232589234503,0.0,0.0,1.001440702644639,0.0,0.0,0.0,0.0,0.0,0.0,0.0,0.0,26411.644125460236
t107,5510.861042744131,0.0,571.1,2246.9,3095.9,557.1806751535412,0.0,0.0,0.0,64.6,0.0,0.0,1197.9402689435806,4164.812808875208,10671.433434639432,0.0,0.0,1.001440702644639,0.0,0.0,0.0,0.0,0.0,0.0,0.0,0.0,28081.729671058536
t108,0.0,0.0,571.1,2246.9,2821.0327561952026,0.0,0.0,0.0,0.0,0.0,0.0,0.0,4023.7993892166523,3734.4156334569325,8237.471383050375,0.0,0.0,0.0,0.0,0.0,0.0,0.0,0.0,0.0,0.0,0.0,21634.719161919165
t109,2160.955888913452,0.0,0.0,2246.9,0.0,0.0,0.0,0.0,0.0,0.0,0.0,0.0,0.0,1993.5313167021473,7145.973153467086,0.0,0.0,0.0,0.0,0.0,0.0,0.0,0.0,0.0,0.0,0.0,13547.360359082686
t110,2212.026480766289,0.0,0.0,2246.9,0.0,0.0,0.0,0.0,0.0,0.0,0.0,0.0,0.0,1865.5071804419738,3911.303716304016,0.0,0.0,0.0,0.0,0.0,0.0,0.0,0.0,0.0,0.0,0.0,10235.73737751228
t111,0.0,0.0,571.1,2246.9,0.0,0.0,0.0,0.0,0.0,0.0,0.0,0.0,0.0,2146.415233508874,2985.728533647316,0.0,0.0,0.0,0.0,0.0,0.0,0.0,0.0,0.0,0.0,0.0,7950.14376715619
t112,0.0,0.0,0.0,0.0,0.0,0.0,0.0,0.0,0.0,0.0,0.0,0.0,0.0,0.0,0.0,0.0,0.0,0.0,0.0,0.0,0.0,0.0,0.0,0.0,0.0,0.0,0.0
t113,0.0,0.0,0.0,0.0,0.0,0.0,0.0,0.0,0.0,0.0,0.0,0.0,0.0,0.0,0.0,0.0,0.0,0.0,0.0,0.0,0.0,0.0,0.0,0.0,0.0,0.0,0.0
t114,0.0,0.0,0.0,0.0,0.0,0.0,0.0,0.0,0.0,0.0,314.0,0.0,0.0,0.0,0.0,0.0,0.0,0.0,0.0,0.0,0.0,0.0,0.0,0.0,0.0,0.0,314.0
t115,0.0,0.0,0.0,0.0,0.0,0.0,0.0,0.0,0.0,0.0,314.0,0.0,0.0,0.0,0.0,0.0,0.0,0.0,0.0,0.0,0.0,0.0,0.0,0.0,0.0,0.0,314.0
t116,0.0,0.0,0.0,0.0,0.0,0.0,0.0,0.0,148.2626728035725,0.0,314.0,0.0,0.0,0.0,0.0,0.0,0.0,0.0,0.0,0.0,0.0,0.0,0.0,0.0,0.0,0.0,462.2626728035725
t117,0.0,0.0,0.0,0.0,0.0,0.0,0.0,0.0,0.0,64.6,314.0,0.0,0.0,0.0,0.0,0.0,0.0,1.001440702644639,0.0,0.0,0.0,0.0,0.0,0.0,0.0,0.0,379.60144070264465
t118,0.0,0.0,0.0,0.0,0.0,0.0,0.0,0.0,82.67850353139437,64.6,314.0,0.0,0.0,0.0,0.0,0.0,392.1617152363489,1.001440702644639,0.0,0.0,0.0,0.0,0.0,0.0,0.0,0.0,854.441659470388
t119,0.0,0.0,0.0,0.0,0.0,0.0,0.0,0.0,0.0,64.6,314.0,0.0,0.0,0.0,0.0,0.0,0.0,1.001440702644639,0.0,0.0,0.0,0.0,0.0,0.0,0.0,0.0,379.60144070264465
t120,0.0,0.0,0.0,0.0,0.0,0.0,0.0,430.52018802413335,0.0,64.6,314.0,0.0,0.0,0.0,0.0,0.0,0.0,1.001440702644639,0.0,0.0,0.0,0.0,0.0,0.0,0.0,0.0,810.121628726778
t121,0.0,0.0,0.0,0.0,0.0,0.0,0.0,578.5,0.0,0.0,0.0,0.0,0.0,0.0,0.0,0.0,386.5035488622879,0.0,0.0,0.0,0.0,0.0,0.0,0.0,0.0,0.0,965.003548862288
t122,0.0,0.0,0.0,0.0,0.0,0.0,0.0,0.0,0.0,0.0,0.0,0.0,0.0,0.0,0.0,0.0,438.8955554248518,0.0,0.0,0.0,0.0,0.0,0.0,0.0,0.0,0.0,438.8955554248518
t123,0.0,0.0,0.0,0.0,0.0,0.0,0.0,578.5,196.3,0.0,0.0,0.0,0.0,0.0,0.0,0.0,0.0,0.0,0.0,0.0,0.0,0.0,0.0,0.0,0.0,0.0,774.8
t124,0.0,0.0,0.0,0.0,0.0,0.0,0.0,144.6249999987774,0.0,0.0,0.0,0.0,0.0,0.0,0.0,0.0,280.1648123910022,0.0,0.0,0.0,0.0,0.0,0.0,0.0,0.0,0.0,424.7898123897796
t125,0.0,0.0,0.0,0.0,0.0,0.0,0.0,578.5,196.3,0.0,0.0,0.0,0.0,0.0,0.0,0.0,943.5104450544139,0.0,0.0,0.0,0.0,0.0,0.0,0.0,0.0,0.0,1718.3104450544138
t126,0.0,0.0,0.0,0.0,0.0,0.0,0.0,578.5,0.0,0.0,0.0,0.0,0.0,0.0,0.0,0.0,943.5104450544139,0.0,0.0,0.0,0.0,0.0,0.0,0.0,0.0,0.0,1522.010445054414
t127,0.0,0.0,0.0,0.0,0.0,0.0,226.0,578.5,196.3,0.0,0.0,0.0,0.0,0.0,0.0,35.15527542481538,373.05710484611234,0.0,0.0,0.0,0.0,0.0,0.0,0.0,0.0,0.0,1409.0123802709277
t128,0.0,97.3,0.0,0.0,0.0,1248.7499999972715,74.57329493262183,578.5,66.36051191709318,0.0,0.0,0.0,0.0,0.0,0.0,974.406826587845,53.631099990002895,0.0,0.0,0.0,0.0,0.0,0.0,0.0,0.0,0.0,3093.5217334248346
t129,1565.652345584569,97.3,177.68280024998114,2246.9,3095.9,1665.0,226.0,578.5,0.0,22.451885387868014,314.0,797.3011427642705,8322.848537291577,943.7578299966717,7250.18622725753,1154.081780226189,27.801718775406105,0.3390969902044381,5285.913449884007,0.0,0.0,0.0,0.0,0.0,0.0,0.0,33771.61681440826
t130,6469.0,97.3,571.1,2246.9,3095.9,1665.0,226.0,578.5,0.0,64.6,314.0,1630.3,7511.1402617358945,4164.812808875208,10671.433434639432,1154.081780226189,0.0,1.001440702644639,5285.913449884007,0.0,0.0,0.0,0.0,0.0,0.0,0.0,45746.983176063375
t131,2445.293887247852,97.3,571.1,2246.9,3095.9,1665.0,0.0,578.5,0.0,64.6,314.0,1630.3,6924.356992495646,3754.6654752345253,10671.433434639432,1154.081780226189,0.0,1.001440702644639,5285.913449884007,0.0,0.0,0.0,0.0,0.0,0.0,0.0,40500.34646043029
t132,6469.0,97.3,571.1,2246.9,2821.0327561952026,1665.0,226.0,578.5,0.0,64.6,314.0,0.0,1732.8429263331764,4164.812808875208,10671.433434639432,535.3023347312848,0.0,1.001440702644639,3322.33792741164,0.0,0.0,0.0,0.0,0.0,0.0,0.0,35481.163628888586
t133,0.0,97.3,0.0,2246.9,0.0,1665.0,0.0,578.5,196.3,63.805335573784596,314.0,0.0,6205.088006767899,4055.04726209226,7034.692266382392,0.0,646.4483244462986,1.001440702644639,0.0,0.0,0.0,0.0,0.0,0.0,0.0,0.0,23104.082635965275
t134,0.0,97.3,0.0,2246.9,0.0,1665.0,0.0,0.0,0.0,0.0,314.0,0.0,5413.310135772927,986.3987967864705,0.0,0.0,0.0,0.0,3753.4342096650266,0.0,0.0,0.0,0.0,0.0,0.0,0.0,14476.343142224427
t135,5872.897179591451,97.3,0.0,2246.9,0.0,1665.0,0.0,0.0,0.0,0.0,60.446487923748265,0.0,0.0,0.0,0.0,0.0,0.0,0.0,0.0,0.0,0.0,0.0,0.0,0.0,0.0,0.0,9942.5436675152
t136,0.0,97.3,0.0,2246.9,0.0,1665.0,0.0,0.0,0.0,0.0,0.0,0.0,0.0,0.0,0.0,0.0,0.0,0.0,0.0,0.0,0.0,0.0,0.0,0.0,0.0,0.0,4009.2000000000003
t137,0.0,0.0,0.0,0.0,0.0,0.0,0.0,0.0,0.0,0.0,0.0,0.0,0.0,0.0,0.0,0.0,0.0,0.0,0.0,0.0,0.0,0.0,0.0,0.0,0.0,0.0,0.0
t138,0.0,0.0,0.0,0.0,0.0,0.0,0.0,0.0,0.0,0.0,0.0,0.0,0.0,0.0,0.0,0.0,0.0,0.0,0.0,0.0,0.0,0.0,0.0,0.0,0.0,0.0,0.0
t139,0.0,0.0,0.0,0.0,0.0,0.0,0.0,0.0,0.0,0.0,0.0,0.0,0.0,0.0,0.0,0.0,0.0,0.0,0.0,0.0,0.0,0.0,0.0,0.0,0.0,0.0,0.0
t140,0.0,0.0,0.0,0.0,0.0,0.0,0.0,0.0,0.0,0.0,0.0,0.0,0.0,0.0,0.0,0.0,0.0,0.0,0.0,0.0,0.0,0.0,0.0,0.0,0.0,0.0,0.0
t141,0.0,0.0,0.0,0.0,0.0,0.0,0.0,0.0,0.0,0.0,0.0,0.0,0.0,0.0,0.0,0.0,0.0,0.0,0.0,0.0,0.0,0.0,0.0,0.0,0.0,0.0,0.0
t142,0.0,0.0,0.0,0.0,0.0,0.0,0.0,0.0,0.0,0.0,0.0,0.0,0.0,0.0,0.0,0.0,0.0,0.0,0.0,0.0,0.0,0.0,0.0,0.0,0.0,0.0,0.0
t143,0.0,0.0,0.0,0.0,0.0,0.0,0.0,0.0,0.0,0.0,0.0,0.0,0.0,0.0,0.0,0.0,0.0,0.0,0.0,0.0,0.0,0.0,0.0,0.0,0.0,0.0,0.0
t144,0.0,0.0,0.0,0.0,0.0,0.0,0.0,0.0,0.0,0.0,0.0,0.0,0.0,0.0,0.0,0.0,0.0,0.0,0.0,0.0,0.0,0.0,0.0,0.0,0.0,0.0,0.0
t145,0.0,0.0,0.0,0.0,0.0,0.0,0.0,0.0,0.0,0.0,0.0,0.0,0.0,0.0,0.0,0.0,0.0,0.0,0.0,0.0,0.0,0.0,0.0,0.0,0.0,0.0,0.0
t146,0.0,0.0,0.0,0.0,0.0,0.0,0.0,0.0,0.0,0.0,0.0,0.0,0.0,0.0,0.0,0.0,0.0,0.0,0.0,0.0,0.0,0.0,0.0,0.0,0.0,0.0,0.0
t147,0.0,0.0,0.0,0.0,0.0,0.0,0.0,0.0,0.0,0.0,0.0,0.0,0.0,0.0,0.0,0.0,0.0,0.0,0.0,0.0,0.0,0.0,0.0,0.0,0.0,0.0,0.0
t148,0.0,0.0,0.0,0.0,0.0,0.0,0.0,0.0,0.0,0.0,0.0,0.0,0.0,0.0,0.0,0.0,0.0,0.0,0.0,0.0,0.0,0.0,0.0,0.0,0.0,0.0,0.0
t149,0.0,0.0,0.0,0.0,0.0,0.0,0.0,0.0,0.0,0.0,0.0,0.0,0.0,0.0,0.0,0.0,0.0,0.0,0.0,0.0,0.0,0.0,0.0,0.0,0.0,0.0,0.0
t150,0.0,0.0,0.0,0.0,0.0,0.0,0.0,0.0,0.0,0.0,0.0,0.0,0.0,0.0,0.0,0.0,0.0,0.0,0.0,0.0,0.0,0.0,0.0,0.0,0.0,0.0,0.0
t151,0.0,97.3,0.0,2246.9,0.0,1665.0,0.0,578.5,0.0,0.0,314.0,0.0,0.0,0.0,0.0,0.0,0.0,0.0,0.0,0.0,0.0,0.0,0.0,0.0,0.0,0.0,4901.700000000001
t152,3238.4691643595293,97.3,571.1,2246.9,0.0,1665.0,226.0,578.5,196.3,64.6,314.0,1630.3,0.0,378.16852862310037,0.0,390.7826565177561,0.0,0.339096990204438,697.9568279936592,0.0,0.0,0.0,0.0,0.0,0.0,0.0,12295.71627448425
t153,0.0,97.3,0.0,2246.9,3095.9,1665.0,226.0,578.5,196.3,64.6,314.0,0.0,6933.296974231579,0.0,6544.212527515663,1154.081780226189,0.0,0.0,2979.266962712081,0.0,0.0,0.0,0.0,0.0,0.0,0.0,26095.35824468551
t154,6469.0,97.3,0.0,2246.9,3095.9,1665.0,226.0,578.5,0.0,64.6,314.0,0.0,2454.795349646183,1888.3873503325713,10665.122295739395,1154.081780226189,943.5104450544139,1.001440702644639,1236.4656345337344,0.0,0.0,0.0,0.0,0.0,0.0,0.0,33100.56429623513
t155,5243.509512648466,97.3,177.68280024998114,2246.9,2821.0327561952026,1665.0,0.0,578.5,196.3,0.0,314.0,1630.3,5453.106527890465,3363.834503631612,6828.116071510118,0.0,120.05744528240633,1.001440702644639,5285.913449884007,0.0,0.0,0.0,0.0,0.0,0.0,0.0,36022.5545079949
t156,6469.0,97.3,571.1,2246.9,0.0,1665.0,226.0,578.5,0.0,64.6,314.0,0.0,3070.4860580426916,3897.6895528208443,10671.433434639432,0.0,943.5104450544139,0.0,4727.166602806603,0.0,0.0,0.0,0.0,0.0,0.0,0.0,35542.686093363984
t157,0.0,97.3,0.0,2246.9,3095.9,1665.0,0.0,578.5,196.3,0.0,314.0,0.0,7236.889850362782,4164.812808875208,4614.345171723677,0.0,943.5104450544139,0.0,5285.913449884007,0.0,0.0,0.0,0.0,0.0,0.0,0.0,30439.371725900088
t158,0.0,97.3,0.0,2246.9,0.0,1665.0,0.0,578.5,0.0,0.0,314.0,0.0,7151.150473501997,4164.812808875208,4999.030750824817,1154.081780226189,858.8165059526077,1.001440702644639,2720.829558914595,0.0,0.0,0.0,0.0,0.0,0.0,0.0,25951.42331899806
t159,0.0,97.3,0.0,2246.9,0.0,1665.0,74.57329493262192,578.5,66.36051191709318,0.0,314.0,0.0,3809.8616267214234,0.0,1976.918545605115,0.0,0.0,0.0,0.0,0.0,0.0,0.0,0.0,0.0,0.0,0.0,10829.413979176254
t160,2843.6182491004174,97.3,571.1,2246.9,0.0,1665.0,0.0,578.5,0.0,21.657220961652605,314.0,797.3011427642707,0.0,211.7894287018025,0.0,1154.081780226189,284.11776844653406,1.001440702644639,0.0,0.0,0.0,0.0,0.0,0.0,0.0,0.0,10786.367030903511
t161,0.0,97.3,0.0,2246.9,0.0,1665.0,0.0,578.5,0.0,0.0,314.0,0.0,0.0,0.0,0.0,0.0,0.0,0.0,0.0,0.0,0.0,0.0,0.0,0.0,0.0,0.0,4901.700000000001
t162,0.0,0.0,0.0,2246.9,0.0,0.0,0.0,0.0,0.0,0.0,0.0,0.0,0.0,0.0,0.0,0.0,0.0,0.0,0.0,0.0,0.0,0.0,0.0,0.0,0.0,0.0,2246.9
t163,0.0,0.0,0.0,0.0,0.0,0.0,0.0,0.0,0.0,0.0,0.0,0.0,0.0,0.0,0.0,0.0,0.0,0.0,0.0,0.0,0.0,0.0,0.0,0.0,0.0,0.0,0.0
t164,0.0,0.0,0.0,0.0,0.0,0.0,0.0,0.0,57.93200482190491,0.0,0.0,0.0,0.0,0.0,0.0,0.0,89.01245270774936,0.0,0.0,0.0,0.0,0.0,0.0,0.0,0.0,0.0,146.94445752965427
t165,0.0,0.0,0.0,0.0,0.0,0.0,0.0,0.0,196.3,0.0,0.0,0.0,0.0,0.0,0.0,0.0,434.8466162576858,0.0,0.0,0.0,0.0,0.0,0.0,0.0,0.0,0.0,631.1466162576858
t166,0.0,0.0,0.0,0.0,0.0,0.0,0.0,0.0,196.3,0.0,0.0,0.0,0.0,0.0,0.0,0.0,406.877374800333,0.0,0.0,0.0,0.0,0.0,0.0,0.0,0.0,0.0,603.1773748003329
t167,0.0,0.0,0.0,0.0,0.0,0.0,0.0,0.0,11.350347848028855,0.0,0.0,0.0,0.0,0.0,0.0,0.0,0.0,0.0,0.0,0.0,0.0,0.0,0.0,0.0,0.0,0.0,11.350347848028855
t168,0.0,0.0,0.0,0.0,0.0,0.0,0.0,0.0,0.0,0.0,0.0,0.0,0.0,0.0,0.0,0.0,0.0,0.0,0.0,0.0,0.0,0.0,0.0,0.0,0.0,0.0,0.0
t169,0.0,0.0,0.0,0.0,0.0,0.0,0.0,0.0,0.0,0.0,0.0,0.0,0.0,0.0,0.0,0.0,0.0,0.0,0.0,0.0,0.0,0.0,0.0,0.0,0.0,0.0,0.0
t170,0.0,0.0,0.0,0.0,0.0,0.0,0.0,0.0,0.0,0.0,0.0,0.0,0.0,0.0,0.0,0.0,0.0,0.0,0.0,0.0,0.0,0.0,0.0,0.0,0.0,0.0,0.0
t171,0.0,0.0,0.0,0.0,0.0,0.0,0.0,0.0,0.0,0.0,0.0,0.0,0.0,0.0,0.0,0.0,0.0,0.0,0.0,0.0,0.0,0.0,0.0,0.0,0.0,0.0,0.0
t172,0.0,0.0,0.0,0.0,0.0,0.0,0.0,0.0,0.0,0.0,0.0,0.0,0.0,0.0,0.0,0.0,0.0,0.0,0.0,0.0,0.0,0.0,0.0,0.0,0.0,0.0,0.0
t173,0.0,0.0,0.0,0.0,0.0,0.0,0.0,0.0,0.0,0.0,0.0,0.0,0.0,0.0,0.0,0.0,0.0,0.0,0.0,0.0,0.0,0.0,0.0,0.0,0.0,0.0,0.0
t174,0.0,0.0,0.0,0.0,0.0,0.0,0.0,0.0,0.0,0.0,0.0,0.0,0.0,0.0,0.0,0.0,0.0,0.0,0.0,0.0,0.0,0.0,0.0,0.0,0.0,0.0,0.0
t175,370.4808878406022,0.0,0.0,2246.9,0.0,1665.0,0.0,0.0,0.0,0.0,0.0,0.0,571.4330330088245,0.0,0.0,0.0,0.0,0.0,0.0,0.0,0.0,0.0,0.0,0.0,0.0,0.0,4853.813920849426
t176,1819.5960459603223,0.0,177.68280024998114,2246.9,3095.9,1665.0,0.0,0.0,0.0,0.0,0.0,1630.3,3264.78187631407,1410.243746359513,2633.552158091954,0.0,0.0,0.0,0.0,0.0,0.0,0.0,0.0,0.0,0.0,0.0,17943.956626975836
t177,2399.1872583909244,0.0,0.0,2246.9,314.2879557661854,1665.0,0.0,0.0,0.0,0.0,0.0,0.0,3149.4243426105772,4164.812808875208,6413.57107420259,0.0,0.0,0.0,1375.056628156935,0.0,0.0,0.0,0.0,0.0,0.0,0.0,21728.24006800242
t178,3910.4444772361567,0.0,571.1,2246.9,0.0,1665.0,0.0,0.0,0.0,0.0,0.0,0.0,3362.242616704236,4164.812808875208,8553.919089563755,0.0,0.0,0.0,0.0,0.0,0.0,0.0,0.0,0.0,0.0,0.0,24474.418992379356
t179,3071.840976352441,0.0,0.0,2246.9,0.0,1665.0,0.0,0.0,0.0,0.0,0.0,0.0,1712.2966105441258,4164.812808875208,2535.256421845363,0.0,0.0,0.0,0.0,0.0,0.0,0.0,0.0,0.0,0.0,0.0,15396.10681761714
t180,3478.422902809199,0.0,571.1,2246.9,3095.9,1665.0,0.0,0.0,0.0,0.0,0.0,0.0,1508.9304461747558,0.0,6303.923102275188,0.0,0.0,0.0,269.45066772867335,0.0,0.0,0.0,0.0,0.0,0.0,0.0,19139.627118987817
t181,2989.899231567725,0.0,0.0,2246.9,0.0,1665.0,0.0,0.0,0.0,0.0,0.0,1630.3,754.0581406520321,0.0,8886.172002024146,0.0,0.0,0.0,0.0,0.0,0.0,0.0,0.0,0.0,0.0,0.0,18172.329374243905
t182,2518.554719257805,0.0,571.1,2246.9,0.0,1665.0,0.0,0.0,0.0,0.0,0.0,0.0,1372.8414672340211,0.0,4659.449778746301,0.0,0.0,0.0,5285.913449884007,0.0,0.0,0.0,0.0,0.0,0.0,0.0,18319.759415122135
t183,1578.7657381748447,0.0,0.0,2246.9,3095.9,1665.0,0.0,0.0,0.0,0.0,0.0,0.0,132.08556812478324,0.0,4460.531168341103,0.0,0.0,0.0,3857.9171993322207,0.0,0.0,0.0,0.0,0.0,0.0,0.0,17037.09967397295
t184,684.651174833852,0.0,0.0,2246.9,0.0,1665.0,0.0,0.0,0.0,0.0,0.0,0.0,1116.2137136634722,4164.812808875208,1852.8040024678148,0.0,0.0,0.0,5039.786207105872,0.0,0.0,0.0,0.0,0.0,0.0,0.0,16770.16790694622
t185,0.0,0.0,0.0,2246.9,2506.7448004290177,1665.0,0.0,0.0,0.0,0.0,0.0,0.0,1096.2189033776767,0.0,0.0,0.0,0.0,0.0,0.0,0.0,0.0,0.0,0.0,0.0,0.0,0.0,7514.8637038066945
t186,0.0,0.0,0.0,2246.9,0.0,1665.0,0.0,0.0,0.0,0.0,0.0,797.3011427642707,0.0,0.0,0.0,0.0,0.0,0.0,0.0,0.0,0.0,0.0,0.0,0.0,0.0,0.0,4709.201142764271
t187,0.0,0.0,0.0,0.0,0.0,0.0,226.0,0.0,196.3,0.0,0.0,0.0,0.0,0.0,0.0,0.0,19.005988178506367,0.0,0.0,0.0,0.0,0.0,0.0,0.0,0.0,0.0,441.30598817850637
t188,0.0,0.0,0.0,0.0,0.0,0.0,226.0,0.0,196.3,0.0,0.0,0.0,0.0,0.0,0.0,318.123913241028,434.9933375568047,0.0,0.0,0.0,0.0,0.0,0.0,0.0,0.0,0.0,1175.4172507978328
t189,0.0,0.0,0.0,0.0,0.0,0.0,0.0,0.0,9.373184650354233,0.0,0.0,0.0,0.0,0.0,0.0,0.0,0.0,0.0,0.0,0.0,0.0,0.0,0.0,0.0,0.0,0.0,9.373184650354233
t190,0.0,0.0,0.0,0.0,0.0,0.0,0.0,0.0,56.98732726673888,0.0,0.0,0.0,0.0,0.0,0.0,0.0,461.4998899696244,0.0,0.0,0.0,0.0,0.0,0.0,0.0,0.0,0.0,518.4872172363633
t191,0.0,0.0,0.0,0.0,0.0,0.0,0.0,0.0,196.3,0.0,0.0,0.0,0.0,0.0,0.0,0.0,825.4668210101744,0.0,0.0,0.0,0.0,0.0,0.0,0.0,0.0,0.0,1021.7668210101745
t192,0.0,0.0,0.0,0.0,0.0,0.0,0.0,0.0,196.3,0.0,0.0,0.0,0.0,0.0,0.0,0.0,0.0,0.0,0.0,0.0,0.0,0.0,0.0,0.0,0.0,0.0,196.3
t193,0.0,0.0,0.0,0.0,0.0,0.0,0.0,0.0,0.0,0.0,0.0,0.0,0.0,0.0,0.0,0.0,0.0,0.0,0.0,0.0,0.0,0.0,0.0,0.0,0.0,0.0,0.0
t194,0.0,0.0,0.0,0.0,0.0,0.0,0.0,0.0,0.0,0.0,0.0,0.0,0.0,0.0,0.0,0.0,0.0,0.0,0.0,0.0,0.0,0.0,0.0,0.0,0.0,0.0,0.0
t195,0.0,0.0,0.0,0.0,0.0,0.0,0.0,0.0,0.0,0.0,0.0,0.0,0.0,0.0,0.0,0.0,0.0,0.0,0.0,0.0,0.0,0.0,0.0,0.0,0.0,0.0,0.0
t196,0.0,0.0,0.0,0.0,0.0,0.0,0.0,0.0,0.0,0.0,0.0,0.0,0.0,0.0,0.0,0.0,0.0,0.0,0.0,0.0,0.0,0.0,0.0,0.0,0.0,0.0,0.0
t197,0.0,0.0,0.0,0.0,0.0,0.0,0.0,0.0,0.0,0.0,0.0,0.0,0.0,0.0,0.0,0.0,0.0,0.0,0.0,0.0,0.0,0.0,0.0,0.0,0.0,0.0,0.0
t198,0.0,0.0,0.0,0.0,0.0,0.0,0.0,0.0,0.0,0.0,0.0,0.0,0.0,0.0,0.0,0.0,0.0,0.0,0.0,0.0,0.0,0.0,0.0,0.0,0.0,0.0,0.0
t199,0.0,0.0,0.0,0.0,0.0,0.0,0.0,0.0,0.0,0.0,0.0,0.0,0.0,0.0,0.0,0.0,0.0,0.0,0.0,0.0,0.0,0.0,0.0,0.0,0.0,0.0,0.0
t200,6116.158494780817,97.3,0.0,2246.9,3095.9,1665.0,226.0,578.5,196.3,0.0,235.4999999994822,715.5771273522923,772.4859581948546,0.0,1557.6791681543605,436.9710331550187,175.61549407310108,0.0,2177.756776696703,0.0,0.0,0.0,0.0,0.0,0.0,0.0,20293.64405240663
t201,1603.120700118243,97.3,177.68280024998114,2246.9,0.0,1665.0,0.0,446.71437181267,0.0,0.0,314.0,81.72401541197809,8322.848537291577,4164.812808875208,9316.548896313632,0.0,0.0,0.0,5285.913449884007,0.0,0.0,0.0,0.0,0.0,0.0,0.0,33722.5655799573
t202,6469.0,97.3,571.1,2246.9,3095.9,1665.0,0.0,0.0,0.0,0.0,314.0,0.0,3421.719774861228,4164.812808875208,9315.471692214696,0.0,0.0,0.0,3060.6900509692314,0.0,0.0,0.0,0.0,0.0,0.0,0.0,34421.89432692036
t203,6469.0,97.3,571.1,2246.9,3095.9,1665.0,0.0,0.0,0.0,0.0,0.0,0.0,810.9298480411852,2330.0002505117736,10671.433434639432,0.0,0.0,0.0,403.0388703801099,0.0,0.0,0.0,0.0,0.0,0.0,0.0,28360.602403572502
t204,0.0,97.3,0.0,2246.9,2821.0327561952026,1665.0,0.0,0.0,0.0,0.0,0.0,1630.3,8044.138314263064,1565.7316259350264,8112.002786630982,0.0,0.0,0.0,1133.4301741913143,0.0,0.0,0.0,0.0,0.0,0.0,0.0,27315.83565721559
t205,0.0,97.3,0.0,2246.9,0.0,1665.0,0.0,0.0,0.0,0.0,0.0,1630.3,7567.3290741413075,4164.812808875208,5866.173754820342,0.0,0.0,0.0,558.4450172536507,0.0,0.0,0.0,0.0,0.0,0.0,0.0,23796.260655090507
t206,0.0,97.3,571.1,2246.9,0.0,1665.0,0.0,0.0,0.0,0.0,0.0,0.0,7170.135353603908,0.0,1459.8690647847657,0.0,0.0,0.0,2135.79968864077,0.0,0.0,0.0,0.0,0.0,0.0,0.0,15346.104107029445
t207,2164.564217524811,97.3,0.0,2246.9,0.0,1665.0,0.0,0.0,0.0,0.0,0.0,0.0,0.0,1679.3246787879193,0.0,0.0,0.0,0.0,3538.99097831377,0.0,0.0,0.0,0.0,0.0,0.0,0.0,11392.0798746265
t208,0.0,0.0,0.0,2246.9,0.0,0.0,0.0,0.0,0.0,0.0,0.0,0.0,0.0,0.0,0.0,0.0,0.0,0.0,0.0,0.0,0.0,0.0,0.0,0.0,0.0,0.0,2246.9
t209,0.0,0.0,0.0,0.0,0.0,0.0,0.0,0.0,0.0,0.0,0.0,0.0,0.0,0.0,0.0,0.0,0.0,0.0,0.0,0.0,0.0,0.0,0.0,0.0,0.0,0.0,0.0
t210,0.0,0.0,0.0,0.0,0.0,0.0,0.0,0.0,0.0,0.0,0.0,0.0,0.0,0.0,0.0,0.0,0.0,0.0,0.0,0.0,0.0,0.0,0.0,0.0,0.0,0.0,0.0
t211,0.0,0.0,0.0,0.0,0.0,0.0,0.0,542.6602470395554,0.0,0.0,314.0,0.0,0.0,0.0,0.0,0.0,416.3109347512308,0.0,0.0,0.0,0.0,0.0,0.0,0.0,0.0,0.0,1272.9711817907862
t212,0.0,0.0,0.0,0.0,0.0,0.0,82.48994702984054,578.5,66.3605119170931,21.657220961652605,314.0,0.0,0.0,0.0,0.0,1147.2468390281463,453.5539113761347,0.339096990204438,0.0,0.0,0.0,0.0,0.0,0.0,0.0,0.0,2664.147527303072
t213,0.0,0.0,0.0,0.0,0.0,0.0,0.0,578.5,196.3,64.6,314.0,597.4298642029968,0.0,0.0,0.0,33.543629753809384,217.5113794810819,1.001440702644639,0.0,0.0,0.0,0.0,0.0,0.0,0.0,0.0,2002.8863141405327
t214,0.0,0.0,0.0,0.0,0.0,0.0,226.0,578.5,0.0,64.6,314.0,1098.4701566533072,0.0,0.0,0.0,1081.1847150331605,943.5104450544139,1.001440702644639,0.0,0.0,0.0,0.0,0.0,0.0,0.0,0.0,4307.266757443526
t215,0.0,0.0,0.0,0.0,0.0,0.0,226.0,578.5,196.3,64.6,314.0,731.7011219079662,0.0,0.0,0.0,1154.081780226189,943.5104450544139,1.001440702644639,2670.246763094767,0.0,0.0,0.0,0.0,0.0,0.0,0.0,6879.941550985981
t216,0.0,0.0,0.0,0.0,0.0,0.0,226.0,578.5,196.3,64.6,314.0,1630.3,0.0,0.0,0.0,1154.081780226189,943.5104450544139,1.001440702644639,1969.2007173043628,0.0,0.0,0.0,0.0,0.0,0.0,0.0,7077.494383287611
t217,0.0,0.0,0.0,0.0,0.0,0.0,0.0,0.0,0.0,0.0,0.0,0.0,0.0,0.0,0.0,0.0,0.0,0.0,0.0,0.0,0.0,0.0,0.0,0.0,0.0,0.0,0.0
t218,0.0,0.0,0.0,0.0,0.0,0.0,0.0,0.0,0.0,0.0,0.0,0.0,0.0,0.0,0.0,0.0,0.0,0.0,0.0,0.0,0.0,0.0,0.0,0.0,0.0,0.0,0.0
t219,0.0,0.0,0.0,0.0,0.0,0.0,0.0,0.0,0.0,0.0,0.0,0.0,0.0,0.0,0.0,0.0,0.0,0.0,0.0,0.0,0.0,0.0,0.0,0.0,0.0,0.0,0.0
t220,0.0,0.0,0.0,0.0,0.0,0.0,0.0,0.0,0.0,0.0,0.0,0.0,0.0,0.0,0.0,0.0,0.0,0.0,0.0,0.0,0.0,0.0,0.0,0.0,0.0,0.0,0.0
t221,0.0,0.0,0.0,0.0,0.0,0.0,0.0,0.0,0.0,0.0,0.0,0.0,0.0,0.0,0.0,0.0,0.0,0.0,0.0,0.0,0.0,0.0,0.0,0.0,0.0,0.0,0.0
t222,0.0,0.0,0.0,0.0,0.0,0.0,0.0,0.0,0.0,0.0,0.0,0.0,0.0,0.0,0.0,0.0,0.0,0.0,0.0,0.0,0.0,0.0,0.0,0.0,0.0,0.0,0.0
t223,0.0,0.0,0.0,0.0,0.0,0.0,0.0,0.0,0.0,0.0,0.0,0.0,0.0,0.0,0.0,0.0,264.0146468741762,0.0,0.0,0.0,0.0,0.0,0.0,0.0,0.0,0.0,264.0146468741762
t224,5073.0286923614785,97.3,0.0,2246.9,0.0,1665.0,0.0,0.0,196.3,0.0,0.0,1630.3,230.6105205731146,0.0,0.0,0.0,943.5104450544139,0.0,2069.1083525488802,0.0,0.0,0.0,0.0,0.0,0.0,0.0,14152.058010537887
t225,3629.8101333281306,97.3,0.0,2246.9,3095.9,1665.0,0.0,0.0,196.3,0.0,0.0,797.3011427642705,8322.848537291577,4164.812808875208,10149.432986235639,0.0,943.5104450544139,0.0,5285.913449884007,0.0,0.0,0.0,0.0,0.0,0.0,0.0,40595.029503433245
t226,6469.0,97.3,571.1,2246.9,3095.9,1665.0,226.0,0.0,196.3,0.0,0.0,1630.3,5551.988440264358,4164.812808875208,10671.433434639432,1154.081780226189,943.5104450544139,0.0,5285.913449884007,0.0,0.0,0.0,0.0,0.0,0.0,0.0,43969.54035894361
t227,6469.0,97.3,571.1,2246.9,2821.0327561952026,1665.0,0.0,0.0,196.3,0.0,0.0,0.0,3433.4682833076304,2829.0251214677937,10671.433434639432,0.0,875.9858561734073,0.0,3477.666245695057,0.0,0.0,0.0,0.0,0.0,0.0,0.0,35354.211697478524
t228,0.0,97.3,177.68280024998114,2246.9,3095.9,1665.0,0.0,0.0,66.36051191709318,0.0,0.0,0.0,6355.037071052463,2746.031433766926,7252.2514580836905,0.0,122.99121663396448,0.0,3539.4205979344283,0.0,0.0,0.0,0.0,0.0,0.0,0.0,27364.875089638546
t229,0.0,97.3,571.1,2246.9,0.0,1665.0,0.0,0.0,0.0,0.0,0.0,0.0,5607.027480705925,4164.812808875208,4945.167982005787,0.0,0.0,0.0,0.0,0.0,0.0,0.0,0.0,0.0,0.0,0.0,19297.30827158692
t230,0.0,97.3,0.0,2246.9,0.0,1665.0,0.0,0.0,0.0,0.0,0.0,0.0,6608.606527202053,0.0,2609.4595019542307,0.0,0.0,0.0,0.0,0.0,0.0,0.0,0.0,0.0,0.0,0.0,13227.266029156284
t231,1181.0045867342635,97.3,0.0,2246.9,0.0,1665.0,0.0,0.0,0.0,0.0,0.0,0.0,0.0,0.0,0.0,0.0,0.0,0.0,3275.4903907823063,0.0,0.0,0.0,0.0,0.0,0.0,0.0,8465.69497751657
t232,0.0,0.0,0.0,2246.9,0.0,1665.0,0.0,0.0,0.0,0.0,0.0,0.0,0.0,0.0,0.0,0.0,0.0,0.0,0.0,0.0,0.0,0.0,0.0,0.0,0.0,0.0,3911.9
t233,0.0,0.0,0.0,0.0,0.0,0.0,0.0,0.0,0.0,0.0,0.0,0.0,0.0,0.0,0.0,0.0,0.0,0.0,0.0,0.0,0.0,0.0,0.0,0.0,0.0,0.0,0.0
t234,0.0,0.0,0.0,0.0,0.0,0.0,0.0,0.0,0.0,0.0,0.0,0.0,0.0,0.0,0.0,0.0,0.0,0.0,0.0,0.0,0.0,0.0,0.0,0.0,0.0,0.0,0.0
t235,0.0,0.0,0.0,0.0,0.0,0.0,0.0,0.0,0.0,0.0,0.0,0.0,0.0,0.0,0.0,0.0,0.0,0.0,0.0,0.0,0.0,0.0,0.0,0.0,0.0,0.0,0.0
t236,0.0,0.0,0.0,0.0,0.0,0.0,0.0,0.0,0.0,0.0,0.0,0.0,0.0,0.0,0.0,0.0,0.0,0.0,0.0,0.0,0.0,0.0,0.0,0.0,0.0,0.0,0.0
t237,0.0,0.0,0.0,0.0,0.0,0.0,0.0,0.0,0.0,0.0,0.0,0.0,0.0,0.0,0.0,0.0,0.0,0.0,0.0,0.0,0.0,0.0,0.0,0.0,0.0,0.0,0.0
t238,0.0,0.0,0.0,0.0,0.0,0.0,0.0,0.0,0.0,0.0,0.0,0.0,0.0,0.0,0.0,0.0,0.0,0.0,0.0,0.0,0.0,0.0,0.0,0.0,0.0,0.0,0.0
t239,0.0,0.0,0.0,0.0,0.0,0.0,0.0,0.0,0.0,0.0,0.0,0.0,0.0,0.0,0.0,0.0,0.0,0.0,0.0,0.0,0.0,0.0,0.0,0.0,0.0,0.0,0.0
t240,0.0,0.0,0.0,0.0,0.0,0.0,0.0,0.0,0.0,0.0,0.0,0.0,0.0,0.0,0.0,0.0,0.0,0.0,0.0,0.0,0.0,0.0,0.0,0.0,0.0,0.0,0.0
t241,0.0,0.0,0.0,0.0,0.0,0.0,0.0,0.0,0.0,64.6,314.0,0.0,0.0,0.0,0.0,1154.081780226189,182.84635511494076,1.001440702644639,1761.111103240793,0.0,0.0,0.0,0.0,0.0,0.0,0.0,3477.6406792845673
t242,0.0,0.0,0.0,0.0,0.0,0.0,0.0,0.0,0.0,64.6,314.0,0.0,0.0,0.0,0.0,0.0,0.0,1.001440702644639,0.0,0.0,0.0,0.0,0.0,0.0,0.0,0.0,379.60144070264465
t243,0.0,0.0,0.0,0.0,0.0,0.0,0.0,0.0,0.0,0.0,306.8128527726439,0.0,0.0,0.0,0.0,0.0,0.0,0.0,1385.3575880595436,0.0,0.0,0.0,0.0,0.0,0.0,0.0,1692.1704408321875
t244,0.0,0.0,0.0,0.0,0.0,0.0,0.0,0.0,0.0,0.0,0.0,18.70198331759005,0.0,0.0,0.0,0.0,0.0,0.0,0.0,0.0,0.0,0.0,0.0,0.0,0.0,0.0,18.70198331759005
t245,0.0,0.0,0.0,0.0,0.0,0.0,0.0,0.0,0.0,0.0,0.0,0.0,0.0,0.0,0.0,0.0,0.0,0.0,0.0,0.0,0.0,0.0,0.0,0.0,0.0,0.0,0.0
t246,0.0,0.0,0.0,0.0,0.0,0.0,0.0,0.0,0.0,0.0,0.0,0.0,0.0,0.0,0.0,0.0,0.0,0.0,0.0,0.0,0.0,0.0,0.0,0.0,0.0,0.0,0.0
t247,0.0,0.0,0.0,0.0,0.0,0.0,0.0,0.0,0.0,0.0,0.0,0.0,0.0,0.0,0.0,0.0,0.0,0.0,0.0,0.0,0.0,0.0,0.0,0.0,0.0,0.0,0.0
t248,0.0,0.0,0.0,0.0,0.0,0.0,0.0,0.0,0.0,0.0,0.0,1630.3,0.0,0.0,0.0,717.4786648481506,0.0,0.0,0.0,0.0,0.0,0.0,0.0,0.0,0.0,0.0,2347.7786648481506
t249,3339.853150206306,0.0,0.0,0.0,986.5158232215402,0.0,211.93915764058218,0.0,0.0,64.6,0.0,0.0,0.0,440.55261997501384,2800.472682228513,1154.081780226189,0.0,1.001440702644639,0.0,0.0,0.0,0.0,0.0,0.0,0.0,0.0,8999.016654200788
t250,5197.710395470884,0.0,571.1,0.0,1187.908525383974,0.0,226.0,0.0,0.0,64.6,0.0,0.0,0.0,4164.812808875208,3768.9459998490574,1154.081780226189,0.0,1.001440702644639,0.0,0.0,0.0,0.0,0.0,0.0,0.0,0.0,16336.160950507956
t251,5167.913963093715,0.0,571.1,0.0,1670.4950398484575,0.0,226.0,0.0,0.0,64.6,0.0,381.2301625199725,0.0,4164.812808875208,3665.458117291824,0.0,0.0,0.0,0.0,0.0,0.0,0.0,0.0,0.0,0.0,0.0,15911.610091629178
t252,5159.107393822709,0.0,571.1,0.0,3095.9,0.0,0.0,0.0,0.0,0.0,0.0,0.0,0.0,4164.812808875208,1822.43096552127,0.0,312.7167058711551,0.0,0.0,0.0,0.0,0.0,0.0,0.0,0.0,0.0,15126.067874090344
t253,3009.865763149887,0.0,177.68280024998114,0.0,127.06438403315731,0.0,0.0,0.0,111.85827055964842,0.0,0.0,0.0,0.0,3734.129379268561,0.0,0.0,0.0,0.0,0.0,0.0,0.0,0.0,0.0,0.0,0.0,0.0,7160.600597261235
t254,466.8298817250129,0.0,0.0,0.0,0.0,0.0,0.0,0.0,0.0,0.0,0.0,0.0,0.0,1400.3745559911465,0.0,0.0,0.0,0.0,0.0,0.0,0.0,0.0,0.0,0.0,0.0,0.0,1867.2044377161594
t255,0.0,0.0,0.0,0.0,0.0,0.0,0.0,0.0,0.0,0.0,0.0,0.0,0.0,0.0,0.0,0.0,0.0,0.0,0.0,0.0,0.0,0.0,0.0,0.0,0.0,0.0,0.0
t256,0.0,0.0,0.0,0.0,0.0,0.0,0.0,0.0,0.0,0.0,0.0,0.0,0.0,0.0,0.0,0.0,0.0,0.0,0.0,0.0,0.0,0.0,0.0,0.0,0.0,0.0,0.0
t257,0.0,0.0,0.0,0.0,0.0,0.0,0.0,0.0,0.0,0.0,0.0,0.0,0.0,0.0,0.0,0.0,272.59500231971856,0.0,0.0,0.0,0.0,0.0,0.0,0.0,0.0,0.0,272.59500231971856
t258,0.0,0.0,0.0,0.0,0.0,0.0,0.0,63.60057941237762,150.8022413574447,0.0,0.0,0.0,0.0,0.0,0.0,0.0,322.7278049842631,0.0,0.0,0.0,0.0,0.0,0.0,0.0,0.0,0.0,537.1306257540855
t259,0.0,0.0,0.0,0.0,0.0,0.0,74.57329493262183,578.5,196.3,64.6,314.0,0.0,0.0,0.0,0.0,1154.081780226189,278.17553583679006,0.339096990204438,0.0,0.0,0.0,0.0,0.0,0.0,0.0,0.0,2660.569707985805
t260,0.0,0.0,0.0,0.0,0.0,0.0,226.0,578.5,0.0,64.6,314.0,0.0,0.0,0.0,0.0,920.5074667268177,566.7683578747622,1.001440702644639,0.0,0.0,0.0,0.0,0.0,0.0,0.0,0.0,2671.3772653042242
t261,480.5628649553588,0.0,0.0,0.0,0.0,0.0,226.0,578.5,0.0,0.0,314.0,0.0,0.0,0.0,0.0,1154.081780226189,223.19401261674827,0.0,0.0,0.0,0.0,0.0,0.0,0.0,0.0,0.0,2976.338657798296
t262,0.0,0.0,0.0,0.0,0.0,0.0,226.0,578.5,196.3,21.657220961652605,314.0,0.0,0.0,0.0,0.0,361.40600260921155,611.0990681165223,0.0,0.0,0.0,0.0,0.0,0.0,0.0,0.0,0.0,2308.9622916873864
t263,0.0,0.0,0.0,0.0,0.0,0.0,226.0,578.5,0.0,0.0,314.0,0.0,0.0,0.0,0.0,262.9509674079159,489.64761635407353,1.001440702644639,0.0,0.0,0.0,0.0,0.0,0.0,0.0,0.0,1872.100024464634
t264,0.0,0.0,0.0,0.0,0.0,0.0,0.0,578.5,196.3,0.0,0.0,0.0,0.0,0.0,0.0,0.0,833.7525957558157,0.0,0.0,0.0,0.0,0.0,0.0,0.0,0.0,0.0,1608.5525957558157
t265,0.0,0.0,0.0,0.0,0.0,0.0,226.0,578.5,196.3,64.6,314.0,1630.3,0.0,0.0,0.0,1154.081780226189,943.5104450544139,1.001440702644639,3530.010491006449,0.0,0.0,0.0,0.0,0.0,0.0,0.0,8638.304156989696
t266,0.0,0.0,0.0,0.0,0.0,0.0,226.0,533.7154208348102,196.3,64.6,314.0,1630.3,0.0,0.0,0.0,1154.081780226189,943.5104450544139,1.001440702644639,2839.9126489443097,0.0,0.0,0.0,0.0,0.0,0.0,0.0,7903.4217357623675
t267,0.0,0.0,0.0,0.0,0.0,0.0,178.569220306197,0.0,196.3,64.6,314.0,0.0,0.0,0.0,0.0,949.4975935461616,624.7450371004086,1.001440702644639,2683.2644688630116,0.0,0.0,0.0,0.0,0.0,0.0,0.0,5011.977760518424
t268,0.0,0.0,0.0,0.0,0.0,0.0,122.00407462642487,0.0,196.3,0.0,0.0,0.0,0.0,0.0,0.0,0.0,0.0,0.0,0.0,0.0,0.0,0.0,0.0,0.0,0.0,0.0,318.3040746264249
t269,0.0,0.0,0.0,0.0,0.0,0.0,0.0,0.0,0.0,0.0,0.0,0.0,0.0,0.0,0.0,0.0,0.0,0.0,0.0,0.0,0.0,0.0,0.0,0.0,0.0,0.0,0.0
t270,0.0,0.0,0.0,0.0,0.0,0.0,0.0,0.0,0.0,0.0,0.0,0.0,0.0,0.0,0.0,0.0,0.0,0.0,0.0,0.0,0.0,0.0,0.0,0.0,0.0,0.0,0.0
t271,0.0,0.0,0.0,0.0,0.0,0.0,0.0,0.0,0.0,0.0,0.0,0.0,0.0,0.0,0.0,0.0,0.0,0.0,0.0,0.0,0.0,0.0,0.0,0.0,0.0,0.0,0.0
t272,0.0,0.0,0.0,0.0,1100.6827279763984,0.0,0.0,0.0,0.0,0.0,0.0,0.0,949.6385211815478,0.0,57.724675952054895,0.0,0.0,0.0,0.0,0.0,0.0,0.0,0.0,0.0,0.0,0.0,2108.045925110001
t273,1390.4202383389686,0.0,177.68280024998114,0.0,3095.9,0.0,226.0,47.5784751167062,0.0,64.6,0.0,575.39999774729,0.0,0.0,8961.030690142354,1154.081780226189,0.0,0.33909699020443834,2169.790273965981,0.0,0.0,0.0,0.0,0.0,0.0,0.0,17862.823352777676
t274,2892.213754807354,0.0,571.1,480.22647582869104,3095.9,874.6281886527652,0.0,0.0,0.0,64.6,176.635923231753,0.0,3628.5687421085436,4164.812808875208,10671.433434639432,595.3668431977836,0.0,1.001440702644639,0.0,0.0,0.0,0.0,0.0,0.0,0.0,0.0,27216.48761204417
t275,6469.0,0.0,571.1,165.28382421966268,1720.3500282188047,0.0,0.0,0.0,0.0,0.0,0.0,0.0,871.9235534831148,4164.812808875208,10671.433434639432,0.0,0.0,0.0,0.0,0.0,0.0,0.0,0.0,0.0,0.0,0.0,24633.903649436223
t276,4347.107926070115,0.0,0.0,0.0,3095.9,0.0,0.0,0.0,0.0,0.0,0.0,0.0,0.0,4105.189428412504,8308.155776942587,0.0,0.0,0.0,0.0,0.0,0.0,0.0,0.0,0.0,0.0,0.0,19856.353131425203
t277,2173.4802281100315,0.0,571.1,0.0,0.0,0.0,0.0,0.0,0.0,0.0,0.0,0.0,0.0,4164.812808875208,4272.782095375174,0.0,0.0,0.0,0.0,0.0,0.0,0.0,0.0,0.0,0.0,0.0,11182.175132360415
t278,3929.220226782583,0.0,0.0,0.0,0.0,0.0,0.0,0.0,0.0,0.0,0.0,0.0,0.0,96.14137131667506,2878.3110994111034,0.0,0.0,0.0,0.0,0.0,0.0,0.0,0.0,0.0,0.0,0.0,6903.672697510361
t279,1620.4010383148207,0.0,0.0,0.0,0.0,0.0,0.0,0.0,0.0,0.0,0.0,0.0,0.0,1373.7257555055407,478.30759045607846,0.0,0.0,0.0,0.0,0.0,0.0,0.0,0.0,0.0,0.0,0.0,3472.4343842764397
t280,0.0,0.0,0.0,0.0,0.0,0.0,0.0,0.0,0.0,0.0,0.0,0.0,0.0,0.0,0.0,0.0,0.0,0.0,0.0,0.0,0.0,0.0,0.0,0.0,0.0,0.0,0.0
t281,0.0,0.0,0.0,0.0,0.0,0.0,0.0,0.0,0.0,0.0,0.0,0.0,0.0,0.0,0.0,0.0,0.0,0.0,0.0,0.0,0.0,0.0,0.0,0.0,0.0,0.0,0.0
t282,0.0,0.0,0.0,0.0,0.0,0.0,0.0,0.0,0.0,0.0,0.0,0.0,0.0,0.0,0.0,0.0,0.0,0.0,0.0,0.0,0.0,0.0,0.0,0.0,0.0,0.0,0.0
t283,0.0,0.0,0.0,0.0,0.0,0.0,0.0,0.0,0.0,0.0,0.0,0.0,0.0,0.0,0.0,0.0,0.0,0.0,0.0,0.0,0.0,0.0,0.0,0.0,0.0,0.0,0.0
t284,0.0,0.0,0.0,0.0,0.0,0.0,0.0,0.0,0.0,0.0,0.0,0.0,0.0,0.0,0.0,0.0,0.0,0.0,0.0,0.0,0.0,0.0,0.0,0.0,0.0,0.0,0.0
t285,0.0,0.0,0.0,0.0,0.0,0.0,0.0,0.0,0.0,0.0,0.0,0.0,0.0,0.0,0.0,0.0,0.0,0.0,0.0,0.0,0.0,0.0,0.0,0.0,0.0,0.0,0.0
t286,0.0,0.0,0.0,0.0,0.0,0.0,0.0,0.0,0.0,0.0,0.0,0.0,0.0,0.0,0.0,0.0,0.0,0.0,0.0,0.0,0.0,0.0,0.0,0.0,0.0,0.0,0.0
t287,0.0,0.0,0.0,0.0,0.0,0.0,0.0,0.0,0.0,0.0,0.0,0.0,0.0,0.0,0.0,0.0,0.0,0.0,0.0,0.0,0.0,0.0,0.0,0.0,0.0,0.0,0.0
t288,0.0,0.0,0.0,0.0,0.0,0.0,0.0,0.0,0.0,0.0,0.0,0.0,0.0,0.0,0.0,0.0,0.0,0.0,0.0,0.0,0.0,0.0,0.0,0.0,0.0,0.0,0.0
t289,0.0,0.0,0.0,0.0,0.0,0.0,0.0,0.0,0.0,64.6,314.0,0.0,0.0,0.0,0.0,0.0,0.0,1.001440702644639,0.0,0.0,0.0,0.0,0.0,0.0,0.0,0.0,379.60144070264465
t290,0.0,0.0,0.0,0.0,0.0,0.0,0.0,0.0,0.0,21.657220961652605,314.0,0.0,0.0,0.0,0.0,0.0,0.0,1.001440702644639,0.0,0.0,0.0,0.0,0.0,0.0,0.0,0.0,336.65866166429726
t291,0.0,0.0,0.0,0.0,0.0,0.0,0.0,0.0,0.0,0.0,0.0,0.0,0.0,0.0,0.0,0.0,0.0,0.0,0.0,0.0,0.0,0.0,0.0,0.0,0.0,0.0,0.0
t292,0.0,0.0,0.0,0.0,0.0,0.0,0.0,0.0,0.0,0.0,0.0,0.0,0.0,0.0,0.0,0.0,0.0,0.0,0.0,0.0,0.0,0.0,0.0,0.0,0.0,0.0,0.0
t293,0.0,0.0,0.0,0.0,0.0,0.0,0.0,0.0,0.0,0.0,0.0,0.0,0.0,0.0,0.0,0.0,0.0,0.0,0.0,0.0,0.0,0.0,0.0,0.0,0.0,0.0,0.0
t294,0.0,0.0,0.0,0.0,0.0,0.0,0.0,0.0,0.0,0.0,0.0,0.0,0.0,0.0,0.0,0.0,0.0,0.0,0.0,0.0,0.0,0.0,0.0,0.0,0.0,0.0,0.0
t295,0.0,0.0,0.0,0.0,0.0,0.0,0.0,0.0,0.0,0.0,0.0,0.0,0.0,0.0,0.0,0.0,0.0,0.0,0.0,0.0,0.0,0.0,0.0,0.0,0.0,0.0,0.0
t296,0.0,0.0,0.0,972.0644441164281,0.0,0.0,0.0,0.0,0.0,0.0,0.0,0.0,0.0,0.0,179.14144947977184,0.0,0.0,0.0,0.0,0.0,0.0,0.0,0.0,0.0,0.0,0.0,1151.2058935962
t297,0.0,0.0,571.1,2246.9,3095.9,1665.0,0.0,0.0,0.0,64.6,0.0,0.0,0.0,1759.9201345958818,4574.3443557675855,0.0,0.0,1.001440702644639,0.0,0.0,0.0,0.0,0.0,0.0,0.0,0.0,13978.765931066113
t298,0.0,0.0,571.1,2246.9,3095.9,1665.0,0.0,0.0,0.0,64.6,314.0,0.0,1664.7434530318415,4164.812808875208,10671.433434639432,0.0,255.96726373219045,1.001440702644639,0.0,0.0,0.0,0.0,0.0,0.0,0.0,0.0,24715.458400981315
t299,2386.7194371739033,0.0,571.1,2246.9,3095.9,1665.0,0.0,0.0,0.0,64.6,314.0,0.0,0.0,4164.812808875208,10671.433434639432,0.0,0.0,1.001440702644639,0.0,0.0,0.0,0.0,0.0,0.0,0.0,0.0,25181.467121391186
t300,0.0,0.0,0.0,2246.9,1489.3075023018828,0.0,0.0,0.0,0.0,0.0,0.0,0.0,2705.181157321496,4164.812808875208,10671.433434639432,0.0,0.0,0.0,0.0,0.0,0.0,0.0,0.0,0.0,0.0,0.0,21277.63490313802
t301,1270.8726521972292,0.0,177.68280024998114,2246.9,0.0,1665.0,0.0,-1.0864999394281314e-9,0.0,0.0,0.0,0.0,904.6842400453539,3815.136420638838,2776.724237720116,0.0,0.0,0.0,0.0,0.0,0.0,0.0,0.0,0.0,0.0,0.0,12857.000350850432
t302,1151.9185015383139,0.0,0.0,2246.9,0.0,1665.0,0.0,0.0,0.0,0.0,0.0,0.0,0.0,0.0,4089.710127761302,0.0,0.0,0.0,0.0,0.0,0.0,0.0,0.0,0.0,0.0,0.0,9153.528629299617
t303,1116.759637156213,0.0,0.0,2246.9,1331.7252538933187,1665.0,0.0,578.5,0.0,0.0,0.0,0.0,0.0,0.0,2664.9583229111377,0.0,0.0,0.0,946.339878669312,0.0,0.0,0.0,0.0,0.0,0.0,0.0,10550.183092629983
t304,0.0,0.0,0.0,1399.232493957373,0.0,0.0,0.0,578.5,0.0,0.0,0.0,0.0,0.0,0.0,0.0,0.0,0.0,0.0,1843.2537147844212,0.0,0.0,0.0,0.0,0.0,0.0,0.0,3820.986208741794
t305,0.0,0.0,0.0,0.0,0.0,0.0,74.57329493262183,578.5,0.0,0.0,0.0,0.0,0.0,0.0,0.0,727.7985551588246,139.29035155630282,0.0,3593.581501044153,0.0,0.0,0.0,0.0,0.0,0.0,0.0,5113.743702691902
t306,0.0,0.0,0.0,0.0,0.0,0.0,226.0,578.5,66.3605119170931,0.0,314.0,1630.3,0.0,0.0,0.0,1154.081780226189,424.2870072762562,0.0,1474.1220799567843,0.0,0.0,0.0,0.0,0.0,0.0,0.0,5867.651379376323
t307,0.0,0.0,0.0,0.0,0.0,0.0,226.0,578.5,196.3,64.6,314.0,1630.3,0.0,0.0,0.0,1154.081780226189,524.0405269733479,1.001440702644639,1730.8710898848792,0.0,0.0,0.0,0.0,0.0,0.0,0.0,6419.694837787061
t308,0.0,0.0,0.0,0.0,0.0,0.0,226.0,578.5,196.3,64.6,314.0,797.3011427642707,0.0,0.0,0.0,906.0989481699054,648.1655872931863,1.001440702644639,2649.0285752070567,0.0,0.0,0.0,0.0,0.0,0.0,0.0,6380.995694137064
t309,0.0,0.0,0.0,0.0,0.0,0.0,0.0,578.5,0.0,64.6,314.0,0.0,0.0,0.0,0.0,649.062132427183,666.6285505186161,0.0,3263.676733844219,0.0,0.0,0.0,0.0,0.0,0.0,0.0,5536.4674167900175
t310,0.0,0.0,0.0,0.0,0.0,0.0,226.0,578.5,196.3,0.0,314.0,0.0,0.0,0.0,0.0,415.9865812142217,765.0765385274593,0.0,2849.105983194747,0.0,0.0,0.0,0.0,0.0,0.0,0.0,5344.969102936428
t311,0.0,0.0,0.0,0.0,0.0,0.0,0.0,578.5,0.0,0.0,314.0,0.0,0.0,0.0,0.0,0.0,630.7666549569392,0.3390969902044381,2946.184761478469,0.0,0.0,0.0,0.0,0.0,0.0,0.0,4469.7905134256125
t312,0.0,0.0,0.0,0.0,0.0,0.0,0.0,578.5,196.3,0.0,314.0,0.0,0.0,0.0,0.0,0.0,295.2678377426821,0.0,1566.3496156927088,0.0,0.0,0.0,0.0,0.0,0.0,0.0,2950.4174534353906
t313,0.0,0.0,0.0,0.0,0.0,0.0,0.0,0.0,0.0,0.0,0.0,0.0,0.0,0.0,0.0,0.0,0.0,0.0,0.0,0.0,0.0,0.0,0.0,0.0,0.0,0.0,0.0
t314,0.0,0.0,0.0,0.0,0.0,0.0,0.0,0.0,0.0,0.0,0.0,0.0,0.0,0.0,0.0,0.0,0.0,0.0,0.0,0.0,0.0,0.0,0.0,0.0,0.0,0.0,0.0
t315,0.0,0.0,0.0,0.0,0.0,0.0,0.0,0.0,0.0,0.0,0.0,0.0,0.0,0.0,0.0,0.0,0.0,0.0,0.0,0.0,0.0,0.0,0.0,0.0,0.0,0.0,0.0
t316,0.0,0.0,0.0,0.0,0.0,0.0,0.0,0.0,0.0,0.0,0.0,0.0,0.0,0.0,0.0,0.0,0.0,0.0,0.0,0.0,0.0,0.0,0.0,0.0,0.0,0.0,0.0
t317,0.0,0.0,0.0,0.0,0.0,0.0,0.0,0.0,0.0,0.0,0.0,0.0,0.0,0.0,0.0,0.0,0.0,0.0,0.0,0.0,0.0,0.0,0.0,0.0,0.0,0.0,0.0
t318,0.0,0.0,0.0,0.0,0.0,0.0,0.0,0.0,0.0,0.0,0.0,0.0,0.0,0.0,0.0,0.0,0.0,0.0,0.0,0.0,0.0,0.0,0.0,0.0,0.0,0.0,0.0
t319,0.0,0.0,0.0,0.0,0.0,0.0,0.0,0.0,0.0,0.0,0.0,0.0,0.0,0.0,0.0,0.0,0.0,0.0,0.0,0.0,0.0,0.0,0.0,0.0,0.0,0.0,0.0
t320,0.0,0.0,0.0,0.0,0.0,0.0,0.0,0.0,0.0,0.0,0.0,0.0,0.0,0.0,0.0,0.0,0.0,0.0,0.0,0.0,0.0,0.0,0.0,0.0,0.0,0.0,0.0
t321,0.0,0.0,0.0,0.0,734.640522971451,0.0,226.0,0.0,0.0,0.0,0.0,1630.3,0.0,0.0,4137.4039774050425,0.0,224.48671394669432,0.0,806.5660622199736,0.0,0.0,0.0,0.0,0.0,0.0,0.0,7759.397276543162
t322,0.0,0.0,571.1,0.0,2758.984864076873,0.0,0.0,0.0,0.0,0.0,0.0,409.9224572636158,0.0,832.8304450947535,6942.646136422095,0.0,0.0,0.0,0.0,0.0,0.0,0.0,0.0,0.0,0.0,0.0,11515.483902857337
t323,0.0,0.0,571.1,0.0,3095.9,0.0,0.0,0.0,0.0,0.0,0.0,0.0,0.0,1237.1800990301144,6628.976918579557,0.0,0.0,0.0,0.0,0.0,0.0,0.0,0.0,0.0,0.0,0.0,11533.157017609672
t324,0.0,0.0,571.1,0.0,2843.9678918842333,0.0,0.0,0.0,0.0,0.0,0.0,0.0,0.0,597.2724031063112,5492.394550795394,0.0,0.0,0.0,0.0,0.0,0.0,0.0,0.0,0.0,0.0,0.0,9504.734845785939
t325,0.0,0.0,177.68280024998114,0.0,2421.917240370394,0.0,0.0,0.0,0.0,0.0,0.0,0.0,0.0,544.746148625934,1661.7967077895555,0.0,0.0,0.0,0.0,0.0,0.0,0.0,0.0,0.0,0.0,0.0,4806.142897035865
t326,0.0,0.0,0.0,0.0,253.32223689225205,0.0,0.0,0.0,0.0,0.0,0.0,0.0,0.0,0.0,0.0,0.0,0.0,0.0,0.0,0.0,0.0,0.0,0.0,0.0,0.0,0.0,253.32223689225205
t327,0.0,0.0,0.0,0.0,0.0,0.0,0.0,0.0,0.0,0.0,0.0,0.0,0.0,0.0,0.0,0.0,0.0,0.0,0.0,0.0,0.0,0.0,0.0,0.0,0.0,0.0,0.0
t328,0.0,0.0,0.0,0.0,0.0,0.0,0.0,0.0,0.0,0.0,0.0,0.0,0.0,0.0,0.0,0.0,0.0,0.0,0.0,0.0,0.0,0.0,0.0,0.0,0.0,0.0,0.0
t329,0.0,0.0,0.0,0.0,0.0,0.0,0.0,578.5,0.0,0.0,314.0,0.0,0.0,0.0,0.0,0.0,0.0,0.0,0.0,0.0,0.0,0.0,0.0,0.0,0.0,0.0,892.5
t330,0.0,0.0,0.0,0.0,0.0,0.0,0.0,578.5,0.0,0.0,314.0,0.0,0.0,0.0,856.1838622433131,0.0,0.0,0.0,0.0,0.0,0.0,0.0,0.0,0.0,0.0,0.0,1748.6838622433131
t331,0.0,0.0,0.0,0.0,0.0,0.0,226.0,578.5,93.33882337031218,21.657220961652605,314.0,1630.3,0.0,2114.274057742004,1349.8871683637626,0.0,569.8965234104473,0.339096990204438,1199.353105359165,0.0,0.0,0.0,0.0,0.0,0.0,0.0,8097.545996197548
t332,0.0,0.0,0.0,0.0,0.0,0.0,74.57329493262183,578.5,196.3,64.6,314.0,1328.0795883931737,0.0,1206.3478481173902,1134.6526298541303,390.78265651775587,481.9075015420657,1.001440702644639,2614.2870059536767,0.0,0.0,0.0,0.0,0.0,0.0,0.0,8385.03196601346
t333,0.0,0.0,0.0,0.0,0.0,0.0,0.0,578.5,0.0,64.6,314.0,0.0,0.0,3955.2386652457903,657.7278557672398,1154.081780226189,211.18769472903494,1.001440702644639,4329.362316231417,0.0,0.0,0.0,0.0,0.0,0.0,0.0,11265.699752902316
t334,0.0,0.0,0.0,0.0,0.0,0.0,226.0,578.5,169.3216885467809,64.6,314.0,289.8884541440884,0.0,4164.812808875208,0.0,1154.081780226189,943.5104450544139,1.001440702644639,5285.913449884007,0.0,0.0,0.0,0.0,0.0,0.0,0.0,13191.630067433332
t335,0.0,0.0,0.0,0.0,0.0,0.0,226.0,578.5,196.3,64.6,314.0,809.6331002270081,0.0,2464.0087930047434,0.0,1154.081780226189,943.5104450544139,1.001440702644639,5285.913449884007,0.0,0.0,0.0,0.0,0.0,0.0,0.0,12037.549009099006
t336,0.0,0.0,165.32688304855668,0.0,0.0,0.0,226.0,578.5,196.3,0.0,314.0,0.0,0.0,4164.812808875208,298.1684217845341,1154.081780226189,943.5104450544139,0.0,4218.683159416415,0.0,0.0,0.0,0.0,0.0,0.0,0.0,12259.383498405317
t337,0.0,0.0,0.0,0.0,0.0,0.0,0.0,0.0,0.0,0.0,0.0,0.0,0.0,0.0,0.0,0.0,0.0,0.0,0.0,0.0,0.0,0.0,0.0,0.0,0.0,0.0,0.0
t338,0.0,0.0,0.0,0.0,0.0,0.0,0.0,0.0,0.0,0.0,0.0,0.0,0.0,0.0,0.0,0.0,0.0,0.0,0.0,0.0,0.0,0.0,0.0,0.0,0.0,0.0,0.0
t339,0.0,0.0,0.0,0.0,0.0,0.0,0.0,0.0,0.0,0.0,0.0,0.0,0.0,0.0,0.0,0.0,0.0,0.0,0.0,0.0,0.0,0.0,0.0,0.0,0.0,0.0,0.0
t340,0.0,0.0,0.0,0.0,0.0,0.0,0.0,0.0,0.0,0.0,0.0,0.0,0.0,0.0,0.0,0.0,0.0,0.0,0.0,0.0,0.0,0.0,0.0,0.0,0.0,0.0,0.0
t341,0.0,0.0,0.0,0.0,0.0,0.0,0.0,0.0,0.0,0.0,0.0,0.0,0.0,0.0,0.0,0.0,0.0,0.0,0.0,0.0,0.0,0.0,0.0,0.0,0.0,0.0,0.0
t342,0.0,0.0,0.0,0.0,0.0,0.0,0.0,0.0,0.0,0.0,0.0,0.0,0.0,0.0,0.0,0.0,0.0,0.0,0.0,0.0,0.0,0.0,0.0,0.0,0.0,0.0,0.0
t343,0.0,97.3,0.0,2246.9,0.0,1665.0,0.0,0.0,0.0,0.0,0.0,0.0,0.0,0.0,0.0,0.0,0.0,0.0,0.0,0.0,0.0,0.0,0.0,0.0,0.0,0.0,4009.2000000000003
t344,910.683443347255,97.3,0.0,2246.9,2469.8619158235433,1665.0,0.0,0.0,0.0,0.0,0.0,0.0,0.0,0.0,0.0,0.0,0.0,0.0,0.0,0.0,0.0,0.0,0.0,0.0,0.0,0.0,7389.745359170798
t345,0.0,97.3,177.68280024998114,2246.9,351.1708403716591,1665.0,0.0,0.0,0.0,0.0,0.0,0.0,2714.3030383838263,1254.743300922657,6521.308231467853,0.0,0.0,0.0,0.0,0.0,0.0,0.0,0.0,0.0,0.0,0.0,15028.408211395978
t346,0.0,97.3,0.0,2246.9,0.0,1665.0,0.0,0.0,0.0,0.0,0.0,0.0,5759.436617882798,2515.6720742689836,10671.433434639432,0.0,0.0,0.0,0.0,0.0,0.0,0.0,0.0,0.0,0.0,0.0,22955.742126791214
t347,0.0,97.3,571.1,2246.9,3095.9,1665.0,0.0,0.0,0.0,0.0,0.0,0.0,5896.3663461211745,3310.8246380587634,9540.415936166479,0.0,0.0,0.0,0.0,0.0,0.0,0.0,0.0,0.0,0.0,0.0,26423.80692034642
t348,6469.0,97.3,571.1,2246.9,3095.9,1665.0,0.0,0.0,0.0,0.0,160.90609818922144,0.0,1728.7278444721067,2588.306301785976,9602.928264510258,0.0,0.0,0.0,0.0,0.0,0.0,0.0,0.0,0.0,0.0,0.0,28226.068508957564
t349,6469.0,97.3,0.0,2246.9,3095.9,1665.0,0.0,0.0,0.0,0.0,0.0,990.4666469973344,402.43678053937845,4164.812808875208,5562.211389213413,0.0,0.0,0.0,0.0,0.0,0.0,0.0,0.0,0.0,0.0,0.0,24694.027625625335
t350,6372.302661594249,97.3,571.1,2246.9,0.0,1665.0,0.0,578.5,0.0,0.0,74.59390181026082,0.0,0.0,4164.812808875208,4400.881541560777,0.0,0.0,0.0,2186.76610330094,0.0,0.0,0.0,0.0,0.0,0.0,0.0,22358.15701714143
t351,410.06132288980695,97.3,0.0,2246.9,0.0,1017.7144519695448,0.0,559.5031393531171,0.0,0.0,0.0,0.0,8322.848537291577,70.32304907355046,0.0,0.0,27.52534517258417,0.0,1672.4450470950333,0.0,0.0,0.0,0.0,0.0,0.0,0.0,14424.620892845214
t352,2190.7959845925607,97.3,0.0,2246.9,0.0,0.0,0.0,18.996860645796517,35.408702852818124,0.0,0.0,833.0335335333157,4985.062402617535,0.0,0.0,0.0,722.5826673334819,0.0,0.0,0.0,0.0,0.0,0.0,0.0,0.0,0.0,11130.080151575508
t353,0.0,97.3,0.0,413.95705073427325,0.0,0.0,0.0,578.5,196.3,0.0,314.0,0.0,6300.405293088726,0.0,0.0,0.0,137.99276361937697,0.0,1050.242874870931,0.0,0.0,0.0,0.0,0.0,0.0,0.0,9088.697982313308
t354,0.0,97.3,0.0,0.0,0.0,0.0,0.0,578.5,0.0,0.0,314.0,0.0,0.0,0.0,0.0,0.0,0.0,0.0,3376.0205378549163,0.0,0.0,0.0,0.0,0.0,0.0,0.0,4365.820537854916
t355,0.0,0.0,0.0,0.0,0.0,0.0,0.0,578.5,0.0,0.0,314.0,0.0,0.0,0.0,0.0,0.0,0.0,0.0,1296.8130358944777,0.0,0.0,0.0,0.0,0.0,0.0,0.0,2189.3130358944777
t356,0.0,0.0,0.0,0.0,0.0,0.0,226.0,578.5,65.59298539924185,21.657220961652605,314.0,604.1009622336204,0.0,0.0,0.0,390.78265651775587,0.0,0.339096990204438,2706.2214741890975,0.0,0.0,0.0,0.0,0.0,0.0,0.0,4907.194396291572
t357,0.0,0.0,0.0,0.0,0.0,0.0,226.0,578.5,196.3,64.6,314.0,0.0,0.0,0.0,0.0,1154.081780226189,408.7296049224912,1.001440702644639,2796.886004868567,0.0,0.0,0.0,0.0,0.0,0.0,0.0,5740.098830719891
t358,0.0,0.0,0.0,0.0,0.0,0.0,226.0,578.5,196.3,64.6,314.0,1630.3,0.0,0.0,0.0,1154.081780226189,943.5104450544139,1.001440702644639,2056.114405047195,0.0,0.0,0.0,0.0,0.0,0.0,0.0,7164.408071030442
t359,0.0,0.0,0.0,0.0,0.0,0.0,226.0,578.5,196.3,64.6,314.0,0.0,0.0,0.0,0.0,1154.081780226189,943.5104450544139,1.001440702644639,2892.6709465564663,0.0,0.0,0.0,0.0,0.0,0.0,0.0,6370.664612539714
t360,0.0,0.0,0.0,0.0,0.0,0.0,74.57329493262192,578.5,196.3,64.6,314.0,0.0,0.0,0.0,0.0,1154.081780226189,943.5104450544139,1.001440702644639,2899.3320570510614,0.0,0.0,0.0,0.0,0.0,0.0,0.0,6225.899017966931
t361,0.0,0.0,0.0,0.0,0.0,0.0,0.0,0.0,0.0,0.0,0.0,0.0,0.0,0.0,0.0,1154.081780226189,0.0,0.0,0.0,0.0,0.0,0.0,0.0,0.0,0.0,0.0,1154.081780226189
t362,0.0,0.0,0.0,0.0,0.0,0.0,74.57329493262192,0.0,0.0,0.0,0.0,0.0,0.0,0.0,0.0,0.0,0.0,0.0,0.0,0.0,0.0,0.0,0.0,0.0,0.0,0.0,74.57329493262192
t363,0.0,0.0,0.0,0.0,0.0,0.0,0.0,337.69058936977257,0.0,0.0,0.0,0.0,0.0,0.0,0.0,421.81870511588386,0.0,0.0,0.0,0.0,0.0,0.0,0.0,0.0,0.0,0.0,759.5092944856565
t364,0.0,0.0,0.0,0.0,0.0,0.0,0.0,0.0,0.0,0.0,0.0,0.0,0.0,0.0,0.0,55.31503179511674,0.0,0.0,0.0,0.0,0.0,0.0,0.0,0.0,0.0,0.0,55.31503179511674
t365,0.0,0.0,0.0,0.0,0.0,0.0,226.0,578.5,0.0,0.0,0.0,0.0,0.0,0.0,0.0,0.0,0.0,0.0,0.0,0.0,0.0,0.0,0.0,0.0,0.0,0.0,804.5
t366,0.0,0.0,0.0,0.0,0.0,0.0,0.0,0.0,125.76342627184769,0.0,0.0,0.0,0.0,0.0,0.0,0.0,101.5077899039976,0.0,0.0,0.0,0.0,0.0,0.0,0.0,0.0,0.0,227.2712161758453
t367,1548.4616160072871,0.0,0.0,2246.9,0.0,1665.0,0.0,0.0,0.0,0.0,0.0,0.0,840.7373633168786,0.0,0.0,0.0,0.0,0.0,0.0,0.0,0.0,0.0,0.0,0.0,0.0,0.0,6301.098979324166
t368,2218.0284814377383,0.0,177.68280024998114,2246.9,1501.97545763989,1665.0,0.0,0.0,0.0,0.0,0.0,0.0,1187.5217503756214,281.630949696517,0.0,0.0,0.0,0.0,0.0,0.0,0.0,0.0,0.0,0.0,0.0,0.0,9278.739439399747
t369,2517.9184407169314,0.0,0.0,2246.9,3095.9,1665.0,0.0,0.0,0.0,0.0,0.0,0.0,912.9127930422843,862.7731903853819,4299.016553431324,0.0,0.0,0.0,0.0,0.0,0.0,0.0,0.0,0.0,0.0,0.0,15600.420977575921
t370,2355.428792545537,0.0,571.1,2246.9,0.0,1665.0,0.0,0.0,0.0,0.0,0.0,344.3679016461633,286.76085571246455,1615.6797365377643,3664.9237333216242,0.0,0.0,0.0,0.0,0.0,0.0,0.0,0.0,0.0,0.0,0.0,12750.161019763555
t371,2345.954968712272,0.0,0.0,2246.9,0.0,1665.0,0.0,0.0,0.0,0.0,0.0,0.0,0.0,4164.812808875208,8608.253755706013,0.0,0.0,0.0,0.0,0.0,0.0,0.0,0.0,0.0,0.0,0.0,19030.921533293495
t372,1022.1710726149885,0.0,571.1,2246.9,0.0,1665.0,0.0,0.0,0.0,0.0,0.0,0.0,0.0,2147.167020219091,6697.5209440044955,0.0,0.0,0.0,0.0,0.0,0.0,0.0,0.0,0.0,0.0,0.0,14349.859036838574
t373,3153.1142587235154,0.0,0.0,2246.9,0.0,1665.0,0.0,0.0,0.0,0.0,0.0,0.0,0.0,4164.812808875208,9604.403850784856,0.0,0.0,0.0,0.0,0.0,0.0,0.0,0.0,0.0,0.0,0.0,20834.23091838358
t374,3038.634882550639,0.0,0.0,2246.9,3095.9,1665.0,0.0,0.0,0.0,0.0,0.0,0.0,571.1859937447194,2726.301381508987,6835.430348417518,0.0,0.0,0.0,0.0,0.0,0.0,0.0,0.0,0.0,0.0,0.0,20179.352606221863
t375,2010.9659782072913,0.0,571.1,2246.9,0.0,1665.0,0.0,0.0,196.3,0.0,0.0,836.9725471188141,1749.2382552789945,0.0,5543.439299520514,0.0,85.22228042895763,0.0,0.0,0.0,0.0,0.0,0.0,0.0,0.0,0.0,14905.138360554573
t376,1789.070357556215,0.0,0.0,2246.9,3095.9,1665.0,0.0,0.0,196.3,0.0,0.0,1630.3,2894.241860441184,1122.6040692855931,1046.1903123718648,975.0306112944655,943.5104450544139,0.0,1222.704001457338,0.0,0.0,0.0,0.0,0.0,0.0,0.0,18827.751657461078
t377,822.0945633514583,0.0,0.0,2246.9,1319.057298555312,1665.0,226.0,0.0,196.3,0.0,0.0,947.6860290052141,3990.9042913489666,983.7130164765949,0.0,1154.081780226189,943.5104450544139,0.0,0.0,0.0,0.0,0.0,0.0,0.0,0.0,0.0,14495.247424018147
t378,0.0,0.0,0.0,2246.9,0.0,1665.0,0.0,0.0,0.0,0.0,0.0,0.0,0.0,0.0,0.0,0.0,943.5104450544139,0.0,0.0,0.0,0.0,0.0,0.0,0.0,0.0,0.0,4855.410445054414
t379,0.0,0.0,0.0,0.0,0.0,0.0,0.0,0.0,28.64235097961054,0.0,0.0,0.0,0.0,0.0,0.0,0.0,0.0,0.0,0.0,0.0,0.0,0.0,0.0,0.0,0.0,0.0,28.64235097961054
t380,0.0,0.0,0.0,0.0,0.0,0.0,0.0,578.5,0.0,0.0,0.0,0.0,0.0,0.0,0.0,92.70008853847867,0.0,0.0,0.0,0.0,0.0,0.0,0.0,0.0,0.0,0.0,671.2000885384787
t381,0.0,0.0,0.0,0.0,0.0,0.0,226.0,0.0,0.0,0.0,0.0,0.0,0.0,0.0,0.0,0.0,269.06071341324264,0.0,0.0,0.0,0.0,0.0,0.0,0.0,0.0,0.0,495.06071341324264
t382,0.0,0.0,0.0,0.0,0.0,0.0,0.0,0.0,0.0,0.0,0.0,0.0,0.0,0.0,0.0,0.0,518.2814011530911,0.0,0.0,0.0,0.0,0.0,0.0,0.0,0.0,0.0,518.2814011530911
t383,0.0,0.0,0.0,0.0,0.0,0.0,0.0,0.0,163.0907566042356,0.0,0.0,0.0,0.0,0.0,0.0,1154.081780226189,390.4273246862565,0.0,0.0,0.0,0.0,0.0,0.0,0.0,0.0,0.0,1707.5998615166811
t384,0.0,0.0,0.0,0.0,0.0,0.0,226.0,0.0,70.92740433324705,0.0,0.0,0.0,0.0,0.0,0.0,0.0,0.0,0.0,0.0,0.0,0.0,0.0,0.0,0.0,0.0,0.0,296.92740433324707
t385,0.0,0.0,0.0,0.0,0.0,0.0,74.57329493262183,578.5,0.0,64.6,149.77429724543865,0.0,0.0,0.0,0.0,1154.081780226189,0.0,1.001440702644639,0.0,0.0,0.0,0.0,0.0,0.0,0.0,0.0,2022.5308131068941
t386,0.0,0.0,0.0,0.0,0.0,0.0,226.0,578.5,0.0,0.0,0.0,0.0,0.0,0.0,0.0,1154.081780226189,0.0,1.001440702644639,0.0,0.0,0.0,0.0,0.0,0.0,0.0,0.0,1959.5832209288337
t387,0.0,0.0,0.0,0.0,0.0,0.0,226.0,578.5,0.0,64.6,0.0,0.0,0.0,0.0,0.0,1154.081780226189,0.0,0.0,0.0,0.0,0.0,0.0,0.0,0.0,0.0,0.0,2023.181780226189
t388,0.0,0.0,0.0,0.0,0.0,0.0,0.0,578.5,0.0,64.6,0.0,0.0,0.0,0.0,0.0,390.7826565177563,0.0,0.0,0.0,0.0,0.0,0.0,0.0,0.0,0.0,0.0,1033.8826565177565
t389,0.0,0.0,0.0,0.0,0.0,0.0,226.0,578.5,0.0,0.0,0.0,0.0,0.0,0.0,0.0,0.0,0.0,1.001440702644639,0.0,0.0,0.0,0.0,0.0,0.0,0.0,0.0,805.5014407026447
t390,0.0,0.0,0.0,0.0,0.0,0.0,0.0,578.5,0.0,0.0,0.0,0.0,0.0,0.0,0.0,1154.081780226189,0.0,0.0,0.0,0.0,0.0,0.0,0.0,0.0,0.0,0.0,1732.581780226189
t391,0.0,0.0,0.0,0.0,0.0,0.0,226.0,578.5,196.3,0.0,0.0,0.0,0.0,0.0,0.0,0.0,943.5104450544139,0.0,0.0,0.0,0.0,0.0,0.0,0.0,0.0,0.0,1944.3104450544138
t392,6469.0,97.3,0.0,2246.9,0.0,1665.0,0.0,578.5,196.3,0.0,0.0,797.3011427642705,663.9615516434907,415.1075720478144,7545.919543733898,0.0,784.4241307861399,0.0,2783.032938372958,0.0,0.0,0.0,0.0,0.0,0.0,0.0,24242.746879348575
t393,370.9316541678894,97.3,177.68280024998114,2246.9,2210.5615447484643,1665.0,0.0,0.0,66.3605119170931,64.6,0.0,1630.3,7476.5524143391885,4164.812808875208,10671.433434639432,0.0,943.5104450544139,0.0,5285.913449884007,0.0,0.0,0.0,0.0,0.0,0.0,0.0,37071.85906387567
t394,325.1520564612665,97.3,571.1,2246.9,3095.9,1665.0,0.0,578.5,196.3,0.0,0.0,1630.3,6806.172080463383,4164.812808875208,8049.314406264827,0.0,943.5104450544139,0.0,3816.1058007564334,0.0,0.0,0.0,0.0,0.0,0.0,0.0,34186.367597875535
t395,6469.0,97.3,571.1,2246.9,3095.9,1665.0,0.0,578.5,0.0,0.0,0.0,0.0,714.7120066703992,488.6947942369436,9519.466362730556,0.0,0.0,0.0,3574.4645201883686,0.0,0.0,0.0,0.0,0.0,0.0,0.0,29021.037683826267
t396,2404.3309125523406,97.3,0.0,2246.9,3095.9,1665.0,0.0,578.5,0.0,0.0,0.0,0.0,6860.216897069176,0.0,8145.551280215841,0.0,182.98464232641268,0.33909699020443834,2866.972070542341,0.0,0.0,0.0,0.0,0.0,0.0,0.0,28143.994899696318
t397,314.4287892423745,97.3,571.1,2246.9,610.4712114467388,1665.0,0.0,144.6249999987764,0.0,21.657220961652605,0.0,0.0,7277.430634212046,1986.400738612768,2367.493769973651,0.0,0.0,1.001440702644639,3019.4115185844275,0.0,0.0,0.0,0.0,0.0,0.0,0.0,20323.22032373508
t398,6469.0,97.3,0.0,2246.9,0.0,1665.0,0.0,0.0,196.3,0.0,0.0,0.0,1085.303817497385,3165.2281334401596,0.0,0.0,0.0,0.0,1587.6121884001486,0.0,0.0,0.0,0.0,0.0,0.0,0.0,16512.64413933769
t399,0.0,97.3,0.0,2246.9,0.0,1665.0,0.0,0.0,0.0,0.0,0.0,0.0,5163.856756974526,1759.7924247692793,0.0,0.0,295.5829465689956,0.0,0.0,0.0,0.0,0.0,0.0,0.0,0.0,0.0,11228.432128312801
t400,0.0,97.3,0.0,2246.9,0.0,550.7174356839761,0.0,0.0,0.0,0.0,0.0,0.0,61.38070152752357,1924.6457010029621,0.0,0.0,0.0,0.0,0.0,0.0,0.0,0.0,0.0,0.0,0.0,0.0,4880.943838214462
t401,0.0,0.0,0.0,0.0,0.0,0.0,0.0,0.0,0.0,0.0,0.0,0.0,0.0,0.0,0.0,0.0,0.0,0.0,0.0,0.0,0.0,0.0,0.0,0.0,0.0,0.0,0.0
t402,0.0,0.0,0.0,0.0,0.0,0.0,0.0,0.0,0.0,0.0,0.0,0.0,0.0,0.0,0.0,0.0,0.0,0.0,0.0,0.0,0.0,0.0,0.0,0.0,0.0,0.0,0.0
t403,0.0,0.0,0.0,0.0,0.0,0.0,0.0,0.0,0.0,0.0,0.0,0.0,0.0,0.0,0.0,0.0,0.0,0.0,0.0,0.0,0.0,0.0,0.0,0.0,0.0,0.0,0.0
t404,0.0,0.0,0.0,0.0,0.0,0.0,0.0,0.0,0.0,0.0,0.0,0.0,0.0,0.0,0.0,0.0,0.0,0.0,0.0,0.0,0.0,0.0,0.0,0.0,0.0,0.0,0.0
t405,0.0,0.0,0.0,0.0,0.0,0.0,0.0,0.0,0.0,0.0,0.0,0.0,0.0,0.0,0.0,0.0,0.0,0.0,0.0,0.0,0.0,0.0,0.0,0.0,0.0,0.0,0.0
t406,0.0,0.0,0.0,0.0,0.0,0.0,0.0,0.0,0.0,0.0,0.0,0.0,0.0,0.0,0.0,0.0,0.0,0.0,0.0,0.0,0.0,0.0,0.0,0.0,0.0,0.0,0.0
t407,0.0,0.0,0.0,0.0,0.0,0.0,0.0,0.0,0.0,0.0,0.0,0.0,0.0,0.0,0.0,0.0,0.0,0.0,0.0,0.0,0.0,0.0,0.0,0.0,0.0,0.0,0.0
t408,0.0,0.0,0.0,0.0,0.0,0.0,0.0,0.0,0.0,0.0,0.0,0.0,0.0,0.0,0.0,0.0,0.0,0.0,0.0,0.0,0.0,0.0,0.0,0.0,0.0,0.0,0.0
t409,0.0,0.0,0.0,0.0,0.0,0.0,0.0,578.5,0.0,0.0,314.0,356.0175387421623,0.0,0.0,0.0,0.0,0.0,1.001440702644639,0.0,0.0,0.0,0.0,0.0,0.0,0.0,0.0,1249.518979444807
t410,0.0,0.0,0.0,0.0,0.0,0.0,0.0,578.5,150.59888728619126,64.6,314.0,0.0,0.0,0.0,0.0,0.0,0.0,0.0,224.98148304646628,0.0,0.0,0.0,0.0,0.0,0.0,0.0,1332.6803703326575
t411,0.0,0.0,0.0,0.0,0.0,0.0,0.0,298.74388936908144,94.54040676987188,0.0,0.0,0.0,0.0,0.0,0.0,0.0,0.0,0.0,0.0,0.0,0.0,0.0,0.0,0.0,0.0,0.0,393.2842961389533
t412,0.0,0.0,0.0,0.0,0.0,0.0,0.0,223.82157468269082,0.0,0.0,0.0,0.0,0.0,0.0,0.0,0.0,0.0,0.0,0.0,0.0,0.0,0.0,0.0,0.0,0.0,0.0,223.82157468269082
t413,0.0,0.0,0.0,0.0,0.0,0.0,0.0,0.0,0.0,0.0,0.0,0.0,0.0,0.0,0.0,0.0,0.0,0.0,0.0,0.0,0.0,0.0,0.0,0.0,0.0,0.0,0.0
t414,0.0,0.0,0.0,0.0,0.0,0.0,0.0,0.0,0.0,0.0,0.0,0.0,0.0,0.0,0.0,0.0,0.0,0.0,0.0,0.0,0.0,0.0,0.0,0.0,0.0,0.0,0.0
t415,0.0,0.0,0.0,0.0,0.0,0.0,0.0,0.0,0.0,0.0,0.0,0.0,0.0,0.0,0.0,0.0,0.0,0.0,0.0,0.0,0.0,0.0,0.0,0.0,0.0,0.0,0.0
t416,0.0,0.0,177.68280024998114,0.0,1766.0451218419275,0.0,0.0,0.0,0.0,0.0,0.0,0.0,0.0,0.0,0.0,0.0,378.95646157935795,0.0,0.0,0.0,0.0,0.0,0.0,0.0,0.0,0.0,2322.6843836712665
t417,4055.825658623595,0.0,0.0,0.0,3095.9,0.0,226.0,0.0,196.3,21.04164808889148,0.0,1630.3,0.0,0.0,7323.360564759015,0.0,551.7749184769898,0.0,323.36091686871305,0.0,0.0,0.0,0.0,0.0,0.0,0.0,17423.863706817203
t418,5417.406561130022,0.0,571.1,0.0,0.0,0.0,28.473286284373827,0.0,196.3,54.958351866477116,0.0,1630.3,0.0,2239.0785454948464,10671.433434639432,0.0,801.2144107423451,0.0,321.44154012735305,0.0,0.0,0.0,0.0,0.0,0.0,0.0,21931.70613028485
t419,5695.0408261958255,0.0,0.0,0.0,3095.9,0.0,0.0,0.0,196.3,0.0,0.0,0.0,0.0,4164.812808875208,8084.29471290485,0.0,743.2345988886173,0.0,0.0,0.0,0.0,0.0,0.0,0.0,0.0,0.0,21979.582946864495
t420,2105.56131266459,0.0,571.1,0.0,3095.9,0.0,0.0,0.0,196.3,0.0,0.0,0.0,0.0,0.0,8435.05271250825,0.0,0.0,0.0,0.0,0.0,0.0,0.0,0.0,0.0,0.0,0.0,14403.914025172839
t421,1921.1122317256377,0.0,571.1,0.0,0.0,0.0,0.0,0.0,66.36051191709318,0.0,0.0,0.0,0.0,0.0,7914.252546026713,0.0,0.0,0.0,0.0,0.0,0.0,0.0,0.0,0.0,0.0,0.0,10472.825289669445
t422,3626.8968220842016,0.0,0.0,0.0,0.0,0.0,0.0,0.0,0.0,0.0,0.0,0.0,0.0,2306.3653313213463,3870.784826719953,0.0,0.0,0.0,0.0,0.0,0.0,0.0,0.0,0.0,0.0,0.0,9804.0469801255
t423,0.0,0.0,0.0,0.0,1054.9876343532749,0.0,0.0,0.0,0.0,0.0,0.0,0.0,0.0,2220.394490006278,0.0,0.0,0.0,0.0,0.0,0.0,0.0,0.0,0.0,0.0,0.0,0.0,3275.382124359553
t424,0.0,0.0,0.0,0.0,0.0,0.0,0.0,0.0,0.0,0.0,0.0,0.0,0.0,0.0,0.0,0.0,0.0,0.0,0.0,0.0,0.0,0.0,0.0,0.0,0.0,0.0,0.0
t425,0.0,0.0,0.0,0.0,0.0,0.0,0.0,0.0,0.0,0.0,0.0,0.0,0.0,0.0,0.0,0.0,0.0,0.0,0.0,0.0,0.0,0.0,0.0,0.0,0.0,0.0,0.0
t426,0.0,0.0,0.0,0.0,0.0,0.0,226.0,578.5,196.3,21.657220961652605,314.0,260.98410119544235,0.0,0.0,0.0,0.0,0.0,0.339096990204438,0.0,0.0,0.0,0.0,0.0,0.0,0.0,0.0,1597.7804191472992
t427,0.0,0.0,0.0,0.0,0.0,0.0,74.57329493262183,578.5,0.0,64.6,314.0,1630.3,0.0,0.0,0.0,0.0,0.0,1.001440702644639,859.1391674390705,0.0,0.0,0.0,0.0,0.0,0.0,0.0,3522.113903074337
t428,0.0,0.0,0.0,0.0,0.0,0.0,0.0,578.5,0.0,0.0,0.0,953.7507803943943,0.0,0.0,0.0,390.7826565177563,0.0,0.0,0.0,0.0,0.0,0.0,0.0,0.0,0.0,0.0,1923.0334369121506
t429,0.0,0.0,0.0,0.0,0.0,0.0,226.0,578.5,0.0,0.0,0.0,0.0,0.0,0.0,0.0,1154.081780226189,0.0,0.0,694.0610527751992,0.0,0.0,0.0,0.0,0.0,0.0,0.0,2652.642833001388
t430,0.0,0.0,0.0,0.0,0.0,0.0,0.0,578.5,121.2213568507459,0.0,0.0,0.0,0.0,0.0,0.0,1154.081780226189,0.0,0.0,1672.5563498523734,0.0,0.0,0.0,0.0,0.0,0.0,0.0,3526.3594869293083
t431,0.0,0.0,0.0,0.0,0.0,0.0,226.0,578.5,196.3,64.6,314.0,0.0,0.0,0.0,0.0,1154.081780226189,0.0,1.001440702644639,3927.307421596389,0.0,0.0,0.0,0.0,0.0,0.0,0.0,6461.790642525222
t432,0.0,0.0,0.0,0.0,0.0,0.0,226.0,578.5,0.0,64.6,314.0,856.8487224322716,0.0,0.0,0.0,1154.081780226189,0.0,1.001440702644639,2607.3513899770023,0.0,0.0,0.0,0.0,0.0,0.0,0.0,5802.383333338108
t433,0.0,0.0,0.0,0.0,0.0,0.0,0.0,0.0,0.0,0.0,0.0,0.0,0.0,0.0,0.0,0.0,0.0,0.0,0.0,0.0,0.0,0.0,0.0,0.0,0.0,0.0,0.0
t434,0.0,0.0,0.0,0.0,0.0,0.0,0.0,0.0,0.0,0.0,0.0,0.0,0.0,0.0,0.0,0.0,0.0,0.0,0.0,0.0,0.0,0.0,0.0,0.0,0.0,0.0,0.0
t435,0.0,0.0,0.0,0.0,0.0,0.0,0.0,0.0,0.0,0.0,0.0,0.0,0.0,0.0,0.0,0.0,0.0,0.0,0.0,0.0,0.0,0.0,0.0,0.0,0.0,0.0,0.0
t436,0.0,0.0,0.0,0.0,0.0,0.0,0.0,0.0,0.0,0.0,0.0,0.0,0.0,0.0,0.0,0.0,0.0,0.0,0.0,0.0,0.0,0.0,0.0,0.0,0.0,0.0,0.0
t437,0.0,0.0,0.0,0.0,0.0,0.0,0.0,0.0,0.0,0.0,0.0,0.0,0.0,0.0,0.0,0.0,0.0,0.0,0.0,0.0,0.0,0.0,0.0,0.0,0.0,0.0,0.0
t438,0.0,0.0,0.0,0.0,0.0,0.0,0.0,0.0,0.0,0.0,0.0,0.0,0.0,0.0,0.0,0.0,0.0,0.0,0.0,0.0,0.0,0.0,0.0,0.0,0.0,0.0,0.0
t439,0.0,0.0,0.0,0.0,0.0,0.0,0.0,0.0,0.0,0.0,0.0,0.0,0.0,0.0,0.0,0.0,0.0,0.0,0.0,0.0,0.0,0.0,0.0,0.0,0.0,0.0,0.0
t440,628.0250121913615,0.0,0.0,0.0,0.0,0.0,0.0,0.0,0.0,0.0,0.0,361.6140276311435,0.0,0.0,0.0,0.0,0.0,0.0,0.0,0.0,0.0,0.0,0.0,0.0,0.0,0.0,989.639039822505
t441,4607.189957050301,0.0,177.68280024998114,0.0,3095.9,1096.0731425859851,0.0,0.0,196.3,0.0,0.0,638.9635323289392,0.0,0.0,4059.671738686688,0.0,317.26816562904276,0.0,2576.1811312478912,0.0,0.0,0.0,0.0,0.0,0.0,0.0,16765.230467778827
t442,6388.0975948443365,0.0,0.0,0.0,3095.9,0.0,226.0,0.0,0.0,0.0,0.0,1630.3,0.0,2945.915412697224,9812.252992914242,0.0,399.8103733549524,0.0,1307.01946718616,0.0,0.0,0.0,0.0,0.0,0.0,0.0,25805.295840996914
t443,2803.701543412821,0.0,571.1,0.0,3095.9,0.0,0.0,0.0,0.0,0.0,0.0,992.4170445284452,3590.0190368488675,3304.485082377625,9538.31403677171,0.0,697.5880780348707,0.0,0.0,0.0,0.0,0.0,0.0,0.0,0.0,0.0,24593.52482197434
t444,5440.277581318046,0.0,0.0,0.0,2821.0327561952026,0.0,0.0,0.0,196.3,0.0,0.0,434.60653827574237,0.0,3596.3795949933556,7812.711654161853,0.0,461.4677690146088,0.0,0.0,0.0,0.0,0.0,0.0,0.0,0.0,0.0,20762.77589395881
t445,0.0,0.0,571.1,0.0,0.0,0.0,8.588725668990989,0.0,0.0,0.0,0.0,0.0,4463.481309570787,4164.812808875208,6186.043047151839,0.0,442.1435591978588,0.0,0.0,0.0,0.0,0.0,0.0,0.0,0.0,0.0,15836.169450464684
t446,0.0,0.0,571.1,0.0,0.0,0.0,0.0,0.0,0.0,0.0,0.0,0.0,3588.5261773264656,1379.904983415654,5749.618186540553,0.0,480.30274517915393,0.0,0.0,0.0,0.0,0.0,0.0,0.0,0.0,0.0,11769.452092461826
t447,2954.5517236070073,0.0,0.0,0.0,0.0,0.0,0.0,0.0,196.3,0.0,0.0,0.0,0.0,2163.521947975507,3140.5671413313275,0.0,555.3745737651193,0.0,0.0,0.0,0.0,0.0,0.0,0.0,0.0,0.0,9010.315386678962
t448,0.0,0.0,0.0,0.0,0.0,0.0,0.0,0.0,66.36051191709318,0.0,0.0,0.0,42.54464807361319,514.4751515257724,0.0,0.0,0.0,0.0,0.0,0.0,0.0,0.0,0.0,0.0,0.0,0.0,623.3803115164787
t449,0.0,0.0,0.0,0.0,0.0,0.0,0.0,0.0,0.0,0.0,0.0,0.0,0.0,0.0,0.0,0.0,388.3730947676366,0.0,0.0,0.0,0.0,0.0,0.0,0.0,0.0,0.0,388.3730947676366
t450,0.0,0.0,0.0,0.0,0.0,0.0,0.0,0.0,196.3,0.0,0.0,0.0,0.0,0.0,0.0,0.0,351.1946959015472,0.0,0.0,0.0,0.0,0.0,0.0,0.0,0.0,0.0,547.4946959015472
t451,0.0,0.0,0.0,0.0,0.0,0.0,0.0,0.0,0.0,0.0,0.0,0.0,0.0,0.0,0.0,0.0,0.0,0.0,0.0,0.0,0.0,0.0,0.0,0.0,0.0,0.0,0.0
t452,0.0,0.0,0.0,0.0,0.0,0.0,0.0,0.0,108.16411689212092,0.0,0.0,0.0,0.0,0.0,0.0,0.0,0.0,0.0,0.0,0.0,0.0,0.0,0.0,0.0,0.0,0.0,108.16411689212092
t453,0.0,0.0,0.0,0.0,0.0,0.0,0.0,0.0,0.0,0.0,0.0,0.0,0.0,0.0,0.0,0.0,0.0,0.0,0.0,0.0,0.0,0.0,0.0,0.0,0.0,0.0,0.0
t454,0.0,0.0,0.0,0.0,0.0,0.0,0.0,0.0,196.3,0.0,0.0,0.0,0.0,0.0,0.0,0.0,177.55130434434818,0.0,0.0,0.0,0.0,0.0,0.0,0.0,0.0,0.0,373.8513043443482
t455,0.0,0.0,0.0,0.0,0.0,0.0,0.0,0.0,141.3492426566074,0.0,0.0,0.0,0.0,0.0,0.0,0.0,158.04242298238728,0.0,0.0,0.0,0.0,0.0,0.0,0.0,0.0,0.0,299.3916656389947
t456,0.0,0.0,0.0,0.0,0.0,0.0,0.0,0.0,0.0,0.0,0.0,0.0,0.0,0.0,0.0,0.0,0.0,0.0,0.0,0.0,0.0,0.0,0.0,0.0,0.0,0.0,0.0
t457,0.0,0.0,360.60378038113095,0.0,0.0,0.0,0.0,0.0,0.0,64.6,0.0,1340.1529716599612,0.0,0.0,0.0,0.0,0.0,1.001440702644639,72.697893073283,0.0,0.0,0.0,0.0,0.0,0.0,0.0,1839.0560858170197
t458,0.0,0.0,571.1,0.0,0.0,0.0,0.0,0.0,67.42979074038078,64.6,0.0,1379.6214148946879,0.0,393.99928155992137,0.0,0.0,0.0,1.001440702644639,0.0,0.0,0.0,0.0,0.0,0.0,0.0,0.0,2477.7519278976347
t459,0.0,0.0,571.1,0.0,740.7699489550242,0.0,0.0,0.0,0.0,64.6,0.0,1188.97017352723,0.0,114.84126898701858,0.0,0.0,0.0,1.001440702644639,0.0,0.0,0.0,0.0,0.0,0.0,0.0,0.0,2681.2828321719176
t460,0.0,0.0,0.0,0.0,0.0,0.0,0.0,0.0,0.0,0.0,0.0,149.15658268239147,0.0,0.0,0.0,0.0,0.0,0.0,0.0,0.0,0.0,0.0,0.0,0.0,0.0,0.0,149.15658268239147
t461,0.0,0.0,0.0,0.0,0.0,0.0,0.0,0.0,0.0,0.0,0.0,0.0,0.0,0.0,0.0,0.0,0.0,0.0,0.0,0.0,0.0,0.0,0.0,0.0,0.0,0.0,0.0
t462,0.0,0.0,0.0,0.0,0.0,0.0,0.0,0.0,0.0,0.0,0.0,0.0,0.0,0.0,0.0,0.0,0.0,0.0,0.0,0.0,0.0,0.0,0.0,0.0,0.0,0.0,0.0
t463,0.0,0.0,0.0,0.0,0.0,0.0,0.0,0.0,0.0,0.0,0.0,0.0,0.0,0.0,0.0,0.0,0.0,0.0,0.0,0.0,0.0,0.0,0.0,0.0,0.0,0.0,0.0
t464,0.0,0.0,0.0,0.0,0.0,0.0,226.0,223.6552404830078,84.57101201651216,0.0,0.0,0.0,0.0,0.0,0.0,761.2690560482037,0.0,0.0,0.0,0.0,0.0,0.0,0.0,0.0,0.0,0.0,1295.4953085477237
t465,2617.3387668451032,0.0,177.68280024998114,2246.9,3095.9,0.0,226.0,0.0,196.3,0.0,0.0,0.0,0.0,2949.6954001631316,3088.4200475898297,86.2548234657517,127.82604134492341,0.0,0.0,0.0,0.0,0.0,0.0,0.0,0.0,0.0,14812.31787965872
t466,3370.832045322123,0.0,571.1,2246.9,2078.1265337165487,1488.96991501562,185.0951934473669,0.0,16.56267897004284,0.0,0.0,0.0,0.0,4164.812808875208,10671.433434639432,0.0,352.35548454272447,0.0,0.0,0.0,0.0,0.0,0.0,0.0,0.0,0.0,25146.188094529065
t467,3174.8529636614116,0.0,571.1,2246.9,3095.9,1665.0,0.0,0.0,0.0,0.0,0.0,0.0,0.0,4164.812808875208,10671.433434639432,0.0,339.96767694749127,0.0,0.0,0.0,0.0,0.0,0.0,0.0,0.0,0.0,25929.96688412354
t468,2247.9050436721823,0.0,0.0,2246.9,2311.6961704976147,0.0,0.0,0.0,196.3,0.0,0.0,0.0,0.0,3592.251347563678,10671.433434639432,0.0,310.5139390146085,0.0,0.0,0.0,0.0,0.0,0.0,0.0,0.0,0.0,21576.999935387514
t469,1015.8074190304001,0.0,571.1,2246.9,0.0,0.0,0.0,0.0,0.0,0.0,0.0,0.0,0.0,3197.922616383117,5846.053085695166,0.0,0.0,0.0,0.0,0.0,0.0,0.0,0.0,0.0,0.0,0.0,12877.783121108683
t470,0.0,0.0,0.0,2246.9,0.0,0.0,0.0,0.0,196.3,0.0,0.0,0.0,0.0,0.0,5350.40536035492,0.0,366.312532728662,0.0,0.0,0.0,0.0,0.0,0.0,0.0,0.0,0.0,8159.917893083582
t471,0.0,0.0,0.0,2246.9,1527.110051981039,0.0,0.0,0.0,161.52682093053815,0.0,0.0,0.0,0.0,0.0,0.0,119.81746717936039,0.0,0.0,0.0,0.0,0.0,0.0,0.0,0.0,0.0,0.0,4055.354340090938
t472,0.0,0.0,0.0,0.0,0.0,0.0,226.0,0.0,0.0,0.0,0.0,0.0,0.0,0.0,0.0,28.23763144057375,0.0,0.0,0.0,0.0,0.0,0.0,0.0,0.0,0.0,0.0,254.23763144057375
t473,0.0,0.0,0.0,0.0,0.0,0.0,0.0,578.5,0.0,0.0,0.0,0.0,0.0,0.0,0.0,1019.10766641175,0.0,0.0,0.0,0.0,0.0,0.0,0.0,0.0,0.0,0.0,1597.60766641175
t474,0.0,0.0,0.0,0.0,0.0,0.0,74.57329493262183,0.0,0.0,0.0,0.0,0.0,0.0,0.0,0.0,1154.081780226189,0.0,0.0,0.0,0.0,0.0,0.0,0.0,0.0,0.0,0.0,1228.6550751588109
t475,0.0,0.0,0.0,0.0,0.0,0.0,226.0,0.0,0.0,0.0,0.0,0.0,0.0,0.0,0.0,0.0,0.0,0.0,0.0,0.0,0.0,0.0,0.0,0.0,0.0,0.0,226.0
t476,0.0,0.0,0.0,0.0,0.0,0.0,226.0,0.0,0.0,0.0,0.0,0.0,0.0,0.0,0.0,939.0467923943688,0.0,0.0,0.0,0.0,0.0,0.0,0.0,0.0,0.0,0.0,1165.0467923943688
t477,0.0,0.0,0.0,0.0,0.0,0.0,0.0,0.0,0.0,0.0,0.0,0.0,0.0,0.0,0.0,1114.1308038989227,0.0,0.0,0.0,0.0,0.0,0.0,0.0,0.0,0.0,0.0,1114.1308038989227
t478,0.0,0.0,0.0,0.0,0.0,0.0,0.0,0.0,0.0,0.0,0.0,0.0,0.0,0.0,0.0,0.0,0.0,0.0,0.0,0.0,0.0,0.0,0.0,0.0,0.0,0.0,0.0
t479,0.0,0.0,0.0,0.0,0.0,0.0,226.0,0.0,0.0,0.0,0.0,0.0,0.0,0.0,0.0,0.0,0.0,0.0,0.0,0.0,0.0,0.0,0.0,0.0,0.0,0.0,226.0
t480,0.0,0.0,0.0,0.0,0.0,0.0,0.0,0.0,0.0,0.0,0.0,0.0,0.0,0.0,0.0,0.0,0.0,0.0,0.0,0.0,0.0,0.0,0.0,0.0,0.0,0.0,0.0
t481,0.0,0.0,0.0,0.0,0.0,0.0,0.0,0.0,0.0,0.0,0.0,0.0,0.0,0.0,0.0,0.0,0.0,0.0,0.0,0.0,0.0,0.0,0.0,0.0,0.0,0.0,0.0
t482,0.0,0.0,0.0,0.0,0.0,0.0,0.0,0.0,0.0,0.0,0.0,0.0,0.0,0.0,0.0,0.0,0.0,0.0,0.0,0.0,0.0,0.0,0.0,0.0,0.0,0.0,0.0
t483,0.0,0.0,0.0,0.0,0.0,0.0,0.0,0.0,0.0,0.0,0.0,0.0,0.0,0.0,0.0,0.0,0.0,0.0,0.0,0.0,0.0,0.0,0.0,0.0,0.0,0.0,0.0
t484,0.0,0.0,0.0,0.0,0.0,0.0,0.0,0.0,0.0,0.0,0.0,0.0,0.0,0.0,0.0,0.0,0.0,0.0,0.0,0.0,0.0,0.0,0.0,0.0,0.0,0.0,0.0
t485,0.0,0.0,0.0,0.0,0.0,0.0,0.0,0.0,0.0,0.0,0.0,0.0,0.0,0.0,0.0,0.0,0.0,0.0,0.0,0.0,0.0,0.0,0.0,0.0,0.0,0.0,0.0
t486,0.0,0.0,0.0,0.0,0.0,0.0,0.0,0.0,0.0,0.0,0.0,0.0,0.0,0.0,0.0,0.0,0.0,0.0,0.0,0.0,0.0,0.0,0.0,0.0,0.0,0.0,0.0
t487,0.0,0.0,0.0,0.0,0.0,0.0,0.0,0.0,0.0,0.0,0.0,0.0,0.0,0.0,0.0,0.0,0.0,0.0,0.0,0.0,0.0,0.0,0.0,0.0,0.0,0.0,0.0
t488,0.0,0.0,0.0,0.0,0.0,0.0,0.0,0.0,0.0,0.0,0.0,0.0,0.0,0.0,0.0,0.0,0.0,0.0,0.0,0.0,0.0,0.0,0.0,0.0,0.0,0.0,0.0
t489,0.0,0.0,0.0,2246.9,563.4361907971156,1665.0,0.0,0.0,0.0,0.0,0.0,0.0,6136.484272584583,0.0,2884.717736604538,0.0,0.0,0.0,2778.1011465857,0.0,0.0,0.0,0.0,0.0,0.0,0.0,16274.639346571937
t490,0.0,0.0,177.68280024998114,2246.9,2846.583100350816,1665.0,0.0,0.0,0.0,0.0,0.0,0.0,8138.658414013292,4164.812808875208,10671.433434639432,0.0,0.0,0.0,4541.443521340123,0.0,0.0,0.0,0.0,0.0,0.0,0.0,34452.51407946885
t491,34.07186807858129,0.0,571.1,2246.9,3095.9,1665.0,0.0,0.0,0.0,0.0,0.0,306.0057299875498,8223.58192756079,4164.812808875208,10434.840273956179,0.0,0.0,0.0,3156.4089451701575,0.0,0.0,0.0,0.0,0.0,0.0,0.0,33898.621553628465
t492,1708.3209968355197,0.0,571.1,2246.9,2637.2870934246566,1665.0,0.0,0.0,0.0,0.0,0.0,0.0,4125.251131495154,4164.812808875208,8635.04399525019,0.0,0.0,0.0,1184.2240960479148,0.0,0.0,0.0,0.0,0.0,0.0,0.0,26937.94012192864
t493,0.0,0.0,571.1,2246.9,2009.2324744919404,1665.0,0.0,0.0,0.0,0.0,0.0,0.0,4057.136533097414,3066.0880064559897,5149.434391427869,0.0,0.0,0.0,2904.8407821478513,0.0,0.0,0.0,0.0,0.0,0.0,0.0,21669.732187621063
t494,0.0,0.0,0.0,2246.9,956.293897130673,1665.0,0.0,0.0,0.0,0.0,0.0,0.0,3028.1951212725726,729.7772151679801,6979.360042693848,0.0,0.0,0.0,2947.714654579023,0.0,0.0,0.0,0.0,0.0,0.0,0.0,18553.2409308441
t495,0.0,0.0,0.0,2246.9,0.0,1665.0,0.0,0.0,58.29802953992907,0.0,0.0,0.0,333.3611783426491,1779.1913336107505,1544.3489229861584,0.0,0.0,0.0,1258.977755438288,0.0,0.0,0.0,0.0,0.0,0.0,0.0,8886.077219917777
t496,0.0,0.0,0.0,1443.6710641007194,0.0,0.0,0.0,0.0,0.0,0.0,0.0,0.0,0.0,0.0,0.0,0.0,0.0,0.0,0.0,0.0,0.0,0.0,0.0,0.0,0.0,0.0,1443.6710641007194
t497,0.0,0.0,0.0,0.0,0.0,0.0,0.0,578.5,0.0,64.6,314.0,0.0,0.0,0.0,0.0,0.0,0.0,0.0,452.15732779874725,0.0,0.0,0.0,0.0,0.0,0.0,0.0,1409.2573277987472
t498,0.0,0.0,0.0,0.0,0.0,0.0,0.0,578.5,0.0,0.0,314.0,0.0,0.0,0.0,0.0,0.0,0.0,1.001440702644639,1206.7335940348594,0.0,0.0,0.0,0.0,0.0,0.0,0.0,2100.235034737504
t499,0.0,0.0,0.0,0.0,0.0,0.0,226.0,578.5,196.3,64.6,314.0,0.0,0.0,0.0,0.0,0.0,244.62793234674746,1.001440702644639,0.0,0.0,0.0,0.0,0.0,0.0,0.0,0.0,1625.029373049392
t500,0.0,0.0,0.0,0.0,0.0,0.0,0.0,578.5,66.3605119170931,64.6,314.0,290.64327017053137,0.0,0.0,0.0,783.0367638364484,143.25083184598043,0.3390969902044381,1429.6916050178063,0.0,0.0,0.0,0.0,0.0,0.0,0.0,3670.4220797780636
t501,0.0,0.0,0.0,0.0,0.0,0.0,226.0,578.5,196.3,0.0,314.0,1349.5006925907064,0.0,0.0,0.0,1154.081780226189,943.5104450544139,1.001440702644639,0.0,0.0,0.0,0.0,0.0,0.0,0.0,0.0,4762.894358573954
t502,0.0,0.0,0.0,0.0,0.0,0.0,226.0,578.5,196.3,64.6,314.0,1211.797421487815,0.0,0.0,0.0,1154.081780226189,943.5104450544139,1.001440702644639,0.0,0.0,0.0,0.0,0.0,0.0,0.0,0.0,4689.791087471062
t503,0.0,0.0,0.0,0.0,0.0,0.0,74.57329493262192,578.5,196.3,0.0,314.0,0.0,0.0,0.0,0.0,1154.081780226189,875.1129554888204,0.0,1073.219058568209,0.0,0.0,0.0,0.0,0.0,0.0,0.0,4265.787089215841
t504,0.0,0.0,0.0,0.0,0.0,0.0,226.0,578.5,0.0,21.657220961652605,314.0,1205.9597585152178,0.0,0.0,0.0,761.8276729074969,943.5104450544139,0.0,0.0,0.0,0.0,0.0,0.0,0.0,0.0,0.0,4051.455097438781
t505,0.0,0.0,0.0,0.0,0.0,0.0,0.0,0.0,0.0,0.0,235.4999999994822,0.0,0.0,0.0,0.0,0.0,0.0,0.0,0.0,0.0,0.0,0.0,0.0,0.0,0.0,0.0,235.4999999994822
t506,0.0,0.0,0.0,0.0,0.0,0.0,0.0,433.87499999904924,0.0,0.0,0.0,0.0,0.0,0.0,0.0,0.0,0.0,0.0,0.0,0.0,0.0,0.0,0.0,0.0,0.0,0.0,433.87499999904924
t507,0.0,0.0,0.0,0.0,0.0,0.0,0.0,0.0,0.0,0.0,0.0,0.0,0.0,0.0,0.0,2.4662137747663954e-13,0.0,0.0,0.0,0.0,0.0,0.0,0.0,0.0,0.0,0.0,2.4662137747663954e-13
t508,0.0,0.0,0.0,0.0,0.0,0.0,0.0,0.0,0.0,0.0,0.0,0.0,0.0,0.0,0.0,0.0,0.0,0.0,0.0,0.0,0.0,0.0,0.0,0.0,0.0,0.0,0.0
t509,0.0,0.0,0.0,0.0,0.0,0.0,0.0,0.0,0.0,0.0,0.0,0.0,0.0,0.0,0.0,0.0,0.0,0.0,0.0,0.0,0.0,0.0,0.0,0.0,0.0,0.0,0.0
t510,0.0,0.0,0.0,0.0,0.0,0.0,0.0,0.0,0.0,0.0,0.0,0.0,0.0,0.0,0.0,0.0,0.0,0.0,0.0,0.0,0.0,0.0,0.0,0.0,0.0,0.0,0.0
t511,0.0,0.0,0.0,0.0,0.0,0.0,0.0,0.0,0.0,0.0,0.0,0.0,0.0,0.0,0.0,0.0,0.0,0.0,0.0,0.0,0.0,0.0,0.0,0.0,0.0,0.0,0.0
t512,0.0,0.0,0.0,2246.9,0.0,1665.0,0.0,0.0,0.0,0.0,0.0,0.0,0.0,0.0,0.0,0.0,0.0,0.0,0.0,0.0,0.0,0.0,0.0,0.0,0.0,0.0,3911.9
t513,0.0,97.3,0.0,2246.9,3095.9,1665.0,226.0,578.5,0.0,21.657220961652605,314.0,0.0,3891.818541214729,0.0,6519.808211770694,1154.081780226189,0.0,0.339096990204438,4671.05922404188,0.0,0.0,0.0,0.0,0.0,0.0,0.0,24482.364075205347
t514,6469.0,97.3,177.68280024998114,2246.9,3095.9,1665.0,226.0,578.5,66.3605119170931,64.6,314.0,0.0,316.2193431206084,4164.812808875208,10671.433434639432,1154.081780226189,236.7630230618097,0.0,3144.413429686234,0.0,0.0,0.0,0.0,0.0,0.0,0.0,34688.96713177655
t515,6469.0,97.3,571.1,2246.9,3095.9,1665.0,226.0,578.5,196.3,64.6,314.0,1630.3,3728.1704019098297,4164.812808875208,9049.24184156271,1154.081780226189,657.3649009981089,1.001440702644639,2210.8309950897888,0.0,0.0,0.0,0.0,0.0,0.0,0.0,38120.40416936448
t516,6469.0,97.3,571.1,2246.9,1779.662409497314,1665.0,0.0,578.5,0.0,0.0,314.0,0.0,2360.13703516508,2569.641414781403,7915.4964397033555,390.7826565177563,659.2051527670628,0.0,4830.67617489875,0.0,0.0,0.0,0.0,0.0,0.0,0.0,32447.40128333072
t517,0.0,97.3,0.0,2246.9,0.0,1665.0,74.57329493262192,578.5,0.0,64.6,314.0,0.0,7791.0145414247645,4152.044971570063,9154.396192359443,1154.081780226189,943.5104450544139,1.001440702644639,3921.8282900050785,0.0,0.0,0.0,0.0,0.0,0.0,0.0,32158.750956275217
t518,1969.113953078117,97.3,0.0,2246.9,0.0,1665.0,226.0,578.5,196.3,0.0,314.0,1630.3,8322.848537291577,759.7975347378633,2988.8026775225767,0.0,658.132599054682,1.001440702644639,2789.5235043331027,0.0,0.0,0.0,0.0,0.0,0.0,0.0,24443.52024672056
t519,252.67935119802218,97.3,571.1,2246.9,1041.3703466978886,1665.0,0.0,578.5,196.3,64.6,314.0,535.7137964529956,8322.848537291577,1495.3469438901484,0.0,0.0,649.213062539442,1.001440702644639,1365.180868673849,0.0,0.0,0.0,0.0,0.0,0.0,0.0,19397.054347446567
t520,1193.050108147734,97.3,0.0,2246.9,0.0,1665.0,0.0,578.5,196.3,0.0,314.0,261.58734631127527,1376.529922978957,763.038499130449,0.0,0.0,289.3338713692705,0.0,0.0,0.0,0.0,0.0,0.0,0.0,0.0,0.0,8981.539747937686
t521,0.0,0.0,0.0,2246.9,0.0,0.0,0.0,0.0,0.0,0.0,0.0,0.0,0.0,0.0,0.0,0.0,0.0,0.0,0.0,0.0,0.0,0.0,0.0,0.0,0.0,0.0,2246.9
t522,0.0,0.0,0.0,0.0,0.0,0.0,0.0,0.0,0.0,0.0,0.0,0.0,0.0,0.0,0.0,0.0,0.0,0.0,0.0,0.0,0.0,0.0,0.0,0.0,0.0,0.0,0.0
t523,0.0,0.0,0.0,0.0,0.0,0.0,0.0,0.0,0.0,0.0,0.0,0.0,0.0,0.0,0.0,0.0,0.0,0.0,0.0,0.0,0.0,0.0,0.0,0.0,0.0,0.0,0.0
t524,0.0,0.0,0.0,0.0,0.0,0.0,0.0,0.0,0.0,0.0,0.0,0.0,0.0,0.0,0.0,0.0,0.0,0.0,0.0,0.0,0.0,0.0,0.0,0.0,0.0,0.0,0.0
t525,0.0,0.0,0.0,0.0,0.0,0.0,0.0,0.0,0.0,0.0,0.0,0.0,0.0,0.0,0.0,0.0,0.0,0.0,0.0,0.0,0.0,0.0,0.0,0.0,0.0,0.0,0.0
t526,0.0,0.0,0.0,0.0,0.0,0.0,0.0,0.0,0.0,0.0,0.0,0.0,0.0,0.0,0.0,0.0,0.0,0.0,0.0,0.0,0.0,0.0,0.0,0.0,0.0,0.0,0.0
t527,0.0,0.0,0.0,0.0,0.0,0.0,0.0,0.0,0.0,0.0,0.0,0.0,0.0,0.0,0.0,0.0,0.0,0.0,0.0,0.0,0.0,0.0,0.0,0.0,0.0,0.0,0.0
t528,0.0,0.0,0.0,0.0,0.0,0.0,0.0,0.0,0.0,0.0,0.0,0.0,0.0,0.0,0.0,0.0,0.0,0.0,0.0,0.0,0.0,0.0,0.0,0.0,0.0,0.0,0.0
t529,0.0,0.0,0.0,0.0,0.0,0.0,0.0,0.0,0.0,0.0,0.0,0.0,0.0,0.0,0.0,0.0,0.0,0.0,0.0,0.0,0.0,0.0,0.0,0.0,0.0,0.0,0.0
t530,0.0,0.0,0.0,0.0,0.0,0.0,0.0,0.0,0.0,0.0,0.0,0.0,0.0,0.0,0.0,0.0,0.0,0.0,0.0,0.0,0.0,0.0,0.0,0.0,0.0,0.0,0.0
t531,0.0,0.0,0.0,0.0,0.0,0.0,0.0,0.0,0.0,0.0,0.0,0.0,0.0,0.0,0.0,0.0,0.0,0.0,0.0,0.0,0.0,0.0,0.0,0.0,0.0,0.0,0.0
t532,0.0,0.0,0.0,0.0,0.0,0.0,0.0,0.0,0.0,0.0,0.0,0.0,0.0,0.0,0.0,0.0,0.0,0.0,0.0,0.0,0.0,0.0,0.0,0.0,0.0,0.0,0.0
t533,0.0,0.0,0.0,0.0,0.0,0.0,0.0,0.0,0.0,0.0,0.0,0.0,0.0,0.0,0.0,0.0,0.0,0.0,0.0,0.0,0.0,0.0,0.0,0.0,0.0,0.0,0.0
t534,0.0,0.0,0.0,0.0,0.0,0.0,0.0,0.0,0.0,0.0,0.0,0.0,0.0,0.0,0.0,0.0,0.0,0.0,0.0,0.0,0.0,0.0,0.0,0.0,0.0,0.0,0.0
t535,0.0,0.0,0.0,0.0,0.0,0.0,0.0,0.0,0.0,0.0,0.0,0.0,0.0,0.0,0.0,0.0,0.0,0.0,0.0,0.0,0.0,0.0,0.0,0.0,0.0,0.0,0.0
t536,0.0,97.3,0.0,2246.9,0.0,1665.0,0.0,0.0,0.0,0.0,0.0,0.0,0.0,0.0,0.0,0.0,0.0,0.0,0.0,0.0,0.0,0.0,0.0,0.0,0.0,0.0,4009.2000000000003
t537,0.0,97.3,177.68280024998114,2246.9,3095.9,1665.0,0.0,578.5,66.3605119170931,21.657220961652605,314.0,0.0,8322.848537291577,4164.812808875208,6679.525915518483,0.0,943.5104450544139,0.0,3918.064888663798,0.0,0.0,0.0,0.0,0.0,0.0,0.0,32292.063128532205
t538,6469.0,97.3,571.1,2246.9,3095.9,1665.0,0.0,578.5,196.3,64.6,314.0,1630.3,5277.87810539925,4164.812808875208,10671.433434639432,0.0,943.5104450544139,1.001440702644639,5285.913449884007,0.0,0.0,0.0,0.0,0.0,0.0,0.0,43273.449684554966
t539,6469.0,97.3,0.0,2246.9,3095.9,1665.0,0.0,433.87499999904924,196.3,64.6,314.0,1630.3,6119.456721696038,3434.1641890100354,10671.433434639432,0.0,842.6361854074519,1.001440702644639,5285.913449884007,0.0,0.0,0.0,0.0,0.0,0.0,0.0,42567.780421338655
t540,4692.251247889815,97.3,571.1,2246.9,2821.0327561952026,1665.0,0.0,0.0,196.3,0.0,314.0,0.0,4106.026285998092,2140.8923662246843,9596.024634829086,0.0,829.8321724928496,0.3390969902044381,5285.913449884007,0.0,0.0,0.0,0.0,0.0,0.0,0.0,34562.91201050395
t541,0.0,97.3,571.1,2246.9,0.0,1665.0,0.0,0.0,0.0,64.6,314.0,0.0,7054.123325553286,4164.812808875208,8680.761377931783,0.0,424.26473716215145,1.001440702644639,0.0,0.0,0.0,0.0,0.0,0.0,0.0,0.0,25283.863690225073
t542,0.0,97.3,0.0,2246.9,0.0,1665.0,0.0,0.0,196.3,0.0,314.0,797.3011427642707,5229.253884458877,0.0,0.0,0.0,109.76906967350868,0.0,3117.0593291489818,0.0,0.0,0.0,0.0,0.0,0.0,0.0,13772.883426045639
t543,5191.592164534057,97.3,0.0,2246.9,0.0,1665.0,0.0,0.0,0.0,64.6,314.0,0.0,0.0,0.0,0.0,0.0,0.0,1.001440702644639,40.647919263885115,0.0,0.0,0.0,0.0,0.0,0.0,0.0,9621.041524500588
t544,0.0,97.3,0.0,2246.9,0.0,1665.0,0.0,0.0,0.0,0.0,0.0,0.0,0.0,0.0,0.0,0.0,0.0,0.0,0.0,0.0,0.0,0.0,0.0,0.0,0.0,0.0,4009.2000000000003
t545,0.0,0.0,0.0,0.0,0.0,0.0,0.0,0.0,0.0,0.0,0.0,0.0,0.0,0.0,0.0,0.0,0.0,0.0,0.0,0.0,0.0,0.0,0.0,0.0,0.0,0.0,0.0
t546,0.0,0.0,0.0,0.0,0.0,0.0,0.0,0.0,0.0,0.0,0.0,0.0,0.0,0.0,0.0,0.0,0.0,0.0,0.0,0.0,0.0,0.0,0.0,0.0,0.0,0.0,0.0
t547,0.0,0.0,0.0,0.0,0.0,0.0,74.57329493262183,578.5,0.0,0.0,0.0,0.0,0.0,0.0,0.0,94.280949451364,0.0,0.0,0.0,0.0,0.0,0.0,0.0,0.0,0.0,0.0,747.3542443839858
t548,0.0,0.0,0.0,0.0,0.0,0.0,0.0,578.5,0.0,0.0,0.0,0.0,0.0,0.0,0.0,1154.081780226189,0.0,0.0,0.0,0.0,0.0,0.0,0.0,0.0,0.0,0.0,1732.581780226189
t549,0.0,0.0,0.0,0.0,0.0,0.0,226.0,578.5,0.0,0.0,0.0,0.0,0.0,0.0,0.0,1154.081780226189,0.0,0.0,0.0,0.0,0.0,0.0,0.0,0.0,0.0,0.0,1958.581780226189
t550,0.0,0.0,0.0,0.0,0.0,0.0,226.0,578.5,0.0,0.0,0.0,0.0,0.0,0.0,0.0,1154.081780226189,0.0,0.0,0.0,0.0,0.0,0.0,0.0,0.0,0.0,0.0,1958.581780226189
t551,0.0,0.0,0.0,0.0,0.0,0.0,226.0,578.5,0.0,0.0,0.0,0.0,0.0,0.0,0.0,1154.081780226189,0.0,0.0,0.0,0.0,0.0,0.0,0.0,0.0,0.0,0.0,1958.581780226189
t552,0.0,0.0,0.0,0.0,0.0,0.0,226.0,578.5,0.0,0.0,0.0,0.0,0.0,0.0,0.0,296.50170706639244,0.0,0.0,0.0,0.0,0.0,0.0,0.0,0.0,0.0,0.0,1101.0017070663926
t553,0.0,0.0,0.0,0.0,0.0,0.0,226.0,0.0,196.3,0.0,0.0,1630.3,0.0,0.0,0.0,1015.6034146832792,943.5104450544139,0.0,692.2757549461745,0.0,0.0,0.0,0.0,0.0,0.0,0.0,4703.989614683868
t554,0.0,0.0,0.0,0.0,0.0,0.0,226.0,0.0,0.0,0.0,0.0,1351.795178561173,0.0,0.0,0.0,690.2168854488336,265.96191045783183,0.0,0.0,0.0,0.0,0.0,0.0,0.0,0.0,0.0,2533.9739744678386
t555,0.0,0.0,0.0,0.0,0.0,0.0,226.0,0.0,0.0,0.0,0.0,0.0,0.0,0.0,0.0,0.0,0.0,0.0,0.0,0.0,0.0,0.0,0.0,0.0,0.0,0.0,226.0
t556,0.0,0.0,0.0,0.0,0.0,0.0,0.0,0.0,0.0,0.0,0.0,0.0,0.0,0.0,0.0,0.0,0.0,0.0,0.0,0.0,0.0,0.0,0.0,0.0,0.0,0.0,0.0
t557,0.0,0.0,0.0,0.0,0.0,0.0,0.0,0.0,0.0,0.0,0.0,0.0,0.0,0.0,0.0,0.0,0.0,0.0,0.0,0.0,0.0,0.0,0.0,0.0,0.0,0.0,0.0
t558,0.0,0.0,0.0,0.0,0.0,0.0,0.0,0.0,0.0,0.0,0.0,0.0,0.0,0.0,0.0,0.0,0.0,0.0,0.0,0.0,0.0,0.0,0.0,0.0,0.0,0.0,0.0
t559,0.0,97.3,0.0,2246.9,0.0,1665.0,0.0,0.0,0.0,0.0,0.0,797.3011427642705,1334.932532923157,0.0,0.0,0.0,0.0,0.0,2681.393000726308,0.0,0.0,0.0,0.0,0.0,0.0,0.0,8822.826676413737
t560,0.0,97.3,0.0,2246.9,2821.0327561952026,1665.0,0.0,0.0,115.81653979199068,0.0,0.0,1630.3,5988.48629722785,1200.443407533,5340.864168379911,0.0,0.0,0.0,5285.913449884007,0.0,0.0,0.0,0.0,0.0,0.0,0.0,26392.05661901196
t561,0.0,97.3,0.0,2246.9,0.0,1665.0,0.0,0.0,0.0,0.0,0.0,0.0,7057.79113128339,585.1385541874297,10319.15852546533,0.0,0.0,0.0,5285.913449884007,0.0,0.0,0.0,0.0,0.0,0.0,0.0,27257.201660820156
t562,0.0,97.3,571.1,2246.9,3095.9,1665.0,0.0,0.0,0.0,0.0,0.0,0.0,6452.4211627317545,4164.812808875208,4918.9493206885545,0.0,0.0,0.0,4690.484445868157,0.0,0.0,0.0,0.0,0.0,0.0,0.0,27902.867738163677
t563,0.0,97.3,0.0,2246.9,3095.9,1665.0,0.0,0.0,0.0,0.0,0.0,0.0,6475.837231023638,3576.3181085204315,7314.855183116207,0.0,0.0,0.0,0.0,0.0,0.0,0.0,0.0,0.0,0.0,0.0,24472.110522660278
t564,6469.0,97.3,571.1,2246.9,0.0,1665.0,0.0,0.0,0.0,0.0,0.0,1630.3,270.00711930201186,2314.554708494895,8240.887184094729,0.0,0.0,0.0,569.8526677771343,0.0,0.0,0.0,0.0,0.0,0.0,0.0,24074.90167966877
t565,0.0,97.3,177.68280024998114,2246.9,0.0,1665.0,0.0,0.0,0.0,0.0,0.0,0.0,6756.693841643505,793.1046521730823,4148.320244629246,0.0,0.0,0.0,4419.955472589073,0.0,0.0,0.0,0.0,0.0,0.0,0.0,20304.95701128489
t566,6469.0,97.3,0.0,2246.9,0.0,1665.0,0.0,0.0,0.0,0.0,0.0,0.0,869.5286692297882,1270.30993320109,5762.999856403688,0.0,0.0,0.0,0.0,0.0,0.0,0.0,0.0,0.0,0.0,0.0,18381.038458834566
t567,6469.0,97.3,0.0,2246.9,3095.9,1665.0,0.0,0.0,26.849871025586772,0.0,0.0,0.0,446.5724197524377,4164.812808875208,253.14431478054584,0.0,0.0,0.0,0.0,0.0,0.0,0.0,0.0,0.0,0.0,0.0,18465.47941443378
t568,3414.8434124238715,97.3,571.1,2246.9,0.0,1665.0,0.0,0.0,196.3,0.0,0.0,0.0,457.3164552795883,0.0,0.0,0.0,887.061768302579,0.0,0.0,0.0,0.0,0.0,0.0,0.0,0.0,0.0,9535.82163600604
t569,0.0,97.3,0.0,2246.9,0.0,1665.0,0.0,0.0,9.326720670355144,0.0,0.0,0.0,0.0,0.0,0.0,0.0,0.0,0.0,0.0,0.0,0.0,0.0,0.0,0.0,0.0,0.0,4018.5267206703556
t570,0.0,0.0,0.0,2246.9,0.0,445.72346903732256,0.0,0.0,0.0,0.0,0.0,0.0,0.0,0.0,0.0,0.0,0.0,0.0,0.0,0.0,0.0,0.0,0.0,0.0,0.0,0.0,2692.6234690373226
t571,0.0,0.0,0.0,0.0,0.0,0.0,0.0,0.0,0.0,0.0,0.0,0.0,0.0,0.0,0.0,0.0,0.0,0.0,0.0,0.0,0.0,0.0,0.0,0.0,0.0,0.0,0.0
t572,0.0,0.0,0.0,0.0,0.0,0.0,0.0,0.0,196.3,0.0,0.0,0.0,0.0,0.0,0.0,0.0,565.8872669464224,0.0,0.0,0.0,0.0,0.0,0.0,0.0,0.0,0.0,762.1872669464224
t573,0.0,0.0,0.0,0.0,0.0,0.0,0.0,0.0,196.3,0.0,0.0,0.0,0.0,0.0,0.0,0.0,943.5104450544139,0.0,0.0,0.0,0.0,0.0,0.0,0.0,0.0,0.0,1139.810445054414
t574,0.0,0.0,0.0,0.0,0.0,0.0,0.0,0.0,0.0,0.0,0.0,0.0,0.0,0.0,0.0,0.0,0.0,0.0,0.0,0.0,0.0,0.0,0.0,0.0,0.0,0.0,0.0
t575,0.0,0.0,0.0,0.0,0.0,0.0,0.0,0.0,196.3,0.0,0.0,0.0,0.0,0.0,0.0,0.0,0.0,0.0,0.0,0.0,0.0,0.0,0.0,0.0,0.0,0.0,196.3
t576,0.0,0.0,0.0,0.0,0.0,0.0,0.0,0.0,66.36051191709318,0.0,0.0,0.0,0.0,0.0,0.0,0.0,178.42140227949002,0.0,0.0,0.0,0.0,0.0,0.0,0.0,0.0,0.0,244.78191419658322
t577,0.0,0.0,0.0,0.0,0.0,0.0,0.0,0.0,0.0,0.0,0.0,0.0,0.0,0.0,0.0,0.0,840.5968250463815,0.0,0.0,0.0,0.0,0.0,0.0,0.0,0.0,0.0,840.5968250463815
t578,0.0,0.0,0.0,0.0,0.0,0.0,0.0,0.0,0.0,0.0,0.0,0.0,0.0,0.0,0.0,0.0,0.0,0.0,0.0,0.0,0.0,0.0,0.0,0.0,0.0,0.0,0.0
t579,0.0,0.0,0.0,0.0,0.0,0.0,0.0,0.0,0.0,0.0,0.0,0.0,0.0,0.0,0.0,0.0,0.0,0.0,0.0,0.0,0.0,0.0,0.0,0.0,0.0,0.0,0.0
t580,0.0,0.0,0.0,0.0,0.0,0.0,0.0,0.0,0.0,0.0,0.0,0.0,0.0,0.0,0.0,0.0,0.0,0.0,0.0,0.0,0.0,0.0,0.0,0.0,0.0,0.0,0.0
t581,0.0,0.0,0.0,0.0,0.0,0.0,0.0,0.0,0.0,0.0,0.0,0.0,0.0,0.0,0.0,0.0,0.0,0.0,0.0,0.0,0.0,0.0,0.0,0.0,0.0,0.0,0.0
t582,0.0,0.0,0.0,0.0,0.0,0.0,0.0,0.0,0.0,0.0,0.0,0.0,0.0,0.0,0.0,0.0,0.0,0.0,0.0,0.0,0.0,0.0,0.0,0.0,0.0,0.0,0.0
t583,0.0,0.0,0.0,0.0,0.0,0.0,226.0,0.0,0.0,0.0,0.0,0.0,0.0,0.0,0.0,724.8512143347676,0.0,0.0,0.0,0.0,0.0,0.0,0.0,0.0,0.0,0.0,950.8512143347676
t584,5407.438575953292,97.3,0.0,2246.9,1440.3445240178935,1665.0,226.0,0.0,196.3,0.0,0.0,1630.3,0.0,0.0,3042.1275249016676,943.3482309682895,943.5104450544139,0.0,1636.1221254853892,0.0,0.0,0.0,0.0,0.0,0.0,0.0,19474.69142638094
t585,3483.600108331721,97.3,177.68280024998114,2246.9,1380.688232177309,1665.0,0.0,0.0,196.3,0.0,0.0,1630.3,8322.848537291577,3977.6454238449473,10671.433434639432,0.0,943.5104450544139,0.0,2174.2691686504045,0.0,0.0,0.0,0.0,0.0,0.0,0.0,36967.47815023979
t586,6469.0,97.3,571.1,2246.9,3095.9,1665.0,0.0,0.0,0.0,0.0,0.0,797.3011427642707,4932.4692250923235,4164.812808875208,10671.433434639432,0.0,487.68428246762255,0.0,0.0,0.0,0.0,0.0,0.0,0.0,0.0,0.0,35198.90089383885
t587,6469.0,97.3,571.1,2246.9,0.0,1665.0,0.0,0.0,0.0,0.0,0.0,0.0,3425.328439641378,2087.86189190831,10671.433434639432,0.0,0.0,0.0,0.0,0.0,0.0,0.0,0.0,0.0,0.0,0.0,27233.92376618912
t588,992.8047281388623,97.3,0.0,2246.9,3095.9,1665.0,0.0,0.0,196.3,0.0,0.0,0.0,5345.785884188031,3858.17486459884,5873.918649677592,0.0,0.0,0.0,0.0,0.0,0.0,0.0,0.0,0.0,0.0,0.0,23372.084126603324
t589,0.0,97.3,0.0,2246.9,0.0,1665.0,0.0,0.0,0.0,0.0,0.0,0.0,5721.587492592234,2682.7919687807735,5368.832319060659,0.0,0.0,0.0,0.0,0.0,0.0,0.0,0.0,0.0,0.0,0.0,17782.411780433667
t590,0.0,97.3,571.1,2246.9,3095.9,1665.0,0.0,0.0,66.36051191709318,0.0,0.0,0.0,4595.655951257961,1298.208023852265,0.0,0.0,775.3074372139256,0.0,0.0,0.0,0.0,0.0,0.0,0.0,0.0,0.0,14411.731924241245
t591,0.0,97.3,0.0,2246.9,0.0,1665.0,0.0,0.0,196.3,0.0,0.0,0.0,3765.9113303336153,0.0,0.0,0.0,943.5104450544139,0.0,0.0,0.0,0.0,0.0,0.0,0.0,0.0,0.0,8914.92177538803
t592,0.0,0.0,0.0,647.6933079808038,0.0,0.0,0.0,0.0,0.0,0.0,0.0,0.0,0.0,0.0,0.0,0.0,0.0,0.0,0.0,0.0,0.0,0.0,0.0,0.0,0.0,0.0,647.6933079808038
t593,0.0,0.0,0.0,0.0,0.0,0.0,0.0,0.0,0.0,0.0,0.0,0.0,0.0,0.0,0.0,0.0,0.0,0.0,0.0,0.0,0.0,0.0,0.0,0.0,0.0,0.0,0.0
t594,0.0,0.0,0.0,0.0,0.0,0.0,0.0,0.0,0.0,0.0,0.0,0.0,0.0,0.0,0.0,0.0,0.0,0.0,0.0,0.0,0.0,0.0,0.0,0.0,0.0,0.0,0.0
t595,0.0,0.0,0.0,0.0,0.0,0.0,0.0,0.0,0.0,0.0,0.0,0.0,0.0,0.0,0.0,0.0,0.0,0.0,0.0,0.0,0.0,0.0,0.0,0.0,0.0,0.0,0.0
t596,0.0,0.0,0.0,0.0,0.0,0.0,0.0,0.0,0.0,0.0,0.0,0.0,0.0,0.0,0.0,0.0,0.0,0.0,0.0,0.0,0.0,0.0,0.0,0.0,0.0,0.0,0.0
t597,0.0,0.0,0.0,0.0,0.0,0.0,43.77483412086433,0.0,0.0,0.0,0.0,0.0,0.0,0.0,0.0,0.0,0.0,0.0,0.0,0.0,0.0,0.0,0.0,0.0,0.0,0.0,43.77483412086433
t598,0.0,0.0,0.0,0.0,0.0,0.0,226.0,0.0,196.3,0.0,0.0,0.0,0.0,0.0,0.0,9.48381229878144,311.08344109380135,0.0,0.0,0.0,0.0,0.0,0.0,0.0,0.0,0.0,742.8672533925828
t599,0.0,0.0,0.0,0.0,0.0,0.0,36.597127511373955,0.0,72.18880950157754,0.0,0.0,0.0,0.0,0.0,0.0,0.0,150.7568784307914,0.0,0.0,0.0,0.0,0.0,0.0,0.0,0.0,0.0,259.5428154437429
t600,0.0,0.0,0.0,0.0,0.0,0.0,0.0,0.0,196.3,0.0,0.0,0.0,0.0,0.0,0.0,0.0,0.0,0.0,0.0,0.0,0.0,0.0,0.0,0.0,0.0,0.0,196.3
