Resource,AZ_naturalgas_2on1_combined_cycle_fframe_95_ccs_advanced_0,CA_N_naturalgas_2on1_combined_cycle_fframe_95_ccs_advanced_0,CA_S_naturalgas_2on1_combined_cycle_fframe_95_ccs_advanced_0,MT_WY_CO_naturalgas_2on1_combined_cycle_fframe_95_ccs_advanced_0,NM_naturalgas_2on1_combined_cycle_fframe_95_ccs_advanced_0,PNW_naturalgas_2on1_combined_cycle_fframe_95_ccs_advanced_0,UT_NV_naturalgas_2on1_combined_cycle_fframe_95_ccs_advanced_0,Total
Zone,1,2,3,4,5,6,7,0
AnnualSum,1.483570749026445e-11,1.5687293646924486e-12,-9.940099732178171e-11,1.92653662720943e-12,1.0757783957183484e-11,-3.319699940954024e-12,5.171572667911855e-13,-7.311478255659473e-11
t1,0.0,0.0,5.787137757380378e-12,0.0,0.0,0.0,0.0,5.787137757380378e-12
t2,0.0,0.0,5.787137757380378e-12,0.0,0.0,0.0,0.0,5.787137757380378e-12
t3,0.0,0.0,5.787137757380378e-12,0.0,0.0,0.0,0.0,5.787137757380378e-12
t4,0.0,0.0,0.0,0.0,0.0,0.0,0.0,0.0
t5,0.0,0.0,0.0,0.0,0.0,0.0,0.0,0.0
t6,0.0,0.0,0.0,0.0,0.0,0.0,0.0,0.0
t7,0.0,0.0,0.0,0.0,0.0,0.0,0.0,0.0
t8,0.0,0.0,0.0,0.0,0.0,0.0,0.0,0.0
t9,0.0,0.0,0.0,0.0,0.0,0.0,0.0,0.0
t10,0.0,0.0,0.0,0.0,0.0,0.0,0.0,0.0
t11,0.0,0.0,0.0,0.0,0.0,0.0,0.0,0.0
t12,0.0,0.0,0.0,0.0,0.0,0.0,0.0,0.0
t13,0.0,0.0,0.0,0.0,0.0,0.0,0.0,0.0
t14,0.0,0.0,0.0,0.0,0.0,0.0,0.0,0.0
t15,0.0,0.0,0.0,0.0,0.0,0.0,0.0,0.0
t16,0.0,0.0,0.0,0.0,0.0,0.0,0.0,0.0
t17,0.0,0.0,0.0,0.0,0.0,0.0,2.6860526577365817e-12,2.6860526577365817e-12
t18,0.0,0.0,0.0,0.0,0.0,0.0,1.736438081769103e-12,1.736438081769103e-12
t19,0.0,0.0,0.0,0.0,0.0,0.0,4.3410952044227575e-13,4.3410952044227575e-13
t20,0.0,0.0,0.0,-7.461257382601616e-14,0.0,0.0,0.0,-7.461257382601616e-14
t21,0.0,0.0,0.0,-1.865314345650404e-13,0.0,0.0,-5.829107330157512e-13,-7.694421675807916e-13
t22,0.0,0.0,0.0,0.0,0.0,0.0,0.0,0.0
t23,0.0,0.0,-1.1938011812162586e-12,0.0,0.0,0.0,0.0,-1.1938011812162586e-12
t24,0.0,0.0,5.787137757380378e-12,0.0,0.0,0.0,0.0,5.787137757380378e-12
t25,0.0,0.0,0.0,0.0,0.0,0.0,0.0,0.0
t26,0.0,0.0,0.0,0.0,0.0,0.0,0.0,0.0
t27,0.0,0.0,0.0,0.0,0.0,0.0,0.0,0.0
t28,0.0,0.0,0.0,0.0,0.0,0.0,0.0,0.0
t29,0.0,0.0,0.0,0.0,0.0,0.0,0.0,0.0
t30,0.0,0.0,0.0,0.0,0.0,0.0,0.0,0.0
t31,0.0,0.0,0.0,0.0,0.0,0.0,0.0,0.0
t32,0.0,0.0,0.0,0.0,0.0,0.0,0.0,0.0
t33,0.0,0.0,0.0,0.0,0.0,0.0,0.0,0.0
t34,0.0,0.0,0.0,0.0,0.0,0.0,0.0,0.0
t35,0.0,0.0,0.0,0.0,0.0,0.0,0.0,0.0
t36,0.0,0.0,0.0,0.0,0.0,0.0,0.0,0.0
t37,0.0,0.0,0.0,0.0,0.0,0.0,0.0,0.0
t38,0.0,0.0,0.0,0.0,0.0,0.0,0.0,0.0
t39,0.0,0.0,0.0,0.0,0.0,0.0,0.0,0.0
t40,0.0,0.0,0.0,0.0,0.0,7.461257382601616e-14,0.0,7.461257382601616e-14
t41,0.0,0.0,0.0,0.0,0.0,0.0,0.0,0.0
t42,-2.984502953040646e-12,0.0,0.0,0.0,0.0,0.0,-5.372105315473163e-12,-8.35660826851381e-12
t43,0.0,0.0,0.0,0.0,0.0,0.0,0.0,0.0
t44,0.0,0.0,0.0,0.0,0.0,0.0,0.0,0.0
t45,0.0,0.0,0.0,0.0,0.0,0.0,0.0,0.0
t46,0.0,0.0,0.0,0.0,0.0,0.0,0.0,0.0
t47,0.0,0.0,0.0,0.0,0.0,0.0,0.0,0.0
t48,0.0,0.0,0.0,0.0,0.0,0.0,0.0,0.0
t49,0.0,0.0,0.0,0.0,0.0,0.0,0.0,0.0
t50,0.0,0.0,0.0,0.0,0.0,0.0,0.0,0.0
t51,0.0,0.0,0.0,0.0,0.0,0.0,0.0,0.0
t52,0.0,0.0,0.0,0.0,0.0,0.0,0.0,0.0
t53,0.0,0.0,0.0,0.0,0.0,0.0,0.0,0.0
t54,0.0,0.0,0.0,0.0,0.0,0.0,0.0,0.0
t55,5.691423815019192e-13,0.0,0.0,0.0,0.0,0.0,0.0,5.691423815019192e-13
t56,0.0,0.0,0.0,0.0,0.0,0.0,0.0,0.0
t57,0.0,0.0,0.0,0.0,0.0,0.0,0.0,0.0
t58,0.0,0.0,0.0,0.0,0.0,0.0,0.0,0.0
t59,0.0,0.0,0.0,0.0,0.0,0.0,0.0,0.0
t60,0.0,0.0,0.0,0.0,0.0,0.0,0.0,0.0
t61,0.0,0.0,0.0,0.0,0.0,0.0,0.0,0.0
t62,0.0,0.0,0.0,0.0,0.0,0.0,0.0,0.0
t63,0.0,0.0,0.0,0.0,0.0,0.0,0.0,0.0
t64,0.0,0.0,0.0,0.0,0.0,0.0,0.0,0.0
t65,0.0,0.0,-1.1191886073902422e-12,0.0,0.0,0.0,0.0,-1.1191886073902422e-12
t66,0.0,0.0,0.0,0.0,0.0,0.0,0.0,0.0
t67,0.0,0.0,0.0,0.0,0.0,0.0,0.0,0.0
t68,0.0,0.0,0.0,0.0,0.0,0.0,0.0,0.0
t69,0.0,0.0,0.0,0.0,0.0,0.0,0.0,0.0
t70,0.0,0.0,0.0,0.0,0.0,0.0,0.0,0.0
t71,0.0,0.0,-1.0882990018262716e-12,0.0,0.0,0.0,0.0,-1.0882990018262716e-12
t72,0.0,0.0,0.0,0.0,0.0,0.0,0.0,0.0
t73,0.0,0.0,0.0,0.0,0.0,0.0,0.0,0.0
t74,0.0,0.0,0.0,0.0,0.0,0.0,0.0,0.0
t75,0.0,0.0,0.0,0.0,0.0,0.0,0.0,0.0
t76,0.0,0.0,-1.1191886073902422e-12,0.0,0.0,0.0,0.0,-1.1191886073902422e-12
t77,0.0,0.0,0.0,0.0,0.0,5.969005906081293e-13,0.0,5.969005906081293e-13
t78,0.0,0.0,0.0,0.0,0.0,0.0,0.0,0.0
t79,0.0,0.0,0.0,0.0,0.0,0.0,0.0,0.0
t80,0.0,0.0,0.0,0.0,0.0,0.0,0.0,0.0
t81,0.0,0.0,0.0,0.0,0.0,0.0,0.0,0.0
t82,0.0,0.0,0.0,0.0,0.0,0.0,0.0,0.0
t83,0.0,0.0,0.0,0.0,0.0,0.0,0.0,0.0
t84,0.0,0.0,0.0,0.0,0.0,0.0,0.0,0.0
t85,0.0,0.0,0.0,0.0,0.0,7.461257382601616e-14,0.0,7.461257382601616e-14
t86,-2.331642932063005e-12,0.0,0.0,0.0,0.0,0.0,0.0,-2.331642932063005e-12
t87,0.0,0.0,0.0,0.0,0.0,0.0,0.0,0.0
t88,0.0,0.0,0.0,0.0,0.0,0.0,0.0,0.0
t89,0.0,0.0,0.0,0.0,0.0,0.0,0.0,0.0
t90,1.1938011812162586e-12,0.0,0.0,0.0,0.0,0.0,0.0,1.1938011812162586e-12
t91,1.1938011812162582e-12,0.0,0.0,0.0,0.0,0.0,0.0,1.1938011812162582e-12
t92,1.1938011812162582e-12,0.0,0.0,0.0,0.0,0.0,0.0,1.1938011812162582e-12
t93,1.1938011812162582e-12,0.0,0.0,0.0,0.0,0.0,0.0,1.1938011812162582e-12
t94,1.1938011812162582e-12,0.0,0.0,0.0,0.0,0.0,0.0,1.1938011812162582e-12
t95,1.1938011812162582e-12,0.0,0.0,0.0,0.0,0.0,0.0,1.1938011812162582e-12
t96,0.0,0.0,0.0,0.0,0.0,0.0,0.0,0.0
t97,0.0,0.0,0.0,0.0,0.0,0.0,0.0,0.0
t98,0.0,0.0,0.0,0.0,0.0,0.0,0.0,0.0
t99,0.0,0.0,0.0,0.0,0.0,0.0,0.0,0.0
t100,0.0,0.0,0.0,0.0,0.0,0.0,0.0,0.0
t101,0.0,0.0,0.0,0.0,0.0,0.0,0.0,0.0
t102,0.0,0.0,0.0,0.0,0.0,0.0,0.0,0.0
t103,0.0,0.0,0.0,0.0,0.0,0.0,0.0,0.0
t104,0.0,0.0,0.0,0.0,0.0,0.0,0.0,0.0
t105,0.0,0.0,0.0,0.0,0.0,0.0,0.0,0.0
t106,0.0,0.0,0.0,0.0,0.0,0.0,0.0,0.0
t107,0.0,0.0,0.0,0.0,0.0,0.0,0.0,0.0
t108,0.0,0.0,0.0,0.0,0.0,0.0,0.0,0.0
t109,0.0,0.0,0.0,0.0,0.0,0.0,0.0,0.0
t110,0.0,0.0,0.0,0.0,0.0,0.0,0.0,0.0
t111,0.0,0.0,0.0,0.0,0.0,0.0,0.0,0.0
t112,0.0,0.0,0.0,0.0,0.0,0.0,0.0,0.0
t113,0.0,0.0,0.0,0.0,0.0,0.0,0.0,0.0
t114,0.0,0.0,0.0,0.0,0.0,0.0,0.0,0.0
t115,0.0,0.0,0.0,0.0,0.0,0.0,0.0,0.0
t116,0.0,0.0,0.0,0.0,0.0,0.0,0.0,0.0
t117,0.0,0.0,0.0,0.0,0.0,0.0,0.0,0.0
t118,0.0,0.0,0.0,0.0,0.0,0.0,0.0,0.0
t119,0.0,0.0,0.0,0.0,0.0,0.0,0.0,0.0
t120,0.0,0.0,0.0,0.0,0.0,0.0,0.0,0.0
t121,0.0,0.0,0.0,0.0,0.0,0.0,0.0,0.0
t122,0.0,0.0,0.0,0.0,0.0,0.0,0.0,0.0
t123,0.0,0.0,0.0,0.0,0.0,0.0,0.0,0.0
t124,0.0,0.0,0.0,0.0,0.0,0.0,0.0,0.0
t125,0.0,0.0,0.0,0.0,0.0,0.0,0.0,0.0
t126,0.0,0.0,0.0,0.0,0.0,0.0,0.0,0.0
t127,0.0,0.0,0.0,0.0,0.0,0.0,0.0,0.0
t128,0.0,0.0,0.0,0.0,0.0,0.0,0.0,0.0
t129,0.0,0.0,0.0,0.0,0.0,0.0,0.0,0.0
t130,0.0,0.0,0.0,0.0,0.0,0.0,0.0,0.0
t131,0.0,0.0,0.0,0.0,0.0,0.0,0.0,0.0
t132,0.0,0.0,0.0,0.0,0.0,0.0,0.0,0.0
t133,0.0,0.0,0.0,0.0,0.0,0.0,0.0,0.0
t134,0.0,0.0,0.0,0.0,0.0,0.0,0.0,0.0
t135,0.0,0.0,0.0,0.0,0.0,0.0,0.0,0.0
t136,0.0,0.0,0.0,0.0,0.0,0.0,0.0,0.0
t137,0.0,0.0,0.0,0.0,0.0,0.0,0.0,0.0
t138,0.0,0.0,0.0,0.0,0.0,0.0,0.0,0.0
t139,0.0,0.0,0.0,0.0,1.3116074403587417e-13,0.0,0.0,1.3116074403587417e-13
t140,0.0,0.0,0.0,0.0,0.0,0.0,0.0,0.0
t141,0.0,0.0,0.0,0.0,0.0,0.0,0.0,0.0
t142,0.0,0.0,0.0,0.0,0.0,0.0,0.0,0.0
t143,0.0,0.0,0.0,0.0,0.0,0.0,0.0,0.0
t144,0.0,0.0,0.0,0.0,0.0,0.0,0.0,0.0
t145,0.0,0.0,0.0,0.0,0.0,0.0,0.0,0.0
t146,0.0,0.0,0.0,0.0,0.0,0.0,0.0,0.0
t147,0.0,0.0,0.0,0.0,0.0,0.0,0.0,0.0
t148,0.0,0.0,0.0,0.0,0.0,0.0,0.0,0.0
t149,0.0,0.0,0.0,0.0,0.0,0.0,0.0,0.0
t150,0.0,0.0,0.0,0.0,0.0,0.0,0.0,0.0
t151,0.0,0.0,0.0,0.0,0.0,0.0,0.0,0.0
t152,0.0,0.0,0.0,0.0,0.0,0.0,0.0,0.0
t153,0.0,0.0,0.0,0.0,0.0,0.0,0.0,0.0
t154,0.0,0.0,0.0,0.0,0.0,0.0,0.0,0.0
t155,0.0,0.0,-1.1938011812162586e-12,0.0,0.0,0.0,0.0,-1.1938011812162586e-12
t156,0.0,0.0,0.0,0.0,0.0,0.0,0.0,0.0
t157,0.0,0.0,0.0,0.0,0.0,0.0,0.0,0.0
t158,0.0,0.0,0.0,0.0,0.0,0.0,0.0,0.0
t159,0.0,0.0,0.0,0.0,0.0,0.0,0.0,0.0
t160,0.0,0.0,0.0,0.0,0.0,0.0,0.0,0.0
t161,0.0,0.0,0.0,0.0,0.0,0.0,0.0,0.0
t162,0.0,0.0,0.0,0.0,0.0,0.0,0.0,0.0
t163,0.0,0.0,0.0,0.0,0.0,0.0,0.0,0.0
t164,0.0,0.0,0.0,0.0,0.0,0.0,0.0,0.0
t165,0.0,0.0,0.0,0.0,0.0,0.0,0.0,0.0
t166,0.0,0.0,0.0,0.0,0.0,0.0,0.0,0.0
t167,0.0,0.0,0.0,0.0,0.0,0.0,0.0,0.0
t168,0.0,0.0,0.0,0.0,0.0,0.0,0.0,0.0
t169,0.0,0.0,0.0,0.0,0.0,0.0,0.0,0.0
t170,0.0,0.0,0.0,0.0,0.0,0.0,0.0,0.0
t171,0.0,0.0,0.0,0.0,0.0,0.0,0.0,0.0
t172,0.0,0.0,0.0,0.0,0.0,0.0,0.0,0.0
t173,0.0,0.0,1.1938011812162586e-12,0.0,0.0,1.1114475528557933e-12,0.0,2.305248734072052e-12
t174,0.0,0.0,0.0,0.0,0.0,0.0,0.0,0.0
t175,0.0,0.0,0.0,0.0,0.0,0.0,0.0,0.0
t176,0.0,0.0,0.0,0.0,-2.0186198684335467e-12,0.0,0.0,-2.0186198684335467e-12
t177,0.0,0.0,0.0,0.0,0.0,0.0,0.0,0.0
t178,0.0,0.0,0.0,0.0,0.0,0.0,0.0,0.0
t179,0.0,0.0,0.0,0.0,0.0,0.0,0.0,0.0
t180,0.0,0.0,0.0,0.0,0.0,0.0,0.0,0.0
t181,0.0,0.0,0.0,0.0,0.0,0.0,0.0,0.0
t182,0.0,0.0,0.0,0.0,0.0,0.0,0.0,0.0
t183,0.0,0.0,0.0,0.0,7.461257382601616e-14,0.0,0.0,7.461257382601616e-14
t184,0.0,0.0,0.0,0.0,0.0,-2.462214936258533e-12,0.0,-2.462214936258533e-12
t185,0.0,-2.7979715184756056e-13,0.0,0.0,0.0,-2.462214936258533e-12,0.0,-2.7420120881060935e-12
t186,0.0,0.0,0.0,0.0,0.0,0.0,0.0,0.0
t187,0.0,0.0,0.0,0.0,0.0,0.0,0.0,0.0
t188,0.0,0.0,1.1938011812162586e-12,0.0,0.0,0.0,0.0,1.1938011812162586e-12
t189,0.0,0.0,0.0,0.0,0.0,0.0,0.0,0.0
t190,0.0,0.0,0.0,0.0,0.0,0.0,0.0,0.0
t191,0.0,0.0,1.1971289020088985e-11,0.0,0.0,0.0,0.0,1.1971289020088985e-11
t192,0.0,0.0,0.0,0.0,0.0,0.0,0.0,0.0
t193,0.0,0.0,0.0,0.0,0.0,0.0,0.0,0.0
t194,0.0,0.0,0.0,0.0,0.0,0.0,0.0,0.0
t195,0.0,0.0,0.0,0.0,0.0,0.0,0.0,0.0
t196,0.0,0.0,0.0,0.0,0.0,0.0,0.0,0.0
t197,0.0,0.0,0.0,0.0,0.0,0.0,0.0,0.0
t198,0.0,0.0,0.0,0.0,0.0,0.0,0.0,0.0
t199,0.0,0.0,0.0,0.0,0.0,0.0,0.0,0.0
t200,0.0,0.0,0.0,0.0,0.0,0.0,0.0,0.0
t201,0.0,0.0,0.0,0.0,0.0,0.0,0.0,0.0
t202,0.0,0.0,0.0,0.0,0.0,0.0,0.0,0.0
t203,0.0,0.0,0.0,0.0,0.0,0.0,0.0,0.0
t204,0.0,0.0,0.0,0.0,0.0,0.0,0.0,0.0
t205,0.0,0.0,0.0,0.0,0.0,0.0,0.0,0.0
t206,0.0,0.0,0.0,0.0,0.0,0.0,0.0,0.0
t207,0.0,0.0,0.0,0.0,0.0,0.0,0.0,0.0
t208,0.0,0.0,0.0,0.0,0.0,0.0,0.0,0.0
t209,0.0,0.0,0.0,0.0,0.0,0.0,0.0,0.0
t210,0.0,0.0,0.0,0.0,0.0,0.0,0.0,0.0
t211,0.0,0.0,0.0,0.0,0.0,0.0,0.0,0.0
t212,0.0,0.0,0.0,0.0,0.0,0.0,0.0,0.0
t213,0.0,0.0,0.0,0.0,0.0,0.0,0.0,0.0
t214,0.0,0.0,0.0,0.0,0.0,0.0,0.0,0.0
t215,0.0,0.0,0.0,0.0,0.0,0.0,0.0,0.0
t216,0.0,0.0,0.0,0.0,0.0,0.0,0.0,0.0
t217,0.0,0.0,0.0,0.0,0.0,-4.775204724865034e-12,0.0,-4.775204724865034e-12
t218,0.0,0.0,0.0,0.0,0.0,0.0,0.0,0.0
t219,0.0,0.0,0.0,0.0,0.0,0.0,-2.9845029530406464e-13,-2.9845029530406464e-13
t220,0.0,0.0,0.0,0.0,0.0,0.0,-5.969005906081293e-13,-5.969005906081293e-13
t221,5.911648400750562e-13,0.0,0.0,0.0,0.0,0.0,0.0,5.911648400750562e-13
t222,0.0,0.0,0.0,0.0,0.0,0.0,0.0,0.0
t223,0.0,0.0,0.0,0.0,0.0,0.0,0.0,0.0
t224,0.0,0.0,0.0,0.0,0.0,0.0,0.0,0.0
t225,0.0,0.0,0.0,0.0,0.0,0.0,0.0,0.0
t226,0.0,0.0,0.0,0.0,0.0,0.0,0.0,0.0
t227,0.0,0.0,0.0,0.0,0.0,0.0,0.0,0.0
t228,0.0,0.0,0.0,0.0,0.0,0.0,0.0,0.0
t229,5.969005906081293e-13,0.0,0.0,0.0,0.0,0.0,0.0,5.969005906081293e-13
t230,0.0,0.0,0.0,0.0,0.0,0.0,0.0,0.0
t231,0.0,0.0,0.0,0.0,0.0,0.0,0.0,0.0
t232,0.0,0.0,0.0,0.0,0.0,0.0,0.0,0.0
t233,0.0,0.0,-3.223263189283898e-11,0.0,0.0,-6.225486628608222e-13,0.0,-3.28551805556998e-11
t234,0.0,0.0,-4.0244157007407466e-12,0.0,0.0,0.0,0.0,-4.0244157007407466e-12
t235,0.0,0.0,0.0,0.0,0.0,0.0,0.0,0.0
t236,0.0,0.0,0.0,0.0,0.0,0.0,0.0,0.0
t237,0.0,0.0,0.0,0.0,0.0,-2.984502953040646e-12,0.0,-2.984502953040646e-12
t238,0.0,0.0,0.0,0.0,0.0,-2.984502953040646e-12,0.0,-2.984502953040646e-12
t239,0.0,0.0,0.0,0.0,0.0,0.0,2.9845029530406464e-13,2.9845029530406464e-13
t240,0.0,0.0,-1.492251476520323e-12,0.0,0.0,-4.775204724865034e-12,0.0,-6.267456201385358e-12
t241,0.0,0.0,0.0,0.0,0.0,0.0,0.0,0.0
t242,0.0,0.0,0.0,0.0,0.0,0.0,0.0,0.0
t243,0.0,0.0,0.0,0.0,0.0,0.0,0.0,0.0
t244,0.0,0.0,0.0,0.0,0.0,0.0,0.0,0.0
t245,0.0,0.0,0.0,0.0,0.0,0.0,0.0,0.0
t246,0.0,0.0,0.0,0.0,0.0,0.0,0.0,0.0
t247,0.0,0.0,0.0,0.0,0.0,0.0,0.0,0.0
t248,0.0,0.0,0.0,0.0,0.0,0.0,0.0,0.0
t249,0.0,0.0,0.0,0.0,0.0,0.0,0.0,0.0
t250,0.0,0.0,0.0,0.0,0.0,0.0,0.0,0.0
t251,0.0,0.0,0.0,0.0,0.0,0.0,0.0,0.0
t252,0.0,0.0,0.0,0.0,0.0,0.0,0.0,0.0
t253,0.0,0.0,0.0,0.0,0.0,0.0,0.0,0.0
t254,0.0,0.0,0.0,0.0,0.0,0.0,0.0,0.0
t255,0.0,0.0,0.0,0.0,0.0,0.0,0.0,0.0
t256,0.0,0.0,0.0,0.0,0.0,0.0,0.0,0.0
t257,0.0,0.0,0.0,0.0,0.0,0.0,0.0,0.0
t258,0.0,0.0,0.0,0.0,0.0,0.0,0.0,0.0
t259,0.0,0.0,0.0,0.0,0.0,0.0,0.0,0.0
t260,0.0,0.0,0.0,0.0,0.0,0.0,0.0,0.0
t261,0.0,0.0,0.0,0.0,0.0,0.0,0.0,0.0
t262,0.0,0.0,0.0,0.0,0.0,0.0,0.0,0.0
t263,0.0,0.0,0.0,0.0,0.0,0.0,0.0,0.0
t264,0.0,0.0,0.0,0.0,0.0,0.0,0.0,0.0
t265,0.0,0.0,0.0,0.0,0.0,0.0,0.0,0.0
t266,0.0,0.0,0.0,0.0,0.0,0.0,0.0,0.0
t267,0.0,0.0,0.0,-1.4922514765203232e-13,0.0,0.0,0.0,-1.4922514765203232e-13
t268,0.0,0.0,0.0,0.0,0.0,0.0,0.0,0.0
t269,0.0,0.0,0.0,0.0,0.0,0.0,0.0,0.0
t270,0.0,0.0,0.0,0.0,0.0,0.0,-1.4922514765203232e-13,-1.4922514765203232e-13
t271,0.0,0.0,0.0,0.0,0.0,0.0,0.0,0.0
t272,0.0,0.0,0.0,0.0,0.0,0.0,0.0,0.0
t273,0.0,0.0,0.0,0.0,0.0,0.0,0.0,0.0
t274,0.0,0.0,0.0,0.0,0.0,0.0,-2.9845029530406464e-13,-2.9845029530406464e-13
t275,0.0,0.0,-1.1191886073902422e-12,0.0,0.0,0.0,0.0,-1.1191886073902422e-12
t276,0.0,0.0,0.0,0.0,0.0,0.0,0.0,0.0
t277,0.0,0.0,0.0,0.0,4.092033345770573e-13,0.0,0.0,4.092033345770573e-13
t278,0.0,0.0,0.0,0.0,0.0,0.0,0.0,0.0
t279,0.0,0.0,0.0,0.0,0.0,0.0,0.0,0.0
t280,0.0,0.0,0.0,0.0,0.0,0.0,0.0,0.0
t281,0.0,0.0,0.0,0.0,0.0,0.0,0.0,0.0
t282,0.0,0.0,-7.395644954836492e-11,0.0,0.0,7.461257382601616e-14,0.0,-7.38818369745389e-11
t283,0.0,0.0,-7.395644954836492e-11,0.0,0.0,0.0,0.0,-7.395644954836492e-11
t284,0.0,0.0,0.0,0.0,0.0,0.0,0.0,0.0
t285,0.0,0.0,0.0,0.0,0.0,0.0,0.0,0.0
t286,0.0,0.0,0.0,0.0,0.0,0.0,0.0,0.0
t287,0.0,0.0,0.0,0.0,0.0,0.0,0.0,0.0
t288,0.0,0.0,0.0,0.0,0.0,0.0,0.0,0.0
t289,0.0,0.0,0.0,0.0,0.0,0.0,0.0,0.0
t290,0.0,0.0,0.0,0.0,-7.461257382601616e-14,0.0,0.0,-7.461257382601616e-14
t291,0.0,0.0,0.0,0.0,0.0,0.0,0.0,0.0
t292,0.0,0.0,0.0,0.0,0.0,0.0,0.0,0.0
t293,0.0,0.0,0.0,0.0,0.0,0.0,0.0,0.0
t294,-5.969005906081293e-13,0.0,0.0,0.0,0.0,0.0,0.0,-5.969005906081293e-13
t295,0.0,0.0,0.0,0.0,0.0,0.0,0.0,0.0
t296,0.0,0.0,0.0,0.0,0.0,0.0,0.0,0.0
t297,0.0,0.0,0.0,0.0,0.0,0.0,0.0,0.0
t298,0.0,0.0,0.0,0.0,0.0,0.0,0.0,0.0
t299,-1.457383944060797e-13,0.0,0.0,0.0,0.0,0.0,0.0,-1.457383944060797e-13
t300,0.0,0.0,0.0,0.0,0.0,0.0,0.0,0.0
t301,0.0,0.0,0.0,0.0,0.0,0.0,0.0,0.0
t302,0.0,0.0,0.0,0.0,0.0,0.0,0.0,0.0
t303,0.0,0.0,0.0,0.0,0.0,0.0,0.0,0.0
t304,0.0,-5.073655020169099e-12,0.0,0.0,0.0,0.0,0.0,-5.073655020169099e-12
t305,0.0,0.0,0.0,0.0,0.0,0.0,0.0,0.0
t306,0.0,0.0,0.0,0.0,0.0,0.0,0.0,0.0
t307,0.0,0.0,0.0,0.0,0.0,0.0,0.0,0.0
t308,0.0,0.0,5.453712818095368e-12,0.0,0.0,0.0,0.0,5.453712818095368e-12
t309,0.0,0.0,5.453712818095368e-12,0.0,0.0,0.0,0.0,5.453712818095368e-12
t310,0.0,0.0,0.0,0.0,0.0,0.0,0.0,0.0
t311,0.0,0.0,-1.0744210630946327e-11,0.0,-2.0751622095360743e-13,0.0,0.0,-1.0951726851899934e-11
t312,0.0,0.0,1.790701771824388e-12,0.0,0.0,0.0,0.0,1.790701771824388e-12
t313,0.0,0.0,0.0,0.0,0.0,0.0,0.0,0.0
t314,-5.661520494415483e-13,0.0,0.0,0.0,-2.291258876479674e-13,0.0,0.0,-7.952779370895157e-13
t315,0.0,0.0,0.0,0.0,0.0,0.0,0.0,0.0
t316,0.0,0.0,0.0,0.0,0.0,0.0,0.0,0.0
t317,0.0,0.0,0.0,0.0,0.0,0.0,0.0,0.0
t318,1.4717330187181685e-11,0.0,0.0,0.0,0.0,0.0,0.0,1.4717330187181685e-11
t319,0.0,0.0,0.0,0.0,0.0,0.0,0.0,0.0
t320,0.0,0.0,0.0,0.0,-7.344675235998466e-13,0.0,0.0,-7.344675235998466e-13
t321,0.0,0.0,0.0,0.0,0.0,0.0,0.0,0.0
t322,0.0,0.0,0.0,0.0,0.0,0.0,0.0,0.0
t323,0.0,0.0,0.0,0.0,0.0,0.0,0.0,0.0
t324,0.0,0.0,0.0,0.0,0.0,0.0,0.0,0.0
t325,0.0,0.0,0.0,0.0,0.0,0.0,0.0,0.0
t326,0.0,0.0,0.0,0.0,0.0,0.0,0.0,0.0
t327,0.0,0.0,0.0,0.0,0.0,0.0,0.0,0.0
t328,0.0,0.0,0.0,0.0,0.0,0.0,0.0,0.0
t329,0.0,0.0,0.0,0.0,0.0,0.0,0.0,0.0
t330,0.0,0.0,0.0,0.0,0.0,0.0,0.0,0.0
t331,0.0,0.0,0.0,0.0,0.0,0.0,0.0,0.0
t332,0.0,0.0,0.0,0.0,0.0,0.0,0.0,0.0
t333,0.0,0.0,0.0,0.0,0.0,0.0,0.0,0.0
t334,0.0,0.0,0.0,0.0,0.0,0.0,0.0,0.0
t335,0.0,0.0,0.0,0.0,0.0,0.0,0.0,0.0
t336,0.0,0.0,0.0,0.0,0.0,0.0,0.0,0.0
t337,0.0,0.0,0.0,0.0,0.0,0.0,0.0,0.0
t338,0.0,0.0,0.0,0.0,0.0,0.0,0.0,0.0
t339,0.0,0.0,0.0,0.0,0.0,0.0,-1.790701771824388e-12,-1.790701771824388e-12
t340,0.0,0.0,0.0,0.0,0.0,0.0,0.0,0.0
t341,0.0,0.0,0.0,0.0,0.0,-4.103691560430889e-12,0.0,-4.103691560430889e-12
t342,0.0,0.0,0.0,0.0,0.0,0.0,-4.290222994995929e-13,-4.290222994995929e-13
t343,0.0,0.0,0.0,0.0,0.0,0.0,0.0,0.0
t344,0.0,0.0,0.0,0.0,0.0,0.0,0.0,0.0
t345,0.0,0.0,0.0,0.0,0.0,0.0,0.0,0.0
t346,0.0,0.0,0.0,0.0,0.0,0.0,0.0,0.0
t347,0.0,0.0,0.0,0.0,0.0,0.0,0.0,0.0
t348,0.0,0.0,0.0,0.0,0.0,0.0,0.0,0.0
t349,0.0,0.0,0.0,0.0,0.0,0.0,0.0,0.0
t350,0.0,0.0,0.0,0.0,0.0,0.0,0.0,0.0
t351,0.0,0.0,0.0,0.0,0.0,0.0,0.0,0.0
t352,0.0,0.0,0.0,0.0,0.0,0.0,0.0,0.0
t353,0.0,0.0,0.0,0.0,0.0,0.0,0.0,0.0
t354,0.0,0.0,0.0,0.0,0.0,0.0,0.0,0.0
t355,0.0,0.0,0.0,0.0,0.0,0.0,0.0,0.0
t356,0.0,0.0,0.0,0.0,0.0,0.0,0.0,0.0
t357,0.0,0.0,0.0,0.0,0.0,0.0,0.0,0.0
t358,0.0,0.0,0.0,0.0,0.0,0.0,0.0,0.0
t359,0.0,0.0,-1.1938011812162586e-12,0.0,0.0,0.0,0.0,-1.1938011812162586e-12
t360,0.0,0.0,0.0,0.0,0.0,0.0,0.0,0.0
t361,0.0,0.0,0.0,0.0,0.0,0.0,0.0,0.0
t362,2.9845029530406464e-13,0.0,0.0,0.0,0.0,0.0,0.0,2.9845029530406464e-13
t363,-9.425666552864695e-12,0.0,0.0,0.0,0.0,0.0,0.0,-9.425666552864695e-12
t364,0.0,0.0,0.0,0.0,0.0,0.0,0.0,0.0
t365,0.0,0.0,0.0,0.0,0.0,0.0,0.0,0.0
t366,0.0,0.0,0.0,0.0,0.0,0.0,0.0,0.0
t367,0.0,0.0,0.0,0.0,0.0,0.0,0.0,0.0
t368,0.0,0.0,0.0,0.0,0.0,0.0,0.0,0.0
t369,0.0,0.0,-3.2798443911019604e-12,0.0,0.0,0.0,0.0,-3.2798443911019604e-12
t370,0.0,0.0,6.55968878220392e-13,0.0,0.0,0.0,0.0,6.55968878220392e-13
t371,0.0,0.0,-3.2798443911019604e-12,0.0,0.0,0.0,0.0,-3.2798443911019604e-12
t372,0.0,0.0,0.0,0.0,0.0,0.0,0.0,0.0
t373,0.0,0.0,0.0,0.0,0.0,0.0,0.0,0.0
t374,0.0,0.0,0.0,0.0,0.0,0.0,0.0,0.0
t375,0.0,0.0,0.0,0.0,0.0,0.0,0.0,0.0
t376,0.0,0.0,1.1938011812162586e-12,0.0,0.0,0.0,0.0,1.1938011812162586e-12
t377,0.0,0.0,0.0,0.0,0.0,0.0,0.0,0.0
t378,0.0,0.0,0.0,0.0,0.0,0.0,0.0,0.0
t379,0.0,0.0,0.0,0.0,0.0,0.0,0.0,0.0
t380,0.0,0.0,0.0,0.0,0.0,0.0,0.0,0.0
t381,0.0,0.0,0.0,0.0,0.0,0.0,0.0,0.0
t382,0.0,0.0,0.0,0.0,0.0,0.0,0.0,0.0
t383,0.0,0.0,0.0,0.0,0.0,0.0,0.0,0.0
t384,0.0,0.0,0.0,0.0,0.0,0.0,0.0,0.0
t385,0.0,0.0,0.0,0.0,0.0,0.0,0.0,0.0
t386,0.0,0.0,0.0,0.0,0.0,0.0,0.0,0.0
t387,0.0,0.0,0.0,0.0,0.0,0.0,0.0,0.0
t388,0.0,0.0,0.0,0.0,0.0,0.0,0.0,0.0
t389,0.0,0.0,0.0,0.0,0.0,0.0,0.0,0.0
t390,0.0,0.0,0.0,0.0,0.0,0.0,0.0,0.0
t391,0.0,0.0,0.0,0.0,0.0,0.0,0.0,0.0
t392,0.0,0.0,0.0,0.0,0.0,0.0,0.0,0.0
t393,0.0,0.0,0.0,0.0,0.0,0.0,0.0,0.0
t394,0.0,0.0,0.0,0.0,0.0,0.0,0.0,0.0
t395,0.0,0.0,0.0,0.0,0.0,0.0,0.0,0.0
t396,0.0,0.0,0.0,0.0,0.0,0.0,0.0,0.0
t397,0.0,0.0,0.0,0.0,0.0,0.0,0.0,0.0
t398,0.0,0.0,0.0,0.0,0.0,0.0,0.0,0.0
t399,0.0,0.0,0.0,0.0,0.0,0.0,0.0,0.0
t400,0.0,0.0,0.0,0.0,0.0,0.0,0.0,0.0
t401,0.0,0.0,0.0,0.0,0.0,0.0,0.0,0.0
t402,0.0,0.0,0.0,0.0,0.0,0.0,0.0,0.0
t403,0.0,0.0,0.0,0.0,0.0,0.0,0.0,0.0
t404,0.0,0.0,0.0,0.0,0.0,0.0,0.0,0.0
t405,0.0,0.0,0.0,0.0,0.0,0.0,0.0,0.0
t406,0.0,0.0,0.0,0.0,0.0,0.0,0.0,0.0
t407,0.0,0.0,0.0,0.0,0.0,0.0,0.0,0.0
t408,0.0,0.0,0.0,0.0,0.0,0.0,0.0,0.0
t409,0.0,0.0,0.0,0.0,0.0,0.0,0.0,0.0
t410,0.0,0.0,0.0,0.0,0.0,0.0,0.0,0.0
t411,0.0,0.0,0.0,0.0,0.0,0.0,0.0,0.0
t412,0.0,0.0,0.0,0.0,0.0,0.0,0.0,0.0
t413,0.0,0.0,0.0,0.0,0.0,0.0,0.0,0.0
t414,0.0,0.0,0.0,0.0,0.0,0.0,0.0,0.0
t415,0.0,0.0,0.0,0.0,0.0,0.0,0.0,0.0
t416,-2.0891520671284526e-12,0.0,0.0,0.0,0.0,0.0,0.0,-2.0891520671284526e-12
t417,0.0,0.0,0.0,0.0,0.0,0.0,0.0,0.0
t418,0.0,0.0,0.0,0.0,0.0,0.0,0.0,0.0
t419,0.0,0.0,0.0,0.0,0.0,0.0,0.0,0.0
t420,0.0,0.0,0.0,0.0,0.0,0.0,0.0,0.0
t421,0.0,0.0,0.0,0.0,0.0,0.0,0.0,0.0
t422,0.0,0.0,0.0,0.0,0.0,0.0,0.0,0.0
t423,0.0,0.0,0.0,0.0,0.0,0.0,0.0,0.0
t424,0.0,0.0,0.0,0.0,0.0,0.0,0.0,0.0
t425,0.0,0.0,0.0,0.0,0.0,0.0,0.0,0.0
t426,0.0,0.0,0.0,0.0,0.0,0.0,0.0,0.0
t427,0.0,0.0,0.0,0.0,0.0,0.0,0.0,0.0
t428,0.0,1.707135689139571e-11,0.0,0.0,0.0,0.0,0.0,1.707135689139571e-11
t429,0.0,0.0,0.0,0.0,0.0,0.0,0.0,0.0
t430,0.0,0.0,-2.331642932063005e-12,0.0,0.0,0.0,0.0,-2.331642932063005e-12
t431,0.0,0.0,0.0,0.0,0.0,0.0,0.0,0.0
t432,0.0,0.0,0.0,0.0,0.0,0.0,0.0,0.0
t433,0.0,0.0,0.0,0.0,0.0,0.0,0.0,0.0
t434,0.0,0.0,0.0,0.0,0.0,0.0,0.0,0.0
t435,0.0,0.0,0.0,0.0,0.0,0.0,0.0,0.0
t436,0.0,0.0,0.0,0.0,0.0,0.0,0.0,0.0
t437,0.0,0.0,0.0,0.0,0.0,0.0,0.0,0.0
t438,0.0,0.0,0.0,0.0,0.0,0.0,0.0,0.0
t439,0.0,0.0,0.0,0.0,0.0,0.0,0.0,0.0
t440,0.0,0.0,0.0,0.0,0.0,0.0,0.0,0.0
t441,0.0,0.0,0.0,0.0,0.0,0.0,0.0,0.0
t442,0.0,0.0,0.0,0.0,0.0,0.0,0.0,0.0
t443,0.0,0.0,0.0,0.0,0.0,0.0,0.0,0.0
t444,0.0,0.0,0.0,0.0,0.0,0.0,0.0,0.0
t445,0.0,0.0,0.0,0.0,0.0,0.0,0.0,0.0
t446,0.0,0.0,0.0,0.0,0.0,0.0,0.0,0.0
t447,0.0,0.0,0.0,0.0,0.0,0.0,0.0,0.0
t448,0.0,0.0,0.0,0.0,0.0,0.0,0.0,0.0
t449,0.0,0.0,0.0,0.0,0.0,0.0,0.0,0.0
t450,0.0,0.0,0.0,0.0,0.0,0.0,0.0,0.0
t451,0.0,2.797971518475606e-12,0.0,0.0,0.0,0.0,0.0,2.797971518475606e-12
t452,0.0,0.0,0.0,0.0,0.0,0.0,0.0,0.0
t453,0.0,0.0,0.0,0.0,0.0,0.0,0.0,0.0
t454,0.0,0.0,0.0,0.0,0.0,0.0,0.0,0.0
t455,0.0,0.0,0.0,0.0,0.0,0.0,0.0,0.0
t456,0.0,0.0,0.0,0.0,0.0,0.0,0.0,0.0
t457,-9.32657172825202e-14,0.0,0.0,0.0,0.0,0.0,0.0,-9.32657172825202e-14
t458,0.0,0.0,0.0,0.0,0.0,0.0,0.0,0.0
t459,0.0,0.0,0.0,0.0,0.0,0.0,0.0,0.0
t460,0.0,0.0,0.0,0.0,0.0,0.0,0.0,0.0
t461,0.0,0.0,0.0,0.0,0.0,0.0,0.0,0.0
t462,0.0,0.0,0.0,0.0,0.0,0.0,0.0,0.0
t463,0.0,0.0,0.0,0.0,0.0,0.0,0.0,0.0
t464,0.0,0.0,0.0,0.0,0.0,0.0,0.0,0.0
t465,0.0,0.0,0.0,0.0,0.0,0.0,0.0,0.0
t466,0.0,0.0,0.0,0.0,0.0,0.0,0.0,0.0
t467,0.0,0.0,0.0,0.0,0.0,0.0,0.0,0.0
t468,0.0,0.0,0.0,0.0,0.0,0.0,0.0,0.0
t469,0.0,0.0,0.0,0.0,0.0,0.0,0.0,0.0
t470,0.0,0.0,0.0,0.0,0.0,0.0,0.0,0.0
t471,0.0,0.0,0.0,0.0,0.0,0.0,0.0,0.0
t472,0.0,0.0,0.0,0.0,0.0,0.0,0.0,0.0
t473,0.0,0.0,0.0,0.0,0.0,0.0,0.0,0.0
t474,0.0,0.0,0.0,0.0,0.0,0.0,0.0,0.0
t475,0.0,0.0,0.0,0.0,0.0,0.0,0.0,0.0
t476,0.0,0.0,-2.176598003652543e-12,0.0,0.0,0.0,0.0,-2.176598003652543e-12
t477,0.0,0.0,0.0,0.0,0.0,0.0,0.0,0.0
t478,0.0,0.0,0.0,0.0,0.0,0.0,0.0,0.0
t479,0.0,0.0,0.0,0.0,0.0,0.0,0.0,0.0
t480,-7.834320251731697e-13,0.0,0.0,0.0,0.0,0.0,0.0,-7.834320251731697e-13
t481,0.0,0.0,0.0,0.0,0.0,0.0,0.0,0.0
t482,0.0,0.0,0.0,0.0,0.0,0.0,0.0,0.0
t483,0.0,0.0,0.0,0.0,0.0,0.0,0.0,0.0
t484,0.0,0.0,0.0,0.0,0.0,0.0,0.0,0.0
t485,0.0,0.0,0.0,0.0,0.0,0.0,0.0,0.0
t486,0.0,0.0,0.0,0.0,0.0,0.0,0.0,0.0
t487,0.0,0.0,0.0,0.0,0.0,0.0,0.0,0.0
t488,0.0,0.0,0.0,0.0,0.0,0.0,0.0,0.0
t489,0.0,0.0,0.0,0.0,0.0,0.0,0.0,0.0
t490,0.0,0.0,0.0,0.0,0.0,0.0,0.0,0.0
t491,0.0,0.0,0.0,0.0,0.0,0.0,0.0,0.0
t492,0.0,0.0,0.0,0.0,0.0,0.0,0.0,0.0
t493,0.0,0.0,0.0,0.0,0.0,0.0,0.0,0.0
t494,0.0,0.0,0.0,0.0,0.0,0.0,0.0,0.0
t495,0.0,0.0,0.0,0.0,0.0,0.0,0.0,0.0
t496,0.0,0.0,0.0,0.0,0.0,0.0,0.0,0.0
t497,0.0,0.0,0.0,0.0,0.0,0.0,0.0,0.0
t498,0.0,0.0,0.0,0.0,0.0,0.0,0.0,0.0
t499,0.0,0.0,0.0,0.0,0.0,0.0,0.0,0.0
t500,0.0,0.0,0.0,0.0,0.0,0.0,0.0,0.0
t501,0.0,0.0,0.0,0.0,0.0,0.0,0.0,0.0
t502,0.0,0.0,-1.1191886073902422e-12,0.0,0.0,0.0,0.0,-1.1191886073902422e-12
t503,0.0,0.0,0.0,0.0,0.0,0.0,0.0,0.0
t504,0.0,0.0,0.0,0.0,0.0,0.0,0.0,0.0
t505,0.0,0.0,0.0,0.0,0.0,0.0,0.0,0.0
t506,0.0,0.0,0.0,0.0,0.0,0.0,-8.95350885912194e-13,-8.95350885912194e-13
t507,0.0,0.0,0.0,0.0,0.0,0.0,-5.969005906081293e-13,-5.969005906081293e-13
t508,0.0,0.0,0.0,0.0,0.0,0.0,0.0,0.0
t509,0.0,0.0,0.0,0.0,0.0,0.0,0.0,0.0
t510,0.0,0.0,0.0,0.0,0.0,0.0,8.57971735157559e-12,8.57971735157559e-12
t511,0.0,0.0,0.0,0.0,0.0,0.0,0.0,0.0
t512,0.0,0.0,0.0,0.0,0.0,0.0,0.0,0.0
t513,0.0,0.0,0.0,0.0,0.0,0.0,0.0,0.0
t514,0.0,0.0,0.0,0.0,0.0,0.0,0.0,0.0
t515,0.0,0.0,0.0,0.0,0.0,0.0,0.0,0.0
t516,0.0,0.0,0.0,0.0,0.0,0.0,0.0,0.0
t517,0.0,0.0,0.0,0.0,0.0,0.0,0.0,0.0
t518,0.0,0.0,0.0,0.0,0.0,0.0,0.0,0.0
t519,0.0,0.0,0.0,0.0,0.0,0.0,0.0,0.0
t520,0.0,0.0,0.0,3.970321584716885e-12,0.0,0.0,0.0,3.970321584716885e-12
t521,0.0,0.0,0.0,9.925803961792212e-12,0.0,0.0,0.0,9.925803961792212e-12
t522,1.3430263288682908e-11,0.0,0.0,0.0,0.0,0.0,0.0,1.3430263288682908e-11
t523,1.4225186982592676e-11,0.0,0.0,0.0,0.0,0.0,0.0,1.4225186982592676e-11
t524,1.4225186982592676e-11,0.0,0.0,0.0,0.0,0.0,0.0,1.4225186982592676e-11
t525,1.4225186982592676e-11,0.0,0.0,0.0,0.0,0.0,0.0,1.4225186982592676e-11
t526,1.4225186982592676e-11,2.7979715184756056e-13,0.0,0.0,0.0,0.0,0.0,1.4504984134440237e-11
t527,1.4225186982592676e-11,0.0,0.0,0.0,0.0,0.0,0.0,1.4225186982592676e-11
t528,1.4225186982592676e-11,0.0,0.0,0.0,0.0,0.0,0.0,1.4225186982592676e-11
t529,0.0,0.0,0.0,0.0,0.0,0.0,0.0,0.0
t530,0.0,0.0,0.0,0.0,0.0,0.0,0.0,0.0
t531,0.0,0.0,0.0,0.0,0.0,0.0,0.0,0.0
t532,0.0,0.0,0.0,0.0,0.0,0.0,0.0,0.0
t533,0.0,0.0,0.0,0.0,0.0,0.0,0.0,0.0
t534,0.0,0.0,0.0,0.0,-8.580445989991858e-13,0.0,0.0,-8.580445989991858e-13
t535,0.0,0.0,0.0,0.0,0.0,0.0,0.0,0.0
t536,0.0,0.0,0.0,0.0,0.0,0.0,0.0,0.0
t537,0.0,-3.1710343876056867e-13,0.0,0.0,0.0,0.0,0.0,-3.1710343876056867e-13
t538,0.0,0.0,0.0,0.0,0.0,0.0,0.0,0.0
t539,0.0,0.0,0.0,0.0,0.0,0.0,0.0,0.0
t540,0.0,0.0,0.0,0.0,0.0,0.0,0.0,0.0
t541,0.0,0.0,0.0,0.0,0.0,0.0,0.0,0.0
t542,0.0,0.0,0.0,0.0,0.0,0.0,0.0,0.0
t543,0.0,0.0,0.0,0.0,0.0,0.0,0.0,0.0
t544,0.0,0.0,0.0,0.0,0.0,0.0,0.0,0.0
t545,0.0,0.0,0.0,0.0,-1.2124543246727624e-13,0.0,0.0,-1.2124543246727624e-13
t546,0.0,0.0,0.0,0.0,0.0,0.0,0.0,0.0
t547,0.0,0.0,0.0,0.0,0.0,0.0,0.0,0.0
t548,0.0,0.0,0.0,0.0,0.0,0.0,0.0,0.0
t549,0.0,0.0,0.0,0.0,-5.502677319668692e-13,0.0,0.0,-5.502677319668692e-13
t550,0.0,0.0,0.0,0.0,0.0,0.0,0.0,0.0
t551,0.0,0.0,0.0,0.0,0.0,0.0,0.0,0.0
t552,0.0,0.0,0.0,0.0,0.0,0.0,0.0,0.0
t553,0.0,0.0,0.0,0.0,0.0,0.0,0.0,0.0
t554,0.0,0.0,0.0,0.0,0.0,0.0,0.0,0.0
t555,0.0,0.0,0.0,0.0,0.0,0.0,0.0,0.0
t556,0.0,0.0,0.0,0.0,0.0,0.0,0.0,0.0
t557,0.0,0.0,0.0,0.0,0.0,0.0,0.0,0.0
t558,0.0,0.0,0.0,0.0,0.0,0.0,0.0,0.0
t559,0.0,0.0,0.0,0.0,0.0,0.0,0.0,0.0
t560,0.0,0.0,0.0,0.0,0.0,0.0,0.0,0.0
t561,0.0,0.0,0.0,0.0,0.0,0.0,0.0,0.0
t562,0.0,0.0,0.0,0.0,0.0,0.0,0.0,0.0
t563,0.0,0.0,0.0,0.0,0.0,0.0,0.0,0.0
t564,0.0,0.0,0.0,0.0,0.0,0.0,0.0,0.0
t565,0.0,0.0,0.0,0.0,0.0,0.0,0.0,0.0
t566,0.0,0.0,0.0,0.0,0.0,0.0,0.0,0.0
t567,0.0,0.0,0.0,0.0,0.0,0.0,0.0,0.0
t568,0.0,0.0,0.0,0.0,0.0,0.0,0.0,0.0
t569,0.0,0.0,0.0,0.0,0.0,0.0,0.0,0.0
t570,0.0,0.0,0.0,0.0,0.0,0.0,0.0,0.0
t571,0.0,0.0,0.0,0.0,0.0,0.0,0.0,0.0
t572,0.0,0.0,0.0,0.0,0.0,0.0,0.0,0.0
t573,0.0,0.0,0.0,0.0,0.0,0.0,0.0,0.0
t574,0.0,0.0,0.0,0.0,0.0,0.0,0.0,0.0
t575,0.0,0.0,0.0,0.0,0.0,0.0,0.0,0.0
t576,0.0,0.0,0.0,0.0,0.0,0.0,0.0,0.0
t577,-1.4922514765203232e-13,0.0,0.0,0.0,0.0,0.0,0.0,-1.4922514765203232e-13
t578,-1.4922514765203232e-13,0.0,0.0,0.0,0.0,0.0,0.0,-1.4922514765203232e-13
t579,0.0,0.0,0.0,0.0,0.0,0.0,8.95350885912194e-13,8.95350885912194e-13
t580,0.0,0.0,0.0,0.0,0.0,0.0,0.0,0.0
t581,0.0,0.0,0.0,0.0,0.0,0.0,0.0,0.0
t582,0.0,0.0,0.0,0.0,0.0,0.0,0.0,0.0
t583,0.0,0.0,0.0,0.0,0.0,0.0,0.0,0.0
t584,0.0,0.0,0.0,0.0,0.0,0.0,0.0,0.0
t585,0.0,0.0,0.0,0.0,0.0,0.0,0.0,0.0
t586,0.0,0.0,0.0,0.0,0.0,0.0,0.0,0.0
t587,0.0,0.0,0.0,0.0,0.0,0.0,0.0,0.0
t588,0.0,0.0,0.0,0.0,0.0,0.0,0.0,0.0
t589,0.0,0.0,0.0,0.0,0.0,0.0,0.0,0.0
t590,0.0,0.0,0.0,0.0,0.0,0.0,0.0,0.0
t591,0.0,0.0,0.0,0.0,0.0,0.0,0.0,0.0
t592,0.0,0.0,0.0,0.0,0.0,0.0,0.0,0.0
t593,4.47675442956097e-13,0.0,0.0,0.0,0.0,0.0,0.0,4.47675442956097e-13
t594,0.0,0.0,0.0,0.0,0.0,0.0,0.0,0.0
t595,0.0,0.0,0.0,0.0,0.0,0.0,0.0,0.0
t596,0.0,0.0,1.1938011812162586e-12,0.0,0.0,0.0,0.0,1.1938011812162586e-12
t597,0.0,0.0,0.0,0.0,0.0,0.0,0.0,0.0
t598,0.0,-3.4974643980945075e-12,0.0,0.0,0.0,0.0,0.0,-3.4974643980945075e-12
t599,0.0,0.0,0.0,0.0,0.0,0.0,0.0,0.0
t600,0.0,0.0,0.0,0.0,0.0,0.0,0.0,0.0
