Resource,AZ_naturalgas_2on1_combined_cycle_fframe_95_ccs_conservative_0,CA_N_naturalgas_2on1_combined_cycle_fframe_95_ccs_conservative_0,CA_S_naturalgas_2on1_combined_cycle_fframe_95_ccs_conservative_0,MT_WY_CO_naturalgas_2on1_combined_cycle_fframe_95_ccs_conservative_0,NM_naturalgas_2on1_combined_cycle_fframe_95_ccs_conservative_0,PNW_naturalgas_2on1_combined_cycle_fframe_95_ccs_conservative_0,UT_NV_naturalgas_2on1_combined_cycle_fframe_95_ccs_conservative_0,Total
Zone,1,2,3,4,5,6,7,0
AnnualSum,1.2462785369200402e-11,-2.8536644079170817e-12,-3.6049125502000695e-11,-6.84138601155378e-12,5.325623570035936e-13,1.4185721738613212e-13,-6.280789985187523e-13,-3.323504997640018e-11
t1,0.0,0.0,0.0,0.0,0.0,0.0,0.0,0.0
t2,0.0,0.0,0.0,0.0,0.0,0.0,0.0,0.0
t3,0.0,0.0,0.0,0.0,0.0,0.0,0.0,0.0
t4,0.0,0.0,0.0,0.0,-8.074594085982766e-13,0.0,0.0,-8.074594085982766e-13
t5,0.0,0.0,0.0,0.0,2.3208801255947263e-13,0.0,0.0,2.3208801255947263e-13
t6,0.0,0.0,0.0,0.0,0.0,0.0,0.0,0.0
t7,0.0,0.0,0.0,0.0,0.0,0.0,0.0,0.0
t8,0.0,0.0,0.0,0.0,0.0,0.0,0.0,0.0
t9,0.0,0.0,0.0,0.0,0.0,0.0,0.0,0.0
t10,0.0,0.0,0.0,0.0,0.0,0.0,0.0,0.0
t11,0.0,0.0,0.0,0.0,0.0,0.0,0.0,0.0
t12,0.0,0.0,0.0,0.0,0.0,0.0,0.0,0.0
t13,0.0,0.0,0.0,0.0,0.0,0.0,0.0,0.0
t14,0.0,0.0,0.0,0.0,0.0,0.0,0.0,0.0
t15,0.0,0.0,0.0,0.0,0.0,0.0,0.0,0.0
t16,0.0,0.0,0.0,0.0,0.0,0.0,0.0,0.0
t17,0.0,0.0,0.0,1.6550008695048745e-13,-3.310001739009749e-13,0.0,0.0,-1.6550008695048745e-13
t18,0.0,0.0,0.0,0.0,0.0,0.0,0.0,0.0
t19,0.0,0.0,0.0,1.926524449658018e-13,0.0,0.0,0.0,1.926524449658018e-13
t20,-1.621900852114777e-11,0.0,0.0,0.0,0.0,0.0,0.0,-1.621900852114777e-11
t21,0.0,0.0,0.0,0.0,0.0,0.0,0.0,0.0
t22,5.296002782415598e-12,0.0,0.0,0.0,0.0,0.0,0.0,5.296002782415598e-12
t23,5.958003130217549e-12,0.0,0.0,-3.310001739009749e-13,0.0,0.0,1.3240006956038996e-12,6.951003651920473e-12
t24,0.0,0.0,0.0,0.0,0.0,0.0,0.0,0.0
t25,0.0,0.0,0.0,0.0,0.0,0.0,0.0,0.0
t26,0.0,0.0,0.0,0.0,0.0,0.0,0.0,0.0
t27,0.0,0.0,0.0,0.0,0.0,0.0,0.0,0.0
t28,0.0,0.0,0.0,0.0,0.0,0.0,9.374028362429953e-13,9.374028362429953e-13
t29,0.0,0.0,0.0,0.0,0.0,0.0,0.0,0.0
t30,0.0,0.0,0.0,0.0,0.0,0.0,0.0,0.0
t31,0.0,0.0,0.0,0.0,0.0,0.0,0.0,0.0
t32,0.0,0.0,0.0,0.0,0.0,0.0,0.0,0.0
t33,0.0,0.0,0.0,0.0,0.0,0.0,0.0,0.0
t34,0.0,0.0,0.0,0.0,0.0,0.0,0.0,0.0
t35,0.0,0.0,0.0,0.0,0.0,0.0,0.0,0.0
t36,0.0,0.0,0.0,0.0,0.0,0.0,0.0,0.0
t37,-1.6550008695048745e-13,0.0,0.0,0.0,0.0,0.0,0.0,-1.6550008695048745e-13
t38,0.0,0.0,0.0,0.0,0.0,0.0,0.0,0.0
t39,0.0,0.0,0.0,0.0,0.0,0.0,0.0,0.0
t40,0.0,0.0,0.0,0.0,0.0,0.0,0.0,0.0
t41,0.0,0.0,0.0,0.0,0.0,0.0,0.0,0.0
t42,0.0,0.0,0.0,-4.137502173762186e-14,0.0,0.0,0.0,-4.137502173762186e-14
t43,0.0,-1.0757505651781685e-12,0.0,0.0,0.0,0.0,0.0,-1.0757505651781685e-12
t44,3.310001739009749e-13,0.0,0.0,0.0,0.0,0.0,0.0,3.310001739009749e-13
t45,0.0,-3.023557662024344e-13,0.0,0.0,0.0,0.0,0.0,-3.023557662024344e-13
t46,0.0,0.0,0.0,0.0,0.0,0.0,0.0,0.0
t47,0.0,0.0,0.0,0.0,0.0,0.0,0.0,0.0
t48,9.930005217029248e-12,0.0,0.0,0.0,0.0,0.0,0.0,9.930005217029248e-12
t49,0.0,0.0,0.0,0.0,0.0,0.0,0.0,0.0
t50,0.0,-3.3233303143716948e-12,0.0,0.0,0.0,0.0,0.0,-3.3233303143716948e-12
t51,0.0,0.0,0.0,0.0,0.0,0.0,0.0,0.0
t52,0.0,0.0,0.0,0.0,0.0,0.0,0.0,0.0
t53,0.0,0.0,0.0,0.0,0.0,0.0,0.0,0.0
t54,0.0,0.0,0.0,0.0,0.0,0.0,0.0,0.0
t55,0.0,0.0,0.0,0.0,0.0,0.0,0.0,0.0
t56,0.0,0.0,0.0,0.0,0.0,0.0,0.0,0.0
t57,0.0,0.0,0.0,0.0,0.0,0.0,0.0,0.0
t58,0.0,0.0,0.0,0.0,0.0,0.0,0.0,0.0
t59,0.0,-5.378752825890843e-13,0.0,0.0,0.0,0.0,0.0,-5.378752825890843e-13
t60,0.0,0.0,0.0,0.0,0.0,0.0,0.0,0.0
t61,0.0,0.0,0.0,0.0,-2.999689075977585e-13,0.0,0.0,-2.999689075977585e-13
t62,4.965002608514624e-13,0.0,0.0,0.0,0.0,0.0,0.0,4.965002608514624e-13
t63,0.0,0.0,0.0,0.0,0.0,0.0,0.0,0.0
t64,0.0,0.0,0.0,0.0,0.0,0.0,0.0,0.0
t65,0.0,0.0,0.0,0.0,0.0,0.0,0.0,0.0
t66,0.0,0.0,0.0,-3.3100017390097492e-12,0.0,0.0,0.0,-3.3100017390097492e-12
t67,0.0,0.0,0.0,6.620003478019498e-13,0.0,0.0,0.0,6.620003478019498e-13
t68,0.0,0.0,0.0,0.0,0.0,0.0,0.0,0.0
t69,0.0,0.0,0.0,0.0,0.0,0.0,0.0,0.0
t70,0.0,0.0,0.0,0.0,0.0,0.0,0.0,0.0
t71,0.0,0.0,0.0,0.0,0.0,0.0,0.0,0.0
t72,0.0,0.0,0.0,0.0,0.0,0.0,0.0,0.0
t73,0.0,0.0,0.0,0.0,0.0,0.0,0.0,0.0
t74,0.0,0.0,0.0,0.0,5.650276406043986e-13,0.0,0.0,5.650276406043986e-13
t75,0.0,0.0,0.0,0.0,0.0,0.0,-1.3240006956038996e-12,-1.3240006956038996e-12
t76,0.0,0.0,0.0,0.0,0.0,0.0,0.0,0.0
t77,0.0,0.0,0.0,0.0,3.310001739009749e-13,0.0,0.0,3.310001739009749e-13
t78,0.0,0.0,0.0,0.0,7.240628804083826e-13,0.0,-5.811453126465249e-13,1.429175677618577e-13
t79,0.0,0.0,0.0,0.0,0.0,0.0,0.0,0.0
t80,0.0,0.0,0.0,0.0,0.0,0.0,0.0,0.0
t81,0.0,0.0,0.0,0.0,0.0,0.0,0.0,0.0
t82,0.0,0.0,0.0,0.0,0.0,0.0,0.0,0.0
t83,0.0,0.0,0.0,0.0,0.0,0.0,0.0,0.0
t84,0.0,0.0,0.0,0.0,0.0,0.0,0.0,0.0
t85,0.0,0.0,0.0,0.0,0.0,0.0,0.0,0.0
t86,0.0,0.0,0.0,0.0,0.0,0.0,0.0,0.0
t87,0.0,0.0,0.0,0.0,0.0,0.0,0.0,0.0
t88,0.0,0.0,0.0,0.0,0.0,0.0,0.0,0.0
t89,7.272953039816343e-13,0.0,0.0,0.0,0.0,0.0,-1.3240006956038996e-12,-5.967053916222652e-13
t90,0.0,0.0,0.0,0.0,0.0,0.0,0.0,0.0
t91,0.0,0.0,0.0,0.0,0.0,0.0,0.0,0.0
t92,0.0,0.0,0.0,0.0,0.0,0.0,0.0,0.0
t93,0.0,0.0,0.0,0.0,0.0,0.0,0.0,0.0
t94,0.0,0.0,0.0,0.0,0.0,0.0,0.0,0.0
t95,0.0,0.0,0.0,0.0,0.0,0.0,0.0,0.0
t96,0.0,0.0,0.0,0.0,0.0,0.0,0.0,0.0
t97,0.0,0.0,0.0,0.0,0.0,0.0,0.0,0.0
t98,0.0,0.0,0.0,0.0,0.0,0.0,0.0,0.0
t99,0.0,0.0,0.0,0.0,0.0,0.0,0.0,0.0
t100,0.0,0.0,0.0,0.0,0.0,0.0,0.0,0.0
t101,0.0,0.0,0.0,0.0,0.0,0.0,0.0,0.0
t102,0.0,0.0,0.0,0.0,0.0,0.0,0.0,0.0
t103,0.0,0.0,0.0,0.0,0.0,0.0,0.0,0.0
t104,0.0,0.0,0.0,0.0,0.0,0.0,0.0,0.0
t105,0.0,0.0,0.0,0.0,0.0,0.0,0.0,0.0
t106,0.0,0.0,0.0,0.0,0.0,0.0,0.0,0.0
t107,0.0,0.0,0.0,0.0,0.0,0.0,0.0,0.0
t108,0.0,0.0,0.0,0.0,0.0,0.0,0.0,0.0
t109,0.0,0.0,0.0,0.0,0.0,0.0,0.0,0.0
t110,0.0,0.0,0.0,0.0,0.0,0.0,0.0,0.0
t111,0.0,0.0,0.0,0.0,0.0,0.0,0.0,0.0
t112,0.0,0.0,0.0,0.0,0.0,0.0,0.0,0.0
t113,0.0,0.0,0.0,0.0,0.0,0.0,0.0,0.0
t114,0.0,0.0,0.0,0.0,0.0,0.0,0.0,0.0
t115,0.0,0.0,-1.1722384088397318e-12,0.0,0.0,0.0,0.0,-1.1722384088397318e-12
t116,0.0,0.0,0.0,0.0,0.0,0.0,0.0,0.0
t117,0.0,0.0,0.0,0.0,0.0,0.0,0.0,0.0
t118,0.0,0.0,0.0,0.0,0.0,0.0,0.0,0.0
t119,0.0,0.0,0.0,0.0,0.0,0.0,0.0,0.0
t120,0.0,0.0,0.0,0.0,0.0,0.0,0.0,0.0
t121,0.0,0.0,0.0,0.0,0.0,0.0,0.0,0.0
t122,0.0,0.0,0.0,0.0,0.0,0.0,0.0,0.0
t123,0.0,0.0,0.0,0.0,0.0,0.0,0.0,0.0
t124,0.0,0.0,0.0,0.0,0.0,0.0,0.0,0.0
t125,0.0,0.0,0.0,0.0,0.0,0.0,0.0,0.0
t126,0.0,0.0,0.0,0.0,0.0,0.0,0.0,0.0
t127,0.0,0.0,0.0,0.0,0.0,0.0,0.0,0.0
t128,0.0,0.0,0.0,0.0,0.0,0.0,0.0,0.0
t129,0.0,0.0,0.0,0.0,0.0,0.0,0.0,0.0
t130,0.0,0.0,0.0,0.0,0.0,0.0,0.0,0.0
t131,0.0,0.0,0.0,0.0,0.0,0.0,0.0,0.0
t132,0.0,0.0,0.0,0.0,0.0,0.0,0.0,0.0
t133,0.0,0.0,0.0,0.0,0.0,0.0,0.0,0.0
t134,0.0,0.0,0.0,0.0,0.0,0.0,0.0,0.0
t135,0.0,0.0,0.0,0.0,0.0,0.0,0.0,0.0
t136,0.0,0.0,0.0,0.0,0.0,0.0,0.0,0.0
t137,0.0,0.0,0.0,0.0,0.0,0.0,0.0,0.0
t138,0.0,0.0,0.0,0.0,0.0,0.0,0.0,0.0
t139,0.0,0.0,0.0,0.0,0.0,0.0,0.0,0.0
t140,0.0,0.0,0.0,0.0,0.0,0.0,0.0,0.0
t141,0.0,0.0,0.0,0.0,0.0,0.0,0.0,0.0
t142,0.0,0.0,0.0,0.0,0.0,0.0,0.0,0.0
t143,0.0,0.0,0.0,0.0,0.0,0.0,0.0,0.0
t144,0.0,0.0,0.0,0.0,0.0,0.0,0.0,0.0
t145,0.0,0.0,0.0,0.0,0.0,0.0,0.0,0.0
t146,0.0,0.0,0.0,0.0,0.0,0.0,0.0,0.0
t147,0.0,0.0,0.0,0.0,0.0,0.0,0.0,0.0
t148,0.0,0.0,0.0,0.0,0.0,0.0,0.0,0.0
t149,0.0,0.0,0.0,0.0,0.0,0.0,0.0,0.0
t150,0.0,0.0,0.0,0.0,0.0,0.0,0.0,0.0
t151,0.0,0.0,0.0,0.0,0.0,0.0,0.0,0.0
t152,0.0,0.0,0.0,0.0,0.0,0.0,0.0,0.0
t153,0.0,0.0,0.0,0.0,0.0,0.0,0.0,0.0
t154,0.0,0.0,0.0,0.0,0.0,0.0,0.0,0.0
t155,0.0,0.0,0.0,0.0,0.0,0.0,0.0,0.0
t156,0.0,0.0,0.0,0.0,0.0,0.0,0.0,0.0
t157,0.0,0.0,0.0,0.0,0.0,0.0,0.0,0.0
t158,0.0,0.0,0.0,0.0,0.0,0.0,0.0,0.0
t159,0.0,0.0,0.0,0.0,0.0,0.0,0.0,0.0
t160,0.0,0.0,0.0,0.0,0.0,0.0,0.0,0.0
t161,0.0,0.0,0.0,0.0,0.0,0.0,0.0,0.0
t162,0.0,0.0,0.0,0.0,0.0,0.0,0.0,0.0
t163,0.0,0.0,0.0,0.0,0.0,0.0,0.0,0.0
t164,8.275004347524372e-14,0.0,0.0,0.0,0.0,0.0,0.0,8.275004347524372e-14
t165,0.0,0.0,0.0,0.0,0.0,0.0,0.0,0.0
t166,0.0,0.0,0.0,0.0,0.0,0.0,0.0,0.0
t167,0.0,0.0,0.0,0.0,0.0,0.0,0.0,0.0
t168,0.0,0.0,0.0,0.0,0.0,0.0,0.0,0.0
t169,0.0,0.0,0.0,0.0,0.0,0.0,0.0,0.0
t170,0.0,0.0,0.0,0.0,0.0,0.0,0.0,0.0
t171,0.0,0.0,0.0,0.0,0.0,0.0,6.620003478019498e-13,6.620003478019498e-13
t172,0.0,0.0,0.0,0.0,0.0,0.0,0.0,0.0
t173,0.0,0.0,0.0,-1.9860010434058495e-12,0.0,0.0,0.0,-1.9860010434058495e-12
t174,0.0,0.0,0.0,0.0,0.0,0.0,0.0,0.0
t175,0.0,0.0,0.0,0.0,0.0,0.0,0.0,0.0
t176,0.0,0.0,0.0,0.0,0.0,0.0,0.0,0.0
t177,0.0,0.0,0.0,0.0,0.0,0.0,0.0,0.0
t178,0.0,0.0,0.0,0.0,0.0,0.0,0.0,0.0
t179,0.0,0.0,0.0,0.0,0.0,0.0,0.0,0.0
t180,0.0,0.0,0.0,0.0,0.0,0.0,0.0,0.0
t181,0.0,0.0,0.0,0.0,0.0,0.0,0.0,0.0
t182,0.0,0.0,0.0,0.0,0.0,0.0,0.0,0.0
t183,0.0,0.0,0.0,0.0,0.0,0.0,0.0,0.0
t184,0.0,0.0,0.0,0.0,0.0,0.0,-1.1367373472194232e-12,-1.1367373472194232e-12
t185,0.0,0.0,0.0,0.0,0.0,0.0,5.792503043267061e-13,5.792503043267061e-13
t186,0.0,0.0,0.0,0.0,0.0,0.0,0.0,0.0
t187,0.0,0.0,0.0,0.0,0.0,0.0,0.0,0.0
t188,0.0,0.0,0.0,0.0,0.0,0.0,0.0,0.0
t189,0.0,0.0,0.0,0.0,0.0,0.0,0.0,0.0
t190,0.0,0.0,0.0,0.0,0.0,0.0,0.0,0.0
t191,0.0,0.0,0.0,-3.310001739009749e-13,0.0,0.0,0.0,-3.310001739009749e-13
t192,0.0,0.0,0.0,6.620003478019498e-13,0.0,0.0,0.0,6.620003478019498e-13
t193,0.0,0.0,0.0,0.0,0.0,0.0,0.0,0.0
t194,0.0,0.0,0.0,0.0,0.0,0.0,0.0,0.0
t195,0.0,0.0,0.0,0.0,0.0,0.0,0.0,0.0
t196,0.0,0.0,0.0,0.0,0.0,0.0,0.0,0.0
t197,0.0,0.0,0.0,0.0,0.0,0.0,0.0,0.0
t198,0.0,0.0,0.0,0.0,0.0,0.0,0.0,0.0
t199,0.0,0.0,0.0,0.0,0.0,0.0,0.0,0.0
t200,0.0,0.0,0.0,0.0,0.0,0.0,0.0,0.0
t201,0.0,0.0,0.0,0.0,0.0,0.0,0.0,0.0
t202,0.0,0.0,0.0,0.0,0.0,0.0,0.0,0.0
t203,0.0,0.0,0.0,0.0,0.0,0.0,0.0,0.0
t204,0.0,0.0,0.0,0.0,0.0,0.0,0.0,0.0
t205,0.0,0.0,0.0,0.0,0.0,0.0,0.0,0.0
t206,0.0,0.0,0.0,0.0,0.0,0.0,0.0,0.0
t207,0.0,0.0,0.0,0.0,0.0,0.0,0.0,0.0
t208,0.0,0.0,0.0,0.0,0.0,0.0,0.0,0.0
t209,0.0,0.0,0.0,0.0,0.0,0.0,0.0,0.0
t210,0.0,0.0,0.0,0.0,0.0,0.0,0.0,0.0
t211,0.0,0.0,0.0,0.0,0.0,0.0,0.0,0.0
t212,0.0,0.0,0.0,0.0,0.0,0.0,0.0,0.0
t213,0.0,0.0,0.0,0.0,0.0,0.0,0.0,0.0
t214,0.0,0.0,0.0,0.0,0.0,0.0,0.0,0.0
t215,0.0,0.0,0.0,0.0,0.0,0.0,0.0,0.0
t216,0.0,0.0,0.0,0.0,0.0,0.0,0.0,0.0
t217,6.620003478019498e-13,0.0,0.0,0.0,-1.1378130977846014e-13,0.0,0.0,5.482190380234896e-13
t218,-6.620003478019498e-13,0.0,0.0,0.0,4.1621080077633683e-13,0.0,0.0,-2.4578954702561296e-13
t219,0.0,0.0,0.0,0.0,0.0,0.0,0.0,0.0
t220,-9.102504782276811e-13,0.0,0.0,0.0,0.0,0.0,0.0,-9.102504782276811e-13
t221,0.0,0.0,0.0,0.0,0.0,8.275004347524372e-14,0.0,8.275004347524372e-14
t222,0.0,0.0,0.0,0.0,0.0,0.0,0.0,0.0
t223,0.0,0.0,0.0,0.0,0.0,0.0,0.0,0.0
t224,0.0,0.0,0.0,0.0,0.0,0.0,0.0,0.0
t225,0.0,0.0,0.0,0.0,0.0,0.0,0.0,0.0
t226,0.0,0.0,0.0,0.0,0.0,0.0,0.0,0.0
t227,0.0,0.0,0.0,0.0,0.0,0.0,0.0,0.0
t228,0.0,0.0,0.0,-5.1072292457367376e-12,0.0,0.0,0.0,-5.1072292457367376e-12
t229,0.0,0.0,0.0,-5.1072292457367376e-12,0.0,0.0,0.0,-5.1072292457367376e-12
t230,0.0,0.0,0.0,-5.1072292457367376e-12,0.0,0.0,0.0,-5.1072292457367376e-12
t231,-4.865613664696066e-13,0.0,0.0,0.0,0.0,0.0,0.0,-4.865613664696066e-13
t232,0.0,0.0,0.0,0.0,0.0,0.0,0.0,0.0
t233,5.958003130217549e-12,0.0,0.0,0.0,0.0,0.0,-7.033753695395717e-13,5.254627760677977e-12
t234,0.0,0.0,0.0,-1.0343755434405466e-13,6.20625326064328e-14,0.0,0.0,-4.137502173762187e-14
t235,0.0,0.0,0.0,0.0,0.0,0.0,0.0,0.0
t236,0.0,0.0,0.0,0.0,0.0,4.1375021737621865e-13,0.0,4.1375021737621865e-13
t237,0.0,0.0,0.0,0.0,4.137502173762186e-14,7.447503912771936e-13,0.0,7.861254130148155e-13
t238,0.0,0.0,0.0,0.0,0.0,0.0,0.0,0.0
t239,0.0,0.0,0.0,0.0,0.0,-2.482501304257312e-13,0.0,-2.482501304257312e-13
t240,0.0,0.0,0.0,1.2578006608239412e-12,0.0,0.0,0.0,1.2578006608239412e-12
t241,0.0,0.0,0.0,0.0,0.0,0.0,0.0,0.0
t242,0.0,0.0,0.0,0.0,0.0,0.0,0.0,0.0
t243,0.0,0.0,0.0,0.0,-6.20625326064328e-13,0.0,0.0,-6.20625326064328e-13
t244,0.0,0.0,0.0,0.0,0.0,0.0,0.0,0.0
t245,0.0,0.0,0.0,0.0,-6.620003478019498e-13,0.0,0.0,-6.620003478019498e-13
t246,0.0,0.0,0.0,0.0,0.0,0.0,0.0,0.0
t247,0.0,0.0,0.0,0.0,0.0,0.0,0.0,0.0
t248,0.0,0.0,0.0,0.0,0.0,0.0,0.0,0.0
t249,0.0,0.0,0.0,0.0,0.0,0.0,0.0,0.0
t250,0.0,0.0,0.0,0.0,0.0,0.0,0.0,0.0
t251,0.0,0.0,0.0,0.0,0.0,0.0,0.0,0.0
t252,0.0,0.0,0.0,0.0,0.0,0.0,0.0,0.0
t253,0.0,0.0,0.0,0.0,0.0,0.0,0.0,0.0
t254,0.0,0.0,0.0,0.0,0.0,0.0,0.0,0.0
t255,0.0,0.0,0.0,0.0,0.0,0.0,0.0,0.0
t256,0.0,0.0,0.0,0.0,0.0,0.0,0.0,0.0
t257,0.0,0.0,0.0,0.0,-3.310001739009749e-13,0.0,0.0,-3.310001739009749e-13
t258,0.0,0.0,0.0,-3.310001739009749e-13,0.0,0.0,0.0,-3.310001739009749e-13
t259,0.0,0.0,0.0,0.0,1.0257557472452087e-12,0.0,0.0,1.0257557472452087e-12
t260,0.0,0.0,0.0,0.0,1.024031788006141e-12,0.0,0.0,1.024031788006141e-12
t261,0.0,0.0,0.0,0.0,0.0,0.0,0.0,0.0
t262,0.0,0.0,0.0,0.0,0.0,0.0,0.0,0.0
t263,0.0,0.0,0.0,0.0,0.0,0.0,0.0,0.0
t264,0.0,0.0,0.0,0.0,0.0,0.0,0.0,0.0
t265,0.0,0.0,0.0,0.0,0.0,0.0,0.0,0.0
t266,0.0,0.0,0.0,0.0,0.0,0.0,0.0,0.0
t267,0.0,0.0,0.0,0.0,0.0,0.0,0.0,0.0
t268,3.972002086811699e-12,0.0,-4.96500260851369e-12,0.0,-3.051407853149612e-13,0.0,6.620003478019498e-13,-6.361409592150027e-13
t269,3.972002086811699e-12,0.0,0.0,0.0,0.0,0.0,0.0,3.972002086811699e-12
t270,0.0,0.0,0.0,0.0,0.0,0.0,0.0,0.0
t271,0.0,0.0,0.0,0.0,0.0,0.0,0.0,0.0
t272,0.0,0.0,0.0,0.0,0.0,0.0,0.0,0.0
t273,0.0,0.0,0.0,0.0,0.0,0.0,0.0,0.0
t274,0.0,0.0,0.0,0.0,0.0,0.0,0.0,0.0
t275,6.620003478019498e-13,0.0,0.0,0.0,0.0,0.0,0.0,6.620003478019498e-13
t276,0.0,0.0,0.0,-2.114263610792477e-12,0.0,0.0,0.0,-2.114263610792477e-12
t277,0.0,0.0,0.0,-2.114263610792477e-12,0.0,0.0,0.0,-2.114263610792477e-12
t278,0.0,0.0,0.0,-2.114263610792477e-12,0.0,0.0,0.0,-2.114263610792477e-12
t279,0.0,0.0,0.0,-1.5101882934231979e-12,0.0,0.0,0.0,-1.5101882934231979e-12
t280,0.0,0.0,0.0,3.020376586846396e-13,2.0687510868810933e-13,0.0,0.0,5.089127673727489e-13
t281,0.0,0.0,0.0,-1.5101882934231979e-12,0.0,0.0,0.0,-1.5101882934231979e-12
t282,0.0,0.0,0.0,-1.5101882934231979e-12,0.0,0.0,0.0,-1.5101882934231979e-12
t283,0.0,0.0,0.0,3.020376586846396e-13,0.0,0.0,0.0,3.020376586846396e-13
t284,0.0,0.0,0.0,-1.5101882934231979e-12,0.0,0.0,0.0,-1.5101882934231979e-12
t285,0.0,0.0,0.0,0.0,0.0,0.0,0.0,0.0
t286,0.0,0.0,0.0,0.0,0.0,0.0,0.0,0.0
t287,0.0,0.0,0.0,6.710511338070546e-13,0.0,0.0,0.0,6.710511338070546e-13
t288,0.0,0.0,0.0,0.0,0.0,0.0,0.0,0.0
t289,0.0,0.0,0.0,0.0,0.0,0.0,0.0,0.0
t290,0.0,0.0,0.0,0.0,0.0,0.0,0.0,0.0
t291,0.0,0.0,3.310001739009749e-13,0.0,0.0,0.0,0.0,3.310001739009749e-13
t292,0.0,0.0,0.0,0.0,0.0,0.0,0.0,0.0
t293,0.0,0.0,-1.3240006956038996e-12,0.0,0.0,0.0,0.0,-1.3240006956038996e-12
t294,0.0,0.0,-1.8411884673241727e-12,0.0,0.0,0.0,0.0,-1.8411884673241727e-12
t295,0.0,0.0,0.0,0.0,0.0,0.0,0.0,0.0
t296,0.0,0.0,-3.310001739009749e-13,0.0,0.0,0.0,0.0,-3.310001739009749e-13
t297,-3.3100017390097492e-12,0.0,0.0,0.0,4.137502173762186e-14,0.0,0.0,-3.2686267172721274e-12
t298,0.0,0.0,0.0,0.0,0.0,0.0,0.0,0.0
t299,0.0,0.0,0.0,0.0,0.0,0.0,0.0,0.0
t300,0.0,0.0,0.0,0.0,0.0,0.0,0.0,0.0
t301,0.0,0.0,0.0,0.0,0.0,0.0,0.0,0.0
t302,0.0,0.0,0.0,0.0,0.0,0.0,0.0,0.0
t303,0.0,0.0,0.0,-1.3240006956038996e-12,0.0,0.0,0.0,-1.3240006956038996e-12
t304,0.0,0.0,0.0,2.648001391207799e-13,0.0,0.0,0.0,2.648001391207799e-13
t305,-4.965002608514624e-13,0.0,0.0,0.0,0.0,0.0,0.0,-4.965002608514624e-13
t306,0.0,0.0,0.0,0.0,0.0,0.0,0.0,0.0
t307,0.0,0.0,0.0,0.0,0.0,0.0,0.0,0.0
t308,0.0,0.0,0.0,0.0,0.0,0.0,0.0,0.0
t309,0.0,0.0,0.0,0.0,0.0,0.0,0.0,0.0
t310,4.634002434613649e-12,0.0,0.0,0.0,0.0,0.0,0.0,4.634002434613649e-12
t311,4.634002434613649e-12,0.0,0.0,0.0,0.0,0.0,0.0,4.634002434613649e-12
t312,0.0,0.0,0.0,0.0,0.0,0.0,0.0,0.0
t313,0.0,0.0,0.0,0.0,0.0,0.0,0.0,0.0
t314,0.0,0.0,0.0,0.0,0.0,0.0,0.0,0.0
t315,0.0,0.0,0.0,0.0,0.0,0.0,-6.620003478019498e-13,-6.620003478019498e-13
t316,0.0,0.0,0.0,0.0,0.0,0.0,0.0,0.0
t317,0.0,0.0,0.0,0.0,0.0,0.0,0.0,0.0
t318,0.0,0.0,0.0,1.7988437185145755e-13,0.0,0.0,0.0,1.7988437185145755e-13
t319,0.0,0.0,0.0,0.0,0.0,0.0,0.0,0.0
t320,0.0,0.0,0.0,0.0,0.0,0.0,0.0,0.0
t321,0.0,0.0,-3.4995510573452295e-13,0.0,0.0,0.0,0.0,-3.4995510573452295e-13
t322,0.0,0.0,0.0,0.0,0.0,0.0,0.0,0.0
t323,0.0,0.0,0.0,0.0,0.0,0.0,0.0,0.0
t324,0.0,0.0,0.0,0.0,0.0,0.0,0.0,0.0
t325,0.0,0.0,0.0,0.0,0.0,0.0,0.0,0.0
t326,0.0,0.0,0.0,0.0,0.0,0.0,0.0,0.0
t327,0.0,0.0,0.0,0.0,0.0,0.0,0.0,0.0
t328,0.0,0.0,-2.648001391207799e-12,0.0,0.0,0.0,0.0,-2.648001391207799e-12
t329,0.0,0.0,-2.648001391207799e-12,0.0,0.0,0.0,0.0,-2.648001391207799e-12
t330,0.0,0.0,0.0,0.0,0.0,0.0,0.0,0.0
t331,0.0,0.0,0.0,0.0,0.0,0.0,0.0,0.0
t332,0.0,0.0,0.0,0.0,0.0,0.0,0.0,0.0
t333,0.0,0.0,0.0,0.0,0.0,0.0,0.0,0.0
t334,0.0,0.0,0.0,0.0,0.0,0.0,0.0,0.0
t335,0.0,0.0,0.0,0.0,0.0,0.0,0.0,0.0
t336,0.0,0.0,0.0,0.0,0.0,0.0,0.0,0.0
t337,0.0,0.0,0.0,0.0,0.0,0.0,0.0,0.0
t338,0.0,0.0,0.0,0.0,0.0,0.0,0.0,0.0
t339,0.0,0.0,0.0,0.0,0.0,0.0,0.0,0.0
t340,0.0,7.240628804083826e-14,0.0,0.0,0.0,0.0,0.0,7.240628804083826e-14
t341,0.0,-7.36911764112058e-12,0.0,-1.9135947553650113e-13,0.0,0.0,0.0,-7.560477116657081e-12
t342,4.965002608514624e-13,-7.36911764112058e-12,0.0,-2.3286379421705304e-12,0.0,0.0,0.0,-9.201255322439648e-12
t343,0.0,0.0,0.0,4.657275884341061e-13,0.0,0.0,0.0,4.657275884341061e-13
t344,0.0,0.0,0.0,0.0,0.0,0.0,0.0,0.0
t345,0.0,0.0,0.0,0.0,0.0,0.0,0.0,0.0
t346,0.0,0.0,0.0,0.0,0.0,0.0,1.6550008695048745e-13,1.6550008695048745e-13
t347,0.0,0.0,0.0,3.310001739009749e-13,8.275004347524372e-14,0.0,0.0,4.137502173762186e-13
t348,0.0,0.0,0.0,-1.3240006956038996e-12,0.0,0.0,0.0,-1.3240006956038996e-12
t349,0.0,0.0,0.0,0.0,0.0,0.0,0.0,0.0
t350,0.0,0.0,0.0,-3.310001739009749e-13,0.0,0.0,0.0,-3.310001739009749e-13
t351,0.0,0.0,0.0,-6.20625326064328e-14,9.930005217029247e-13,0.0,0.0,9.30937989096492e-13
t352,4.22025221723743e-12,0.0,0.0,0.0,0.0,0.0,0.0,4.22025221723743e-12
t353,4.965002608514624e-13,0.0,0.0,0.0,0.0,0.0,2.648001391207799e-12,3.1445016520592616e-12
t354,0.0,0.0,0.0,-6.620003478019498e-13,0.0,0.0,0.0,-6.620003478019498e-13
t355,0.0,0.0,0.0,0.0,0.0,0.0,0.0,0.0
t356,-4.965002608514624e-13,0.0,0.0,0.0,0.0,0.0,7.813175870025502e-13,2.848173261510878e-13
t357,0.0,0.0,2.275626195569203e-13,0.0,0.0,0.0,0.0,2.275626195569203e-13
t358,0.0,0.0,0.0,0.0,0.0,0.0,0.0,0.0
t359,0.0,0.0,0.0,0.0,0.0,0.0,0.0,0.0
t360,0.0,0.0,0.0,0.0,0.0,0.0,0.0,0.0
t361,0.0,0.0,0.0,0.0,0.0,0.0,0.0,0.0
t362,0.0,0.0,0.0,0.0,0.0,0.0,-1.9860010434058495e-12,-1.9860010434058495e-12
t363,0.0,0.0,0.0,0.0,0.0,0.0,0.0,0.0
t364,0.0,0.0,0.0,0.0,-3.310001739009749e-13,0.0,0.0,-3.310001739009749e-13
t365,-4.137502173762186e-14,0.0,0.0,0.0,0.0,0.0,0.0,-4.137502173762186e-14
t366,-4.137502173762186e-14,0.0,0.0,0.0,0.0,0.0,0.0,-4.137502173762186e-14
t367,0.0,0.0,0.0,0.0,0.0,0.0,0.0,0.0
t368,0.0,0.0,0.0,0.0,0.0,0.0,0.0,0.0
t369,0.0,1.112629501220301e-12,0.0,0.0,0.0,0.0,0.0,1.112629501220301e-12
t370,0.0,0.0,0.0,0.0,0.0,0.0,0.0,0.0
t371,0.0,0.0,0.0,0.0,0.0,0.0,0.0,0.0
t372,0.0,0.0,0.0,0.0,0.0,0.0,0.0,0.0
t373,0.0,0.0,0.0,0.0,0.0,0.0,0.0,0.0
t374,0.0,0.0,0.0,6.620003478019498e-13,0.0,0.0,3.310001739009749e-13,9.930005217029247e-13
t375,0.0,0.0,0.0,0.0,0.0,0.0,0.0,0.0
t376,0.0,0.0,-2.0687510868810933e-13,0.0,0.0,0.0,0.0,-2.0687510868810933e-13
t377,-6.6200034780194985e-12,0.0,0.0,0.0,0.0,0.0,0.0,-6.6200034780194985e-12
t378,-1.861875978192984e-13,0.0,0.0,0.0,0.0,0.0,0.0,-1.861875978192984e-13
t379,0.0,0.0,0.0,0.0,0.0,0.0,0.0,0.0
t380,-4.137502173762186e-14,-3.310001739009749e-13,0.0,0.0,0.0,0.0,0.0,-3.7237519563859675e-13
t381,0.0,-5.211390862962161e-13,0.0,0.0,0.0,0.0,0.0,-5.211390862962161e-13
t382,0.0,0.0,0.0,0.0,0.0,0.0,0.0,0.0
t383,0.0,0.0,0.0,0.0,0.0,0.0,0.0,0.0
t384,3.310001739009749e-13,0.0,0.0,0.0,0.0,0.0,0.0,3.310001739009749e-13
t385,0.0,0.0,0.0,0.0,0.0,0.0,0.0,0.0
t386,0.0,0.0,0.0,0.0,0.0,0.0,-6.620003478019498e-13,-6.620003478019498e-13
t387,0.0,0.0,0.0,0.0,0.0,0.0,0.0,0.0
t388,0.0,0.0,0.0,0.0,0.0,0.0,0.0,0.0
t389,0.0,0.0,0.0,0.0,0.0,0.0,0.0,0.0
t390,0.0,0.0,0.0,0.0,0.0,0.0,0.0,0.0
t391,0.0,0.0,0.0,0.0,0.0,0.0,0.0,0.0
t392,-2.1566503811085268e-12,0.0,0.0,0.0,-1.241250652128656e-13,0.0,0.0,-2.2807754463213922e-12
t393,0.0,0.0,0.0,0.0,0.0,0.0,0.0,0.0
t394,0.0,0.0,0.0,0.0,0.0,0.0,0.0,0.0
t395,0.0,0.0,0.0,0.0,0.0,0.0,0.0,0.0
t396,-1.6550008695048745e-13,0.0,0.0,0.0,0.0,0.0,0.0,-1.6550008695048745e-13
t397,0.0,0.0,0.0,0.0,0.0,0.0,0.0,0.0
t398,-5.43047160306287e-12,0.0,0.0,0.0,0.0,0.0,0.0,-5.43047160306287e-12
t399,0.0,0.0,0.0,0.0,0.0,0.0,6.464847146503416e-13,6.464847146503416e-13
t400,0.0,0.0,0.0,0.0,0.0,0.0,0.0,0.0
t401,0.0,0.0,0.0,0.0,0.0,0.0,0.0,0.0
t402,0.0,0.0,0.0,0.0,0.0,0.0,0.0,0.0
t403,0.0,0.0,0.0,0.0,0.0,0.0,0.0,0.0
t404,0.0,0.0,0.0,0.0,0.0,0.0,0.0,0.0
t405,0.0,0.0,0.0,0.0,0.0,0.0,-6.620003478019498e-13,-6.620003478019498e-13
t406,0.0,0.0,0.0,0.0,0.0,0.0,0.0,0.0
t407,0.0,0.0,0.0,0.0,0.0,0.0,-1.199875630391034e-12,-1.199875630391034e-12
t408,-2.3170012173068243e-11,0.0,0.0,-3.310001739009749e-13,0.0,0.0,0.0,-2.3501012346969217e-11
t409,0.0,0.0,0.0,0.0,0.0,0.0,0.0,0.0
t410,0.0,0.0,0.0,0.0,0.0,0.0,0.0,0.0
t411,0.0,0.0,0.0,0.0,0.0,0.0,0.0,0.0
t412,0.0,0.0,0.0,0.0,0.0,0.0,0.0,0.0
t413,0.0,0.0,0.0,0.0,0.0,0.0,0.0,0.0
t414,0.0,0.0,0.0,0.0,0.0,0.0,0.0,0.0
t415,0.0,0.0,0.0,0.0,0.0,0.0,0.0,0.0
t416,0.0,0.0,0.0,0.0,0.0,0.0,0.0,0.0
t417,0.0,0.0,0.0,0.0,0.0,0.0,0.0,0.0
t418,0.0,0.0,0.0,0.0,0.0,0.0,0.0,0.0
t419,0.0,0.0,0.0,0.0,0.0,0.0,0.0,0.0
t420,0.0,0.0,0.0,0.0,0.0,0.0,0.0,0.0
t421,0.0,0.0,0.0,0.0,0.0,0.0,0.0,0.0
t422,0.0,0.0,0.0,0.0,0.0,0.0,0.0,0.0
t423,0.0,0.0,0.0,0.0,0.0,0.0,0.0,0.0
t424,0.0,0.0,0.0,0.0,0.0,0.0,0.0,0.0
t425,0.0,0.0,0.0,0.0,0.0,0.0,0.0,0.0
t426,0.0,0.0,0.0,0.0,0.0,0.0,0.0,0.0
t427,0.0,0.0,0.0,0.0,0.0,0.0,0.0,0.0
t428,0.0,0.0,0.0,0.0,0.0,0.0,0.0,0.0
t429,0.0,0.0,0.0,0.0,0.0,0.0,0.0,0.0
t430,0.0,0.0,0.0,0.0,0.0,0.0,0.0,0.0
t431,0.0,0.0,0.0,0.0,0.0,0.0,0.0,0.0
t432,0.0,0.0,0.0,0.0,0.0,0.0,0.0,0.0
t433,0.0,0.0,0.0,2.2618345216566618e-13,0.0,0.0,0.0,2.2618345216566618e-13
t434,0.0,0.0,0.0,0.0,0.0,0.0,0.0,0.0
t435,0.0,0.0,0.0,0.0,0.0,0.0,0.0,0.0
t436,0.0,0.0,0.0,0.0,0.0,0.0,0.0,0.0
t437,0.0,0.0,0.0,0.0,0.0,0.0,0.0,0.0
t438,0.0,0.0,0.0,0.0,0.0,0.0,0.0,0.0
t439,0.0,0.0,0.0,0.0,0.0,0.0,0.0,0.0
t440,0.0,0.0,0.0,0.0,0.0,0.0,0.0,0.0
t441,0.0,0.0,0.0,0.0,0.0,0.0,0.0,0.0
t442,0.0,0.0,0.0,0.0,0.0,0.0,0.0,0.0
t443,0.0,0.0,0.0,0.0,0.0,0.0,0.0,0.0
t444,0.0,0.0,0.0,0.0,0.0,0.0,0.0,0.0
t445,0.0,0.0,0.0,0.0,0.0,0.0,0.0,0.0
t446,0.0,0.0,0.0,0.0,0.0,0.0,0.0,0.0
t447,0.0,0.0,0.0,0.0,0.0,0.0,0.0,0.0
t448,0.0,0.0,0.0,0.0,0.0,0.0,0.0,0.0
t449,-2.0687510868810933e-13,0.0,0.0,0.0,0.0,0.0,0.0,-2.0687510868810933e-13
t450,0.0,0.0,5.171877717202733e-14,0.0,0.0,0.0,0.0,5.171877717202733e-14
t451,0.0,0.0,0.0,0.0,0.0,0.0,0.0,0.0
t452,0.0,0.0,0.0,0.0,0.0,0.0,0.0,0.0
t453,0.0,0.0,0.0,0.0,0.0,0.0,0.0,0.0
t454,0.0,0.0,0.0,0.0,0.0,0.0,0.0,0.0
t455,0.0,0.0,0.0,-2.648001391207799e-12,0.0,0.0,0.0,-2.648001391207799e-12
t456,0.0,0.0,0.0,-9.599005043128272e-12,0.0,0.0,0.0,-9.599005043128272e-12
t457,0.0,0.0,0.0,0.0,0.0,0.0,0.0,0.0
t458,0.0,0.0,0.0,0.0,0.0,0.0,0.0,0.0
t459,0.0,0.0,0.0,0.0,0.0,0.0,0.0,0.0
t460,0.0,0.0,0.0,0.0,0.0,0.0,0.0,0.0
t461,-6.620003478019498e-13,0.0,0.0,0.0,0.0,0.0,0.0,-6.620003478019498e-13
t462,0.0,0.0,0.0,0.0,-1.1378130977846014e-13,0.0,0.0,-1.1378130977846014e-13
t463,0.0,0.0,0.0,0.0,0.0,0.0,0.0,0.0
t464,0.0,0.0,0.0,0.0,0.0,0.0,0.0,0.0
t465,0.0,0.0,0.0,0.0,0.0,0.0,0.0,0.0
t466,0.0,0.0,0.0,0.0,0.0,0.0,0.0,0.0
t467,0.0,0.0,0.0,0.0,0.0,0.0,0.0,0.0
t468,0.0,0.0,0.0,0.0,0.0,0.0,0.0,0.0
t469,0.0,0.0,0.0,0.0,0.0,0.0,0.0,0.0
t470,0.0,0.0,0.0,0.0,0.0,0.0,0.0,0.0
t471,0.0,0.0,0.0,0.0,0.0,0.0,0.0,0.0
t472,0.0,0.0,0.0,0.0,0.0,0.0,0.0,0.0
t473,0.0,0.0,0.0,0.0,0.0,0.0,0.0,0.0
t474,0.0,0.0,0.0,0.0,0.0,0.0,0.0,0.0
t475,0.0,0.0,0.0,0.0,0.0,0.0,0.0,0.0
t476,0.0,0.0,0.0,0.0,0.0,0.0,0.0,0.0
t477,0.0,0.0,0.0,0.0,0.0,0.0,0.0,0.0
t478,0.0,0.0,0.0,0.0,0.0,0.0,0.0,0.0
t479,0.0,0.0,0.0,0.0,0.0,0.0,0.0,0.0
t480,0.0,0.0,0.0,0.0,0.0,0.0,0.0,0.0
t481,0.0,0.0,0.0,0.0,0.0,0.0,0.0,0.0
t482,0.0,0.0,0.0,0.0,0.0,0.0,0.0,0.0
t483,-3.310001739009749e-13,0.0,0.0,0.0,0.0,0.0,0.0,-3.310001739009749e-13
t484,0.0,0.0,0.0,0.0,0.0,0.0,0.0,0.0
t485,-3.310001739009749e-13,0.0,0.0,0.0,0.0,0.0,0.0,-3.310001739009749e-13
t486,9.930005217029247e-13,0.0,0.0,0.0,0.0,0.0,0.0,9.930005217029247e-13
t487,0.0,0.0,0.0,0.0,0.0,0.0,0.0,0.0
t488,-9.697270719755125e-13,0.0,0.0,0.0,0.0,0.0,0.0,-9.697270719755125e-13
t489,0.0,0.0,0.0,0.0,0.0,0.0,0.0,0.0
t490,0.0,0.0,0.0,0.0,0.0,0.0,0.0,0.0
t491,0.0,0.0,0.0,0.0,0.0,0.0,0.0,0.0
t492,0.0,0.0,0.0,0.0,0.0,0.0,0.0,0.0
t493,0.0,0.0,0.0,0.0,0.0,0.0,0.0,0.0
t494,3.3100017390097492e-12,0.0,0.0,0.0,0.0,0.0,0.0,3.3100017390097492e-12
t495,0.0,0.0,0.0,0.0,0.0,0.0,0.0,0.0
t496,0.0,0.0,0.0,0.0,0.0,0.0,0.0,0.0
t497,0.0,0.0,0.0,0.0,0.0,0.0,0.0,0.0
t498,0.0,0.0,0.0,0.0,0.0,0.0,0.0,0.0
t499,0.0,0.0,0.0,0.0,0.0,0.0,-5.475725533088394e-13,-5.475725533088394e-13
t500,-1.9860010434058495e-12,0.0,6.620003478019498e-13,0.0,0.0,0.0,0.0,-1.3240006956038998e-12
t501,0.0,0.0,-3.310001739009749e-13,0.0,0.0,0.0,0.0,-3.310001739009749e-13
t502,0.0,0.0,0.0,0.0,0.0,0.0,0.0,0.0
t503,1.2283209578356491e-11,0.0,0.0,0.0,0.0,0.0,0.0,1.2283209578356491e-11
t504,0.0,0.0,0.0,0.0,0.0,0.0,0.0,0.0
t505,0.0,0.0,0.0,0.0,0.0,0.0,0.0,0.0
t506,0.0,0.0,0.0,0.0,0.0,0.0,0.0,0.0
t507,0.0,0.0,0.0,0.0,0.0,0.0,0.0,0.0
t508,0.0,0.0,0.0,0.0,0.0,0.0,0.0,0.0
t509,0.0,0.0,0.0,-1.2541803464216627e-13,3.310001739009749e-13,0.0,0.0,2.0558213925880862e-13
t510,0.0,0.0,0.0,0.0,-1.6550008695048746e-12,0.0,0.0,-1.6550008695048746e-12
t511,0.0,0.0,0.0,0.0,0.0,0.0,0.0,0.0
t512,0.0,0.0,0.0,0.0,0.0,0.0,0.0,0.0
t513,0.0,0.0,0.0,0.0,0.0,0.0,0.0,0.0
t514,0.0,0.0,0.0,0.0,1.4895007825543872e-12,0.0,0.0,1.4895007825543872e-12
t515,0.0,0.0,0.0,0.0,1.4895007825543872e-12,0.0,0.0,1.4895007825543872e-12
t516,0.0,0.0,0.0,0.0,0.0,0.0,0.0,0.0
t517,0.0,0.0,0.0,0.0,0.0,0.0,0.0,0.0
t518,0.0,0.0,0.0,0.0,0.0,0.0,0.0,0.0
t519,0.0,0.0,0.0,0.0,0.0,0.0,0.0,0.0
t520,0.0,0.0,0.0,0.0,0.0,0.0,0.0,0.0
t521,0.0,0.0,0.0,0.0,0.0,0.0,0.0,0.0
t522,0.0,0.0,0.0,1.55156331516082e-13,0.0,0.0,0.0,1.55156331516082e-13
t523,0.0,0.0,0.0,0.0,0.0,0.0,0.0,0.0
t524,0.0,0.0,0.0,0.0,0.0,0.0,0.0,0.0
t525,0.0,0.0,0.0,0.0,0.0,0.0,0.0,0.0
t526,1.6550008695048746e-12,0.0,0.0,0.0,0.0,0.0,9.930005217029247e-13,2.6480013912077996e-12
t527,0.0,0.0,0.0,0.0,0.0,0.0,0.0,0.0
t528,0.0,0.0,0.0,0.0,0.0,0.0,0.0,0.0
t529,0.0,0.0,0.0,0.0,0.0,0.0,0.0,0.0
t530,1.9529010260157518e-11,0.0,0.0,0.0,0.0,0.0,0.0,1.9529010260157518e-11
t531,0.0,0.0,0.0,0.0,0.0,0.0,0.0,0.0
t532,0.0,0.0,0.0,0.0,0.0,0.0,0.0,0.0
t533,0.0,0.0,0.0,6.620003478019498e-13,0.0,0.0,0.0,6.620003478019498e-13
t534,0.0,0.0,0.0,6.620003478019498e-13,0.0,0.0,0.0,6.620003478019498e-13
t535,0.0,0.0,0.0,0.0,0.0,0.0,0.0,0.0
t536,0.0,0.0,0.0,0.0,0.0,0.0,0.0,0.0
t537,0.0,0.0,0.0,0.0,0.0,0.0,0.0,0.0
t538,0.0,0.0,0.0,0.0,0.0,0.0,0.0,0.0
t539,0.0,0.0,1.6550008695048745e-13,0.0,0.0,0.0,-1.1367373472194232e-12,-9.712372602689358e-13
t540,0.0,0.0,0.0,0.0,0.0,0.0,0.0,0.0
t541,0.0,0.0,0.0,0.0,0.0,0.0,0.0,0.0
t542,0.0,0.0,0.0,0.0,0.0,0.0,0.0,0.0
t543,0.0,0.0,0.0,0.0,0.0,0.0,-3.232423573251708e-13,-3.232423573251708e-13
t544,0.0,0.0,0.0,0.0,-1.2929694293006832e-13,0.0,0.0,-1.2929694293006832e-13
t545,0.0,0.0,-3.310001739009749e-13,0.0,0.0,0.0,0.0,-3.310001739009749e-13
t546,0.0,0.0,0.0,1.3240006956038996e-12,0.0,0.0,0.0,1.3240006956038996e-12
t547,0.0,0.0,0.0,0.0,0.0,0.0,0.0,0.0
t548,0.0,0.0,0.0,0.0,0.0,0.0,0.0,0.0
t549,0.0,-3.310001739009749e-13,0.0,0.0,0.0,0.0,6.20625326064328e-13,2.896251521633531e-13
t550,0.0,0.0,0.0,0.0,0.0,0.0,0.0,0.0
t551,0.0,0.0,0.0,-1.3240006956038996e-12,0.0,0.0,0.0,-1.3240006956038996e-12
t552,0.0,0.0,3.310001739009749e-13,0.0,0.0,0.0,0.0,3.310001739009749e-13
t553,0.0,0.0,0.0,0.0,0.0,0.0,0.0,0.0
t554,0.0,0.0,0.0,0.0,0.0,0.0,0.0,0.0
t555,0.0,0.0,0.0,0.0,0.0,0.0,0.0,0.0
t556,0.0,0.0,0.0,0.0,0.0,0.0,0.0,0.0
t557,0.0,0.0,0.0,0.0,0.0,0.0,0.0,0.0
t558,0.0,0.0,0.0,0.0,0.0,0.0,0.0,0.0
t559,0.0,0.0,0.0,0.0,0.0,0.0,0.0,0.0
t560,0.0,0.0,0.0,0.0,0.0,0.0,0.0,0.0
t561,0.0,0.0,0.0,0.0,0.0,0.0,0.0,0.0
t562,0.0,0.0,0.0,0.0,0.0,0.0,0.0,0.0
t563,0.0,0.0,0.0,0.0,0.0,0.0,0.0,0.0
t564,0.0,0.0,0.0,0.0,0.0,0.0,0.0,0.0
t565,0.0,0.0,0.0,0.0,0.0,0.0,0.0,0.0
t566,0.0,0.0,0.0,0.0,0.0,0.0,0.0,0.0
t567,0.0,0.0,0.0,0.0,0.0,0.0,0.0,0.0
t568,0.0,0.0,0.0,0.0,0.0,0.0,0.0,0.0
t569,0.0,0.0,0.0,0.0,0.0,0.0,0.0,0.0
t570,0.0,0.0,0.0,0.0,0.0,0.0,0.0,0.0
t571,0.0,0.0,0.0,0.0,0.0,0.0,0.0,0.0
t572,0.0,0.0,0.0,0.0,0.0,0.0,0.0,0.0
t573,0.0,0.0,0.0,0.0,0.0,0.0,0.0,0.0
t574,0.0,0.0,0.0,0.0,0.0,0.0,0.0,0.0
t575,0.0,0.0,0.0,0.0,0.0,0.0,0.0,0.0
t576,0.0,0.0,0.0,0.0,0.0,0.0,0.0,0.0
t577,0.0,0.0,0.0,0.0,0.0,0.0,2.2713162974715335e-13,2.2713162974715335e-13
t578,0.0,0.0,0.0,0.0,0.0,0.0,0.0,0.0
t579,0.0,0.0,0.0,0.0,0.0,0.0,0.0,0.0
t580,0.0,0.0,0.0,0.0,0.0,0.0,0.0,0.0
t581,0.0,0.0,0.0,0.0,0.0,0.0,0.0,0.0
t582,0.0,0.0,0.0,0.0,0.0,0.0,0.0,0.0
t583,0.0,0.0,0.0,0.0,0.0,0.0,0.0,0.0
t584,0.0,0.0,0.0,0.0,0.0,0.0,0.0,0.0
t585,0.0,0.0,0.0,0.0,0.0,0.0,0.0,0.0
t586,0.0,0.0,0.0,0.0,0.0,0.0,0.0,0.0
t587,0.0,0.0,0.0,0.0,0.0,0.0,0.0,0.0
t588,0.0,0.0,0.0,0.0,0.0,0.0,0.0,0.0
t589,0.0,0.0,0.0,0.0,0.0,0.0,0.0,0.0
t590,0.0,0.0,0.0,0.0,0.0,0.0,0.0,0.0
t591,0.0,0.0,0.0,0.0,4.1375021737621865e-13,0.0,0.0,4.1375021737621865e-13
t592,5.430471603062869e-13,0.0,0.0,0.0,0.0,0.0,0.0,5.430471603062869e-13
t593,0.0,0.0,0.0,-1.3240006956038996e-12,0.0,0.0,0.0,-1.3240006956038996e-12
t594,0.0,0.0,0.0,-1.3240006956038996e-12,0.0,0.0,0.0,-1.3240006956038996e-12
t595,0.0,0.0,0.0,0.0,0.0,0.0,0.0,0.0
t596,0.0,0.0,0.0,0.0,0.0,0.0,0.0,0.0
t597,0.0,0.0,0.0,0.0,0.0,0.0,0.0,0.0
t598,0.0,0.0,0.0,0.0,8.275004347524372e-14,0.0,0.0,8.275004347524372e-14
t599,0.0,0.0,0.0,0.0,0.0,0.0,0.0,0.0
t600,2.4163012694771166e-11,0.0,0.0,0.0,0.0,0.0,-2.7255795569658405e-12,2.1437433137805327e-11
