Voll,Demand_Segment,Cost_of_Demand_Curtailment_per_MW,Max_Demand_Curtailment,$/MWh,Rep_Periods,Timesteps_per_Rep_Period,Sub_Weights,Time_Index,Demand_MW_z1,Demand_MW_z2
5000,1,1,1,5000,12,168,744,1,1180.0,0
,,,,,,,672,2,1092.0,0
,,,,,,,744,3,1022.0,0
,,,,,,,720,4,983.0,0
,,,,,,,744,5,979.0,0
,,,,,,,720,6,1029.0,0
,,,,,,,744,7,1137.0,0
,,,,,,,744,8,1182.0,0
,,,,,,,720,9,1194.0,0
,,,,,,,744,10,1187.0,0
,,,,,,,720,11,1107.0,0
,,,,,,,744,12,1058.0,0
,,,,,,,,13,1033.0,0
,,,,,,,,14,1039.0,0
,,,,,,,,15,1082.0,0
,,,,,,,,16,1112.0,0
,,,,,,,,17,1213.0,0
,,,,,,,,18,1381.0,0
,,,,,,,,19,1452.0,0
,,,,,,,,20,1439.0,0
,,,,,,,,21,1416.0,0
,,,,,,,,22,1412.0,0
,,,,,,,,23,1315.0,0
,,,,,,,,24,1269.0,0
,,,,,,,,25,1230.0,0
,,,,,,,,26,1138.0,0
,,,,,,,,27,1067.0,0
,,,,,,,,28,1025.0,0
,,,,,,,,29,1035.0,0
,,,,,,,,30,1113.0,0
,,,,,,,,31,1257.0,0
,,,,,,,,32,1340.0,0
,,,,,,,,33,1353.0,0
,,,,,,,,34,1355.0,0
,,,,,,,,35,1322.0,0
,,,,,,,,36,1291.0,0
,,,,,,,,37,1195.0,0
,,,,,,,,38,1235.0,0
,,,,,,,,39,1208.0,0
,,,,,,,,40,1282.0,0
,,,,,,,,41,1295.0,0
,,,,,,,,42,1447.0,0
,,,,,,,,43,1509.0,0
,,,,,,,,44,1488.0,0
,,,,,,,,45,1463.0,0
,,,,,,,,46,1441.0,0
,,,,,,,,47,1335.0,0
,,,,,,,,48,1286.0,0
,,,,,,,,49,1217.0,0
,,,,,,,,50,1124.0,0
,,,,,,,,51,1057.0,0
,,,,,,,,52,1019.0,0
,,,,,,,,53,1031.0,0
,,,,,,,,54,1110.0,0
,,,,,,,,55,1247.0,0
,,,,,,,,56,1314.0,0
,,,,,,,,57,1310.0,0
,,,,,,,,58,1190.0,0
,,,,,,,,59,1043.0,0
,,,,,,,,60,900.0,0
,,,,,,,,61,954.0,0
,,,,,,,,62,1056.0,0
,,,,,,,,63,1122.0,0
,,,,,,,,64,1164.0,0
,,,,,,,,65,1276.0,0
,,,,,,,,66,1442.0,0
,,,,,,,,67,1509.0,0
,,,,,,,,68,1494.0,0
,,,,,,,,69,1474.0,0
,,,,,,,,70,1465.0,0
,,,,,,,,71,1360.0,0
,,,,,,,,72,1306.0,0
,,,,,,,,73,1240.0,0
,,,,,,,,74,1154.0,0
,,,,,,,,75,1082.0,0
,,,,,,,,76,1048.0,0
,,,,,,,,77,1066.0,0
,,,,,,,,78,1141.0,0
,,,,,,,,79,1287.0,0
,,,,,,,,80,1341.0,0
,,,,,,,,81,1311.0,0
,,,,,,,,82,1163.0,0
,,,,,,,,83,983.0,0
,,,,,,,,84,906.0,0
,,,,,,,,85,875.0,0
,,,,,,,,86,926.0,0
,,,,,,,,87,972.0,0
,,,,,,,,88,1086.0,0
,,,,,,,,89,1272.0,0
,,,,,,,,90,1456.0,0
,,,,,,,,91,1531.0,0
,,,,,,,,92,1526.0,0
,,,,,,,,93,1510.0,0
,,,,,,,,94,1503.0,0
,,,,,,,,95,1401.0,0
,,,,,,,,96,1349.0,0
,,,,,,,,97,1274.0,0
,,,,,,,,98,1177.0,0
,,,,,,,,99,1104.0,0
,,,,,,,,100,1062.0,0
,,,,,,,,101,1071.0,0
,,,,,,,,102,1149.0,0
,,,,,,,,103,1299.0,0
,,,,,,,,104,1364.0,0
,,,,,,,,105,1355.0,0
,,,,,,,,106,1248.0,0
,,,,,,,,107,1212.0,0
,,,,,,,,108,1130.0,0
,,,,,,,,109,1164.0,0
,,,,,,,,110,1137.0,0
,,,,,,,,111,1161.0,0
,,,,,,,,112,1260.0,0
,,,,,,,,113,1276.0,0
,,,,,,,,114,1426.0,0
,,,,,,,,115,1484.0,0
,,,,,,,,116,1469.0,0
,,,,,,,,117,1451.0,0
,,,,,,,,118,1453.0,0
,,,,,,,,119,1372.0,0
,,,,,,,,120,1313.0,0
,,,,,,,,121,1224.0,0
,,,,,,,,122,1151.0,0
,,,,,,,,123,1076.0,0
,,,,,,,,124,1020.0,0
,,,,,,,,125,999.0,0
,,,,,,,,126,1010.0,0
,,,,,,,,127,1083.0,0
,,,,,,,,128,1137.0,0
,,,,,,,,129,1088.0,0
,,,,,,,,130,997.0,0
,,,,,,,,131,898.0,0
,,,,,,,,132,805.0,0
,,,,,,,,133,746.0,0
,,,,,,,,134,810.0,0
,,,,,,,,135,854.0,0
,,,,,,,,136,971.0,0
,,,,,,,,137,1114.0,0
,,,,,,,,138,1292.0,0
,,,,,,,,139,1348.0,0
,,,,,,,,140,1338.0,0
,,,,,,,,141,1329.0,0
,,,,,,,,142,1328.0,0
,,,,,,,,143,1253.0,0
,,,,,,,,144,1175.0,0
,,,,,,,,145,1175.0,0
,,,,,,,,146,1105.0,0
,,,,,,,,147,1032.0,0
,,,,,,,,148,980.0,0
,,,,,,,,149,948.0,0
,,,,,,,,150,948.0,0
,,,,,,,,151,1003.0,0
,,,,,,,,152,1033.0,0
,,,,,,,,153,983.0,0
,,,,,,,,154,925.0,0
,,,,,,,,155,870.0,0
,,,,,,,,156,810.0,0
,,,,,,,,157,780.0,0
,,,,,,,,158,753.0,0
,,,,,,,,159,821.0,0
,,,,,,,,160,942.0,0
,,,,,,,,161,1089.0,0
,,,,,,,,162,1279.0,0
,,,,,,,,163,1339.0,0
,,,,,,,,164,1332.0,0
,,,,,,,,165,1314.0,0
,,,,,,,,166,1299.0,0
,,,,,,,,167,1208.0,0
,,,,,,,,168,1136.0,0
,,,,,,,,169,1199.0,0
,,,,,,,,170,1114.0,0
,,,,,,,,171,1052.0,0
,,,,,,,,172,1025.0,0
,,,,,,,,173,1052.0,0
,,,,,,,,174,1142.0,0
,,,,,,,,175,1280.0,0
,,,,,,,,176,1312.0,0
,,,,,,,,177,1179.0,0
,,,,,,,,178,1016.0,0
,,,,,,,,179,848.0,0
,,,,,,,,180,758.0,0
,,,,,,,,181,722.0,0
,,,,,,,,182,724.0,0
,,,,,,,,183,812.0,0
,,,,,,,,184,955.0,0
,,,,,,,,185,1119.0,0
,,,,,,,,186,1336.0,0
,,,,,,,,187,1421.0,0
,,,,,,,,188,1404.0,0
,,,,,,,,189,1369.0,0
,,,,,,,,190,1348.0,0
,,,,,,,,191,1272.0,0
,,,,,,,,192,1252.0,0
,,,,,,,,193,1203.0,0
,,,,,,,,194,1120.0,0
,,,,,,,,195,1057.0,0
,,,,,,,,196,1031.0,0
,,,,,,,,197,1049.0,0
,,,,,,,,198,1139.0,0
,,,,,,,,199,1269.0,0
,,,,,,,,200,1299.0,0
,,,,,,,,201,1164.0,0
,,,,,,,,202,1009.0,0
,,,,,,,,203,855.0,0
,,,,,,,,204,757.0,0
,,,,,,,,205,751.0,0
,,,,,,,,206,777.0,0
,,,,,,,,207,867.0,0
,,,,,,,,208,993.0,0
,,,,,,,,209,1097.0,0
,,,,,,,,210,1270.0,0
,,,,,,,,211,1386.0,0
,,,,,,,,212,1362.0,0
,,,,,,,,213,1328.0,0
,,,,,,,,214,1317.0,0
,,,,,,,,215,1251.0,0
,,,,,,,,216,1229.0,0
,,,,,,,,217,1166.0,0
,,,,,,,,218,1105.0,0
,,,,,,,,219,1040.0,0
,,,,,,,,220,999.0,0
,,,,,,,,221,992.0,0
,,,,,,,,222,1013.0,0
,,,,,,,,223,1075.0,0
,,,,,,,,224,1060.0,0
,,,,,,,,225,928.0,0
,,,,,,,,226,774.0,0
,,,,,,,,227,634.0,0
,,,,,,,,228,559.0,0
,,,,,,,,229,562.0,0
,,,,,,,,230,621.0,0
,,,,,,,,231,729.0,0
,,,,,,,,232,870.0,0
,,,,,,,,233,989.0,0
,,,,,,,,234,1173.0,0
,,,,,,,,235,1278.0,0
,,,,,,,,236,1265.0,0
,,,,,,,,237,1245.0,0
,,,,,,,,238,1222.0,0
,,,,,,,,239,1162.0,0
,,,,,,,,240,1108.0,0
,,,,,,,,241,1135.0,0
,,,,,,,,242,1073.0,0
,,,,,,,,243,1011.0,0
,,,,,,,,244,966.0,0
,,,,,,,,245,947.0,0
,,,,,,,,246,958.0,0
,,,,,,,,247,1004.0,0
,,,,,,,,248,998.0,0
,,,,,,,,249,874.0,0
,,,,,,,,250,732.0,0
,,,,,,,,251,631.0,0
,,,,,,,,252,645.0,0
,,,,,,,,253,620.0,0
,,,,,,,,254,630.0,0
,,,,,,,,255,707.0,0
,,,,,,,,256,875.0,0
,,,,,,,,257,1046.0,0
,,,,,,,,258,1204.0,0
,,,,,,,,259,1280.0,0
,,,,,,,,260,1274.0,0
,,,,,,,,261,1247.0,0
,,,,,,,,262,1209.0,0
,,,,,,,,263,1135.0,0
,,,,,,,,264,1085.0,0
,,,,,,,,265,1127.0,0
,,,,,,,,266,1050.0,0
,,,,,,,,267,997.0,0
,,,,,,,,268,980.0,0
,,,,,,,,269,1012.0,0
,,,,,,,,270,1104.0,0
,,,,,,,,271,1242.0,0
,,,,,,,,272,1308.0,0
,,,,,,,,273,1331.0,0
,,,,,,,,274,1231.0,0
,,,,,,,,275,1198.0,0
,,,,,,,,276,1137.0,0
,,,,,,,,277,1044.0,0
,,,,,,,,278,1069.0,0
,,,,,,,,279,828.0,0
,,,,,,,,280,1245.0,0
,,,,,,,,281,1258.0,0
,,,,,,,,282,1359.0,0
,,,,,,,,283,1437.0,0
,,,,,,,,284,1410.0,0
,,,,,,,,285,1362.0,0
,,,,,,,,286,1333.0,0
,,,,,,,,287,1246.0,0
,,,,,,,,288,1224.0,0
,,,,,,,,289,1178.0,0
,,,,,,,,290,1095.0,0
,,,,,,,,291,1034.0,0
,,,,,,,,292,1008.0,0
,,,,,,,,293,1035.0,0
,,,,,,,,294,1126.0,0
,,,,,,,,295,1257.0,0
,,,,,,,,296,1348.0,0
,,,,,,,,297,1341.0,0
,,,,,,,,298,1269.0,0
,,,,,,,,299,1186.0,0
,,,,,,,,300,1230.0,0
,,,,,,,,301,1220.0,0
,,,,,,,,302,1207.0,0
,,,,,,,,303,1272.0,0
,,,,,,,,304,1173.0,0
,,,,,,,,305,1196.0,0
,,,,,,,,306,1360.0,0
,,,,,,,,307,1444.0,0
,,,,,,,,308,1416.0,0
,,,,,,,,309,1372.0,0
,,,,,,,,310,1347.0,0
,,,,,,,,311,1260.0,0
,,,,,,,,312,1236.0,0
,,,,,,,,313,1188.0,0
,,,,,,,,314,1105.0,0
,,,,,,,,315,1042.0,0
,,,,,,,,316,1017.0,0
,,,,,,,,317,1042.0,0
,,,,,,,,318,1131.0,0
,,,,,,,,319,1262.0,0
,,,,,,,,320,1313.0,0
,,,,,,,,321,1337.0,0
,,,,,,,,322,1228.0,0
,,,,,,,,323,1119.0,0
,,,,,,,,324,1019.0,0
,,,,,,,,325,996.0,0
,,,,,,,,326,1002.0,0
,,,,,,,,327,973.0,0
,,,,,,,,328,1147.0,0
,,,,,,,,329,1174.0,0
,,,,,,,,330,1361.0,0
,,,,,,,,331,1450.0,0
,,,,,,,,332,1430.0,0
,,,,,,,,333,1392.0,0
,,,,,,,,334,1376.0,0
,,,,,,,,335,1288.0,0
,,,,,,,,336,1261.0,0
,,,,,,,,337,1116.0,0
,,,,,,,,338,1043.0,0
,,,,,,,,339,990.0,0
,,,,,,,,340,977.0,0
,,,,,,,,341,1008.0,0
,,,,,,,,342,1107.0,0
,,,,,,,,343,1213.0,0
,,,,,,,,344,1243.0,0
,,,,,,,,345,1212.0,0
,,,,,,,,346,1139.0,0
,,,,,,,,347,1029.0,0
,,,,,,,,348,1049.0,0
,,,,,,,,349,1021.0,0
,,,,,,,,350,994.0,0
,,,,,,,,351,1010.0,0
,,,,,,,,352,1095.0,0
,,,,,,,,353,1112.0,0
,,,,,,,,354,1246.0,0
,,,,,,,,355,1325.0,0
,,,,,,,,356,1330.0,0
,,,,,,,,357,1229.0,0
,,,,,,,,358,1193.0,0
,,,,,,,,359,1136.0,0
,,,,,,,,360,1176.0,0
,,,,,,,,361,1117.0,0
,,,,,,,,362,1044.0,0
,,,,,,,,363,993.0,0
,,,,,,,,364,979.0,0
,,,,,,,,365,1018.0,0
,,,,,,,,366,1115.0,0
,,,,,,,,367,1220.0,0
,,,,,,,,368,1266.0,0
,,,,,,,,369,1054.0,0
,,,,,,,,370,1193.0,0
,,,,,,,,371,1208.0,0
,,,,,,,,372,1089.0,0
,,,,,,,,373,1053.0,0
,,,,,,,,374,997.0,0
,,,,,,,,375,1014.0,0
,,,,,,,,376,1010.0,0
,,,,,,,,377,1087.0,0
,,,,,,,,378,1215.0,0
,,,,,,,,379,1299.0,0
,,,,,,,,380,1302.0,0
,,,,,,,,381,1260.0,0
,,,,,,,,382,1240.0,0
,,,,,,,,383,1171.0,0
,,,,,,,,384,1160.0,0
,,,,,,,,385,1089.0,0
,,,,,,,,386,1036.0,0
,,,,,,,,387,984.0,0
,,,,,,,,388,956.0,0
,,,,,,,,389,960.0,0
,,,,,,,,390,995.0,0
,,,,,,,,391,1036.0,0
,,,,,,,,392,992.0,0
,,,,,,,,393,872.0,0
,,,,,,,,394,840.0,0
,,,,,,,,395,689.0,0
,,,,,,,,396,684.0,0
,,,,,,,,397,706.0,0
,,,,,,,,398,767.0,0
,,,,,,,,399,770.0,0
,,,,,,,,400,832.0,0
,,,,,,,,401,969.0,0
,,,,,,,,402,1126.0,0
,,,,,,,,403,1209.0,0
,,,,,,,,404,1210.0,0
,,,,,,,,405,1190.0,0
,,,,,,,,406,1165.0,0
,,,,,,,,407,1105.0,0
,,,,,,,,408,1053.0,0
,,,,,,,,409,1064.0,0
,,,,,,,,410,1014.0,0
,,,,,,,,411,933.0,0
,,,,,,,,412,913.0,0
,,,,,,,,413,911.0,0
,,,,,,,,414,935.0,0
,,,,,,,,415,966.0,0
,,,,,,,,416,936.0,0
,,,,,,,,417,814.0,0
,,,,,,,,418,654.0,0
,,,,,,,,419,582.0,0
,,,,,,,,420,604.0,0
,,,,,,,,421,720.0,0
,,,,,,,,422,704.0,0
,,,,,,,,423,666.0,0
,,,,,,,,424,728.0,0
,,,,,,,,425,904.0,0
,,,,,,,,426,1108.0,0
,,,,,,,,427,1228.0,0
,,,,,,,,428,1247.0,0
,,,,,,,,429,1243.0,0
,,,,,,,,430,1187.0,0
,,,,,,,,431,1121.0,0
,,,,,,,,432,1125.0,0
,,,,,,,,433,1040.0,0
,,,,,,,,434,975.0,0
,,,,,,,,435,941.0,0
,,,,,,,,436,943.0,0
,,,,,,,,437,993.0,0
,,,,,,,,438,1116.0,0
,,,,,,,,439,1244.0,0
,,,,,,,,440,1185.0,0
,,,,,,,,441,998.0,0
,,,,,,,,442,803.0,0
,,,,,,,,443,714.0,0
,,,,,,,,444,699.0,0
,,,,,,,,445,564.0,0
,,,,,,,,446,647.0,0
,,,,,,,,447,791.0,0
,,,,,,,,448,824.0,0
,,,,,,,,449,1025.0,0
,,,,,,,,450,1275.0,0
,,,,,,,,451,1376.0,0
,,,,,,,,452,1376.0,0
,,,,,,,,453,1380.0,0
,,,,,,,,454,1310.0,0
,,,,,,,,455,1271.0,0
,,,,,,,,456,1189.0,0
,,,,,,,,457,1090.0,0
,,,,,,,,458,1016.0,0
,,,,,,,,459,977.0,0
,,,,,,,,460,971.0,0
,,,,,,,,461,1021.0,0
,,,,,,,,462,1141.0,0
,,,,,,,,463,1262.0,0
,,,,,,,,464,1232.0,0
,,,,,,,,465,1037.0,0
,,,,,,,,466,873.0,0
,,,,,,,,467,782.0,0
,,,,,,,,468,750.0,0
,,,,,,,,469,660.0,0
,,,,,,,,470,645.0,0
,,,,,,,,471,724.0,0
,,,,,,,,472,780.0,0
,,,,,,,,473,1006.0,0
,,,,,,,,474,1250.0,0
,,,,,,,,475,1369.0,0
,,,,,,,,476,1373.0,0
,,,,,,,,477,1384.0,0
,,,,,,,,478,1312.0,0
,,,,,,,,479,1273.0,0
,,,,,,,,480,1192.0,0
,,,,,,,,481,1092.0,0
,,,,,,,,482,1022.0,0
,,,,,,,,483,983.0,0
,,,,,,,,484,978.0,0
,,,,,,,,485,1026.0,0
,,,,,,,,486,1144.0,0
,,,,,,,,487,1260.0,0
,,,,,,,,488,1180.0,0
,,,,,,,,489,986.0,0
,,,,,,,,490,836.0,0
,,,,,,,,491,666.0,0
,,,,,,,,492,584.0,0
,,,,,,,,493,539.0,0
,,,,,,,,494,553.0,0
,,,,,,,,495,656.0,0
,,,,,,,,496,742.0,0
,,,,,,,,497,967.0,0
,,,,,,,,498,1239.0,0
,,,,,,,,499,1364.0,0
,,,,,,,,500,1365.0,0
,,,,,,,,501,1375.0,0
,,,,,,,,502,1304.0,0
,,,,,,,,503,1268.0,0
,,,,,,,,504,1189.0,0
,,,,,,,,505,1045.0,0
,,,,,,,,506,973.0,0
,,,,,,,,507,926.0,0
,,,,,,,,508,908.0,0
,,,,,,,,509,912.0,0
,,,,,,,,510,929.0,0
,,,,,,,,511,905.0,0
,,,,,,,,512,775.0,0
,,,,,,,,513,600.0,0
,,,,,,,,514,444.0,0
,,,,,,,,515,346.0,0
,,,,,,,,516,286.0,0
,,,,,,,,517,280.0,0
,,,,,,,,518,318.0,0
,,,,,,,,519,424.0,0
,,,,,,,,520,576.0,0
,,,,,,,,521,815.0,0
,,,,,,,,522,1059.0,0
,,,,,,,,523,1200.0,0
,,,,,,,,524,1250.0,0
,,,,,,,,525,1243.0,0
,,,,,,,,526,1175.0,0
,,,,,,,,527,1107.0,0
,,,,,,,,528,1118.0,0
,,,,,,,,529,1023.0,0
,,,,,,,,530,954.0,0
,,,,,,,,531,920.0,0
,,,,,,,,532,925.0,0
,,,,,,,,533,987.0,0
,,,,,,,,534,1101.0,0
,,,,,,,,535,1168.0,0
,,,,,,,,536,1121.0,0
,,,,,,,,537,982.0,0
,,,,,,,,538,868.0,0
,,,,,,,,539,750.0,0
,,,,,,,,540,714.0,0
,,,,,,,,541,660.0,0
,,,,,,,,542,683.0,0
,,,,,,,,543,717.0,0
,,,,,,,,544,823.0,0
,,,,,,,,545,1013.0,0
,,,,,,,,546,1212.0,0
,,,,,,,,547,1339.0,0
,,,,,,,,548,1369.0,0
,,,,,,,,549,1370.0,0
,,,,,,,,550,1289.0,0
,,,,,,,,551,1248.0,0
,,,,,,,,552,1172.0,0
,,,,,,,,553,1068.0,0
,,,,,,,,554,994.0,0
,,,,,,,,555,954.0,0
,,,,,,,,556,954.0,0
,,,,,,,,557,1012.0,0
,,,,,,,,558,1122.0,0
,,,,,,,,559,1180.0,0
,,,,,,,,560,1061.0,0
,,,,,,,,561,892.0,0
,,,,,,,,562,739.0,0
,,,,,,,,563,537.0,0
,,,,,,,,564,508.0,0
,,,,,,,,565,492.0,0
,,,,,,,,566,526.0,0
,,,,,,,,567,603.0,0
,,,,,,,,568,764.0,0
,,,,,,,,569,949.0,0
,,,,,,,,570,1202.0,0
,,,,,,,,571,1343.0,0
,,,,,,,,572,1371.0,0
,,,,,,,,573,1378.0,0
,,,,,,,,574,1302.0,0
,,,,,,,,575,1264.0,0
,,,,,,,,576,1186.0,0
,,,,,,,,577,1082.0,0
,,,,,,,,578,1007.0,0
,,,,,,,,579,965.0,0
,,,,,,,,580,964.0,0
,,,,,,,,581,1023.0,0
,,,,,,,,582,1133.0,0
,,,,,,,,583,1166.0,0
,,,,,,,,584,1014.0,0
,,,,,,,,585,835.0,0
,,,,,,,,586,669.0,0
,,,,,,,,587,543.0,0
,,,,,,,,588,467.0,0
,,,,,,,,589,452.0,0
,,,,,,,,590,485.0,0
,,,,,,,,591,579.0,0
,,,,,,,,592,702.0,0
,,,,,,,,593,929.0,0
,,,,,,,,594,1187.0,0
,,,,,,,,595,1338.0,0
,,,,,,,,596,1365.0,0
,,,,,,,,597,1370.0,0
,,,,,,,,598,1295.0,0
,,,,,,,,599,1257.0,0
,,,,,,,,600,1182.0,0
,,,,,,,,601,1083.0,0
,,,,,,,,602,1008.0,0
,,,,,,,,603,967.0,0
,,,,,,,,604,965.0,0
,,,,,,,,605,1025.0,0
,,,,,,,,606,1131.0,0
,,,,,,,,607,1160.0,0
,,,,,,,,608,992.0,0
,,,,,,,,609,814.0,0
,,,,,,,,610,685.0,0
,,,,,,,,611,552.0,0
,,,,,,,,612,518.0,0
,,,,,,,,613,518.0,0
,,,,,,,,614,570.0,0
,,,,,,,,615,683.0,0
,,,,,,,,616,804.0,0
,,,,,,,,617,1015.0,0
,,,,,,,,618,1220.0,0
,,,,,,,,619,1315.0,0
,,,,,,,,620,1350.0,0
,,,,,,,,621,1380.0,0
,,,,,,,,622,1294.0,0
,,,,,,,,623,1259.0,0
,,,,,,,,624,1189.0,0
,,,,,,,,625,1081.0,0
,,,,,,,,626,1006.0,0
,,,,,,,,627,966.0,0
,,,,,,,,628,965.0,0
,,,,,,,,629,1022.0,0
,,,,,,,,630,1123.0,0
,,,,,,,,631,1144.0,0
,,,,,,,,632,1006.0,0
,,,,,,,,633,855.0,0
,,,,,,,,634,709.0,0
,,,,,,,,635,627.0,0
,,,,,,,,636,639.0,0
,,,,,,,,637,642.0,0
,,,,,,,,638,726.0,0
,,,,,,,,639,796.0,0
,,,,,,,,640,906.0,0
,,,,,,,,641,1114.0,0
,,,,,,,,642,1297.0,0
,,,,,,,,643,1370.0,0
,,,,,,,,644,1369.0,0
,,,,,,,,645,1377.0,0
,,,,,,,,646,1301.0,0
,,,,,,,,647,1265.0,0
,,,,,,,,648,1173.0,0
,,,,,,,,649,1087.0,0
,,,,,,,,650,1009.0,0
,,,,,,,,651,963.0,0
,,,,,,,,652,948.0,0
,,,,,,,,653,964.0,0
,,,,,,,,654,991.0,0
,,,,,,,,655,945.0,0
,,,,,,,,656,827.0,0
,,,,,,,,657,745.0,0
,,,,,,,,658,599.0,0
,,,,,,,,659,536.0,0
,,,,,,,,660,368.0,0
,,,,,,,,661,635.0,0
,,,,,,,,662,703.0,0
,,,,,,,,663,735.0,0
,,,,,,,,664,813.0,0
,,,,,,,,665,987.0,0
,,,,,,,,666,1099.0,0
,,,,,,,,667,1206.0,0
,,,,,,,,668,1243.0,0
,,,,,,,,669,1239.0,0
,,,,,,,,670,1182.0,0
,,,,,,,,671,1123.0,0
,,,,,,,,672,1117.0,0
,,,,,,,,673,1145.0,0
,,,,,,,,674,1068.0,0
,,,,,,,,675,1026.0,0
,,,,,,,,676,1021.0,0
,,,,,,,,677,1080.0,0
,,,,,,,,678,1176.0,0
,,,,,,,,679,1201.0,0
,,,,,,,,680,1141.0,0
,,,,,,,,681,1066.0,0
,,,,,,,,682,991.0,0
,,,,,,,,683,933.0,0
,,,,,,,,684,1040.0,0
,,,,,,,,685,1070.0,0
,,,,,,,,686,1143.0,0
,,,,,,,,687,1196.0,0
,,,,,,,,688,1205.0,0
,,,,,,,,689,1295.0,0
,,,,,,,,690,1363.0,0
,,,,,,,,691,1418.0,0
,,,,,,,,692,1454.0,0
,,,,,,,,693,1472.0,0
,,,,,,,,694,1379.0,0
,,,,,,,,695,1336.0,0
,,,,,,,,696,1264.0,0
,,,,,,,,697,1161.0,0
,,,,,,,,698,1083.0,0
,,,,,,,,699,1039.0,0
,,,,,,,,700,1038.0,0
,,,,,,,,701,1096.0,0
,,,,,,,,702,1192.0,0
,,,,,,,,703,1233.0,0
,,,,,,,,704,1269.0,0
,,,,,,,,705,1164.0,0
,,,,,,,,706,1114.0,0
,,,,,,,,707,1010.0,0
,,,,,,,,708,888.0,0
,,,,,,,,709,872.0,0
,,,,,,,,710,923.0,0
,,,,,,,,711,1014.0,0
,,,,,,,,712,1088.0,0
,,,,,,,,713,1200.0,0
,,,,,,,,714,1322.0,0
,,,,,,,,715,1398.0,0
,,,,,,,,716,1446.0,0
,,,,,,,,717,1468.0,0
,,,,,,,,718,1374.0,0
,,,,,,,,719,1332.0,0
,,,,,,,,720,1263.0,0
,,,,,,,,721,1160.0,0
,,,,,,,,722,1082.0,0
,,,,,,,,723,1039.0,0
,,,,,,,,724,1037.0,0
,,,,,,,,725,1096.0,0
,,,,,,,,726,1189.0,0
,,,,,,,,727,1214.0,0
,,,,,,,,728,1162.0,0
,,,,,,,,729,1039.0,0
,,,,,,,,730,970.0,0
,,,,,,,,731,802.0,0
,,,,,,,,732,746.0,0
,,,,,,,,733,783.0,0
,,,,,,,,734,874.0,0
,,,,,,,,735,1015.0,0
,,,,,,,,736,1055.0,0
,,,,,,,,737,1173.0,0
,,,,,,,,738,1329.0,0
,,,,,,,,739,1448.0,0
,,,,,,,,740,1460.0,0
,,,,,,,,741,1463.0,0
,,,,,,,,742,1386.0,0
,,,,,,,,743,1347.0,0
,,,,,,,,744,1276.0,0
,,,,,,,,745,1170.0,0
,,,,,,,,746,1090.0,0
,,,,,,,,747,1046.0,0
,,,,,,,,748,1046.0,0
,,,,,,,,749,1103.0,0
,,,,,,,,750,1194.0,0
,,,,,,,,751,1240.0,0
,,,,,,,,752,1191.0,0
,,,,,,,,753,1027.0,0
,,,,,,,,754,890.0,0
,,,,,,,,755,844.0,0
,,,,,,,,756,854.0,0
,,,,,,,,757,849.0,0
,,,,,,,,758,864.0,0
,,,,,,,,759,1025.0,0
,,,,,,,,760,1083.0,0
,,,,,,,,761,1210.0,0
,,,,,,,,762,1353.0,0
,,,,,,,,763,1424.0,0
,,,,,,,,764,1434.0,0
,,,,,,,,765,1461.0,0
,,,,,,,,766,1384.0,0
,,,,,,,,767,1349.0,0
,,,,,,,,768,1262.0,0
,,,,,,,,769,1180.0,0
,,,,,,,,770,1100.0,0
,,,,,,,,771,1050.0,0
,,,,,,,,772,1029.0,0
,,,,,,,,773,1036.0,0
,,,,,,,,774,1044.0,0
,,,,,,,,775,992.0,0
,,,,,,,,776,892.0,0
,,,,,,,,777,793.0,0
,,,,,,,,778,614.0,0
,,,,,,,,779,730.0,0
,,,,,,,,780,678.0,0
,,,,,,,,781,650.0,0
,,,,,,,,782,760.0,0
,,,,,,,,783,777.0,0
,,,,,,,,784,889.0,0
,,,,,,,,785,1098.0,0
,,,,,,,,786,1293.0,0
,,,,,,,,787,1374.0,0
,,,,,,,,788,1417.0,0
,,,,,,,,789,1409.0,0
,,,,,,,,790,1312.0,0
,,,,,,,,791,1233.0,0
,,,,,,,,792,1236.0,0
,,,,,,,,793,1158.0,0
,,,,,,,,794,1081.0,0
,,,,,,,,795,1030.0,0
,,,,,,,,796,1006.0,0
,,,,,,,,797,1005.0,0
,,,,,,,,798,995.0,0
,,,,,,,,799,887.0,0
,,,,,,,,800,735.0,0
,,,,,,,,801,657.0,0
,,,,,,,,802,614.0,0
,,,,,,,,803,521.0,0
,,,,,,,,804,607.0,0
,,,,,,,,805,655.0,0
,,,,,,,,806,667.0,0
,,,,,,,,807,800.0,0
,,,,,,,,808,943.0,0
,,,,,,,,809,1158.0,0
,,,,,,,,810,1370.0,0
,,,,,,,,811,1450.0,0
,,,,,,,,812,1481.0,0
,,,,,,,,813,1462.0,0
,,,,,,,,814,1357.0,0
,,,,,,,,815,1263.0,0
,,,,,,,,816,1268.0,0
,,,,,,,,817,1162.0,0
,,,,,,,,818,1080.0,0
,,,,,,,,819,1040.0,0
,,,,,,,,820,1043.0,0
,,,,,,,,821,1103.0,0
,,,,,,,,822,1188.0,0
,,,,,,,,823,1180.0,0
,,,,,,,,824,1101.0,0
,,,,,,,,825,980.0,0
,,,,,,,,826,884.0,0
,,,,,,,,827,817.0,0
,,,,,,,,828,804.0,0
,,,,,,,,829,854.0,0
,,,,,,,,830,905.0,0
,,,,,,,,831,1026.0,0
,,,,,,,,832,1194.0,0
,,,,,,,,833,1326.0,0
,,,,,,,,834,1520.0,0
,,,,,,,,835,1613.0,0
,,,,,,,,836,1617.0,0
,,,,,,,,837,1617.0,0
,,,,,,,,838,1500.0,0
,,,,,,,,839,1422.0,0
,,,,,,,,840,1338.0,0
,,,,,,,,841,1283.0,0
,,,,,,,,842,1191.0,0
,,,,,,,,843,1143.0,0
,,,,,,,,844,1137.0,0
,,,,,,,,845,1189.0,0
,,,,,,,,846,1258.0,0
,,,,,,,,847,1305.0,0
,,,,,,,,848,1290.0,0
,,,,,,,,849,1221.0,0
,,,,,,,,850,1117.0,0
,,,,,,,,851,946.0,0
,,,,,,,,852,922.0,0
,,,,,,,,853,915.0,0
,,,,,,,,854,906.0,0
,,,,,,,,855,1005.0,0
,,,,,,,,856,1110.0,0
,,,,,,,,857,1280.0,0
,,,,,,,,858,1443.0,0
,,,,,,,,859,1522.0,0
,,,,,,,,860,1562.0,0
,,,,,,,,861,1589.0,0
,,,,,,,,862,1509.0,0
,,,,,,,,863,1466.0,0
,,,,,,,,864,1370.0,0
,,,,,,,,865,1280.0,0
,,,,,,,,866,1189.0,0
,,,,,,,,867,1131.0,0
,,,,,,,,868,1107.0,0
,,,,,,,,869,1116.0,0
,,,,,,,,870,1108.0,0
,,,,,,,,871,1057.0,0
,,,,,,,,872,978.0,0
,,,,,,,,873,916.0,0
,,,,,,,,874,803.0,0
,,,,,,,,875,756.0,0
,,,,,,,,876,652.0,0
,,,,,,,,877,637.0,0
,,,,,,,,878,685.0,0
,,,,,,,,879,815.0,0
,,,,,,,,880,962.0,0
,,,,,,,,881,1139.0,0
,,,,,,,,882,1336.0,0
,,,,,,,,883,1425.0,0
,,,,,,,,884,1474.0,0
,,,,,,,,885,1478.0,0
,,,,,,,,886,1411.0,0
,,,,,,,,887,1336.0,0
,,,,,,,,888,1328.0,0
,,,,,,,,889,1244.0,0
,,,,,,,,890,1155.0,0
,,,,,,,,891,1100.0,0
,,,,,,,,892,1075.0,0
,,,,,,,,893,1073.0,0
,,,,,,,,894,1043.0,0
,,,,,,,,895,992.0,0
,,,,,,,,896,895.0,0
,,,,,,,,897,906.0,0
,,,,,,,,898,844.0,0
,,,,,,,,899,847.0,0
,,,,,,,,900,861.0,0
,,,,,,,,901,935.0,0
,,,,,,,,902,830.0,0
,,,,,,,,903,928.0,0
,,,,,,,,904,963.0,0
,,,,,,,,905,1209.0,0
,,,,,,,,906,1322.0,0
,,,,,,,,907,1386.0,0
,,,,,,,,908,1443.0,0
,,,,,,,,909,1481.0,0
,,,,,,,,910,1392.0,0
,,,,,,,,911,1304.0,0
,,,,,,,,912,1317.0,0
,,,,,,,,913,1210.0,0
,,,,,,,,914,1129.0,0
,,,,,,,,915,1089.0,0
,,,,,,,,916,1090.0,0
,,,,,,,,917,1146.0,0
,,,,,,,,918,1228.0,0
,,,,,,,,919,1256.0,0
,,,,,,,,920,1249.0,0
,,,,,,,,921,1198.0,0
,,,,,,,,922,1098.0,0
,,,,,,,,923,951.0,0
,,,,,,,,924,850.0,0
,,,,,,,,925,820.0,0
,,,,,,,,926,835.0,0
,,,,,,,,927,969.0,0
,,,,,,,,928,1046.0,0
,,,,,,,,929,1239.0,0
,,,,,,,,930,1424.0,0
,,,,,,,,931,1529.0,0
,,,,,,,,932,1583.0,0
,,,,,,,,933,1617.0,0
,,,,,,,,934,1516.0,0
,,,,,,,,935,1462.0,0
,,,,,,,,936,1379.0,0
,,,,,,,,937,1263.0,0
,,,,,,,,938,1174.0,0
,,,,,,,,939,1126.0,0
,,,,,,,,940,1121.0,0
,,,,,,,,941,1174.0,0
,,,,,,,,942,1245.0,0
,,,,,,,,943,1240.0,0
,,,,,,,,944,1236.0,0
,,,,,,,,945,1095.0,0
,,,,,,,,946,1060.0,0
,,,,,,,,947,1021.0,0
,,,,,,,,948,1041.0,0
,,,,,,,,949,821.0,0
,,,,,,,,950,912.0,0
,,,,,,,,951,1047.0,0
,,,,,,,,952,1119.0,0
,,,,,,,,953,1215.0,0
,,,,,,,,954,1385.0,0
,,,,,,,,955,1498.0,0
,,,,,,,,956,1570.0,0
,,,,,,,,957,1608.0,0
,,,,,,,,958,1513.0,0
,,,,,,,,959,1460.0,0
,,,,,,,,960,1376.0,0
,,,,,,,,961,1265.0,0
,,,,,,,,962,1176.0,0
,,,,,,,,963,1130.0,0
,,,,,,,,964,1125.0,0
,,,,,,,,965,1178.0,0
,,,,,,,,966,1248.0,0
,,,,,,,,967,1235.0,0
,,,,,,,,968,1206.0,0
,,,,,,,,969,1068.0,0
,,,,,,,,970,955.0,0
,,,,,,,,971,951.0,0
,,,,,,,,972,823.0,0
,,,,,,,,973,718.0,0
,,,,,,,,974,893.0,0
,,,,,,,,975,927.0,0
,,,,,,,,976,1078.0,0
,,,,,,,,977,1242.0,0
,,,,,,,,978,1398.0,0
,,,,,,,,979,1493.0,0
,,,,,,,,980,1580.0,0
,,,,,,,,981,1619.0,0
,,,,,,,,982,1524.0,0
,,,,,,,,983,1470.0,0
,,,,,,,,984,1386.0,0
,,,,,,,,985,1274.0,0
,,,,,,,,986,1185.0,0
,,,,,,,,987,1136.0,0
,,,,,,,,988,1130.0,0
,,,,,,,,989,1184.0,0
,,,,,,,,990,1244.0,0
,,,,,,,,991,1232.0,0
,,,,,,,,992,1222.0,0
,,,,,,,,993,1124.0,0
,,,,,,,,994,989.0,0
,,,,,,,,995,843.0,0
,,,,,,,,996,801.0,0
,,,,,,,,997,787.0,0
,,,,,,,,998,842.0,0
,,,,,,,,999,947.0,0
,,,,,,,,1000,1041.0,0
,,,,,,,,1001,1247.0,0
,,,,,,,,1002,1438.0,0
,,,,,,,,1003,1542.0,0
,,,,,,,,1004,1585.0,0
,,,,,,,,1005,1629.0,0
,,,,,,,,1006,1538.0,0
,,,,,,,,1007,1485.0,0
,,,,,,,,1008,1401.0,0
,,,,,,,,1009,1449.0,0
,,,,,,,,1010,1345.0,0
,,,,,,,,1011,1273.0,0
,,,,,,,,1012,1232.0,0
,,,,,,,,1013,1217.0,0
,,,,,,,,1014,1170.0,0
,,,,,,,,1015,1053.0,0
,,,,,,,,1016,967.0,0
,,,,,,,,1017,920.0,0
,,,,,,,,1018,903.0,0
,,,,,,,,1019,868.0,0
,,,,,,,,1020,970.0,0
,,,,,,,,1021,980.0,0
,,,,,,,,1022,1086.0,0
,,,,,,,,1023,1253.0,0
,,,,,,,,1024,1404.0,0
,,,,,,,,1025,1567.0,0
,,,,,,,,1026,1774.0,0
,,,,,,,,1027,1870.0,0
,,,,,,,,1028,1884.0,0
,,,,,,,,1029,1824.0,0
,,,,,,,,1030,1674.0,0
,,,,,,,,1031,1554.0,0
,,,,,,,,1032,1528.0,0
,,,,,,,,1033,1403.0,0
,,,,,,,,1034,1306.0,0
,,,,,,,,1035,1252.0,0
,,,,,,,,1036,1246.0,0
,,,,,,,,1037,1307.0,0
,,,,,,,,1038,1374.0,0
,,,,,,,,1039,1379.0,0
,,,,,,,,1040,1360.0,0
,,,,,,,,1041,1326.0,0
,,,,,,,,1042,1260.0,0
,,,,,,,,1043,1190.0,0
,,,,,,,,1044,1211.0,0
,,,,,,,,1045,1303.0,0
,,,,,,,,1046,1406.0,0
,,,,,,,,1047,1513.0,0
,,,,,,,,1048,1625.0,0
,,,,,,,,1049,1816.0,0
,,,,,,,,1050,1974.0,0
,,,,,,,,1051,2032.0,0
,,,,,,,,1052,2030.0,0
,,,,,,,,1053,1985.0,0
,,,,,,,,1054,1812.0,0
,,,,,,,,1055,1706.0,0
,,,,,,,,1056,1600.0,0
,,,,,,,,1057,1465.0,0
,,,,,,,,1058,1358.0,0
,,,,,,,,1059,1294.0,0
,,,,,,,,1060,1280.0,0
,,,,,,,,1061,1333.0,0
,,,,,,,,1062,1395.0,0
,,,,,,,,1063,1384.0,0
,,,,,,,,1064,1378.0,0
,,,,,,,,1065,1284.0,0
,,,,,,,,1066,1188.0,0
,,,,,,,,1067,1169.0,0
,,,,,,,,1068,1168.0,0
,,,,,,,,1069,1257.0,0
,,,,,,,,1070,1352.0,0
,,,,,,,,1071,1506.0,0
,,,,,,,,1072,1593.0,0
,,,,,,,,1073,1789.0,0
,,,,,,,,1074,1954.0,0
,,,,,,,,1075,2029.0,0
,,,,,,,,1076,2020.0,0
,,,,,,,,1077,1972.0,0
,,,,,,,,1078,1774.0,0
,,,,,,,,1079,1701.0,0
,,,,,,,,1080,1593.0,0
,,,,,,,,1081,1473.0,0
,,,,,,,,1082,1360.0,0
,,,,,,,,1083,1288.0,0
,,,,,,,,1084,1260.0,0
,,,,,,,,1085,1282.0,0
,,,,,,,,1086,1310.0,0
,,,,,,,,1087,1260.0,0
,,,,,,,,1088,1201.0,0
,,,,,,,,1089,1116.0,0
,,,,,,,,1090,1045.0,0
,,,,,,,,1091,982.0,0
,,,,,,,,1092,1008.0,0
,,,,,,,,1093,1096.0,0
,,,,,,,,1094,1180.0,0
,,,,,,,,1095,1330.0,0
,,,,,,,,1096,1461.0,0
,,,,,,,,1097,1639.0,0
,,,,,,,,1098,1812.0,0
,,,,,,,,1099,1910.0,0
,,,,,,,,1100,1928.0,0
,,,,,,,,1101,1911.0,0
,,,,,,,,1102,1751.0,0
,,,,,,,,1103,1650.0,0
,,,,,,,,1104,1557.0,0
,,,,,,,,1105,1463.0,0
,,,,,,,,1106,1353.0,0
,,,,,,,,1107,1287.0,0
,,,,,,,,1108,1272.0,0
,,,,,,,,1109,1322.0,0
,,,,,,,,1110,1386.0,0
,,,,,,,,1111,1365.0,0
,,,,,,,,1112,1306.0,0
,,,,,,,,1113,1228.0,0
,,,,,,,,1114,1119.0,0
,,,,,,,,1115,1068.0,0
,,,,,,,,1116,1062.0,0
,,,,,,,,1117,1131.0,0
,,,,,,,,1118,1214.0,0
,,,,,,,,1119,1333.0,0
,,,,,,,,1120,1438.0,0
,,,,,,,,1121,1618.0,0
,,,,,,,,1122,1807.0,0
,,,,,,,,1123,1898.0,0
,,,,,,,,1124,1889.0,0
,,,,,,,,1125,1859.0,0
,,,,,,,,1126,1695.0,0
,,,,,,,,1127,1641.0,0
,,,,,,,,1128,1546.0,0
,,,,,,,,1129,1416.0,0
,,,,,,,,1130,1313.0,0
,,,,,,,,1131,1252.0,0
,,,,,,,,1132,1238.0,0
,,,,,,,,1133,1286.0,0
,,,,,,,,1134,1354.0,0
,,,,,,,,1135,1351.0,0
,,,,,,,,1136,1277.0,0
,,,,,,,,1137,1158.0,0
,,,,,,,,1138,1092.0,0
,,,,,,,,1139,950.0,0
,,,,,,,,1140,932.0,0
,,,,,,,,1141,982.0,0
,,,,,,,,1142,1079.0,0
,,,,,,,,1143,1200.0,0
,,,,,,,,1144,1324.0,0
,,,,,,,,1145,1535.0,0
,,,,,,,,1146,1732.0,0
,,,,,,,,1147,1833.0,0
,,,,,,,,1148,1833.0,0
,,,,,,,,1149,1826.0,0
,,,,,,,,1150,1703.0,0
,,,,,,,,1151,1649.0,0
,,,,,,,,1152,1518.0,0
,,,,,,,,1153,1414.0,0
,,,,,,,,1154,1310.0,0
,,,,,,,,1155,1240.0,0
,,,,,,,,1156,1209.0,0
,,,,,,,,1157,1211.0,0
,,,,,,,,1158,1195.0,0
,,,,,,,,1159,1098.0,0
,,,,,,,,1160,983.0,0
,,,,,,,,1161,896.0,0
,,,,,,,,1162,821.0,0
,,,,,,,,1163,779.0,0
,,,,,,,,1164,733.0,0
,,,,,,,,1165,782.0,0
,,,,,,,,1166,846.0,0
,,,,,,,,1167,993.0,0
,,,,,,,,1168,1127.0,0
,,,,,,,,1169,1328.0,0
,,,,,,,,1170,1554.0,0
,,,,,,,,1171,1683.0,0
,,,,,,,,1172,1717.0,0
,,,,,,,,1173,1691.0,0
,,,,,,,,1174,1592.0,0
,,,,,,,,1175,1487.0,0
,,,,,,,,1176,1473.0,0
,,,,,,,,1177,1491.0,0
,,,,,,,,1178,1382.0,0
,,,,,,,,1179,1307.0,0
,,,,,,,,1180,1305.0,0
,,,,,,,,1181,1369.0,0
,,,,,,,,1182,1470.0,0
,,,,,,,,1183,1496.0,0
,,,,,,,,1184,1508.0,0
,,,,,,,,1185,1397.0,0
,,,,,,,,1186,1294.0,0
,,,,,,,,1187,1224.0,0
,,,,,,,,1188,1228.0,0
,,,,,,,,1189,1296.0,0
,,,,,,,,1190,1424.0,0
,,,,,,,,1191,1584.0,0
,,,,,,,,1192,1675.0,0
,,,,,,,,1193,1849.0,0
,,,,,,,,1194,1979.0,0
,,,,,,,,1195,2058.0,0
,,,,,,,,1196,2046.0,0
,,,,,,,,1197,1993.0,0
,,,,,,,,1198,1828.0,0
,,,,,,,,1199,1728.0,0
,,,,,,,,1200,1619.0,0
,,,,,,,,1201,1494.0,0
,,,,,,,,1202,1377.0,0
,,,,,,,,1203,1315.0,0
,,,,,,,,1204,1310.0,0
,,,,,,,,1205,1375.0,0
,,,,,,,,1206,1477.0,0
,,,,,,,,1207,1530.0,0
,,,,,,,,1208,1499.0,0
,,,,,,,,1209,1390.0,0
,,,,,,,,1210,1226.0,0
,,,,,,,,1211,1184.0,0
,,,,,,,,1212,1188.0,0
,,,,,,,,1213,1253.0,0
,,,,,,,,1214,1325.0,0
,,,,,,,,1215,1482.0,0
,,,,,,,,1216,1596.0,0
,,,,,,,,1217,1779.0,0
,,,,,,,,1218,1944.0,0
,,,,,,,,1219,2036.0,0
,,,,,,,,1220,2004.0,0
,,,,,,,,1221,1950.0,0
,,,,,,,,1222,1796.0,0
,,,,,,,,1223,1714.0,0
,,,,,,,,1224,1604.0,0
,,,,,,,,1225,1471.0,0
,,,,,,,,1226,1354.0,0
,,,,,,,,1227,1299.0,0
,,,,,,,,1228,1291.0,0
,,,,,,,,1229,1351.0,0
,,,,,,,,1230,1444.0,0
,,,,,,,,1231,1483.0,0
,,,,,,,,1232,1441.0,0
,,,,,,,,1233,1422.0,0
,,,,,,,,1234,1349.0,0
,,,,,,,,1235,1299.0,0
,,,,,,,,1236,1258.0,0
,,,,,,,,1237,1361.0,0
,,,,,,,,1238,1476.0,0
,,,,,,,,1239,1587.0,0
,,,,,,,,1240,1706.0,0
,,,,,,,,1241,1826.0,0
,,,,,,,,1242,1954.0,0
,,,,,,,,1243,2017.0,0
,,,,,,,,1244,2011.0,0
,,,,,,,,1245,1972.0,0
,,,,,,,,1246,1830.0,0
,,,,,,,,1247,1746.0,0
,,,,,,,,1248,1615.0,0
,,,,,,,,1249,1507.0,0
,,,,,,,,1250,1390.0,0
,,,,,,,,1251,1295.0,0
,,,,,,,,1252,1274.0,0
,,,,,,,,1253,1279.0,0
,,,,,,,,1254,1287.0,0
,,,,,,,,1255,1229.0,0
,,,,,,,,1256,1164.0,0
,,,,,,,,1257,1093.0,0
,,,,,,,,1258,1094.0,0
,,,,,,,,1259,1035.0,0
,,,,,,,,1260,1080.0,0
,,,,,,,,1261,1145.0,0
,,,,,,,,1262,1267.0,0
,,,,,,,,1263,1405.0,0
,,,,,,,,1264,1606.0,0
,,,,,,,,1265,1693.0,0
,,,,,,,,1266,1838.0,0
,,,,,,,,1267,1941.0,0
,,,,,,,,1268,1946.0,0
,,,,,,,,1269,1883.0,0
,,,,,,,,1270,1762.0,0
,,,,,,,,1271,1632.0,0
,,,,,,,,1272,1584.0,0
,,,,,,,,1273,1480.0,0
,,,,,,,,1274,1364.0,0
,,,,,,,,1275,1289.0,0
,,,,,,,,1276,1240.0,0
,,,,,,,,1277,1236.0,0
,,,,,,,,1278,1220.0,0
,,,,,,,,1279,1131.0,0
,,,,,,,,1280,1031.0,0
,,,,,,,,1281,964.0,0
,,,,,,,,1282,917.0,0
,,,,,,,,1283,930.0,0
,,,,,,,,1284,978.0,0
,,,,,,,,1285,1035.0,0
,,,,,,,,1286,1159.0,0
,,,,,,,,1287,1322.0,0
,,,,,,,,1288,1486.0,0
,,,,,,,,1289,1670.0,0
,,,,,,,,1290,1852.0,0
,,,,,,,,1291,1956.0,0
,,,,,,,,1292,1954.0,0
,,,,,,,,1293,1876.0,0
,,,,,,,,1294,1723.0,0
,,,,,,,,1295,1591.0,0
,,,,,,,,1296,1572.0,0
,,,,,,,,1297,1436.0,0
,,,,,,,,1298,1316.0,0
,,,,,,,,1299,1258.0,0
,,,,,,,,1300,1255.0,0
,,,,,,,,1301,1320.0,0
,,,,,,,,1302,1424.0,0
,,,,,,,,1303,1455.0,0
,,,,,,,,1304,1389.0,0
,,,,,,,,1305,1304.0,0
,,,,,,,,1306,1205.0,0
,,,,,,,,1307,1177.0,0
,,,,,,,,1308,1242.0,0
,,,,,,,,1309,1228.0,0
,,,,,,,,1310,1311.0,0
,,,,,,,,1311,1401.0,0
,,,,,,,,1312,1518.0,0
,,,,,,,,1313,1669.0,0
,,,,,,,,1314,1838.0,0
,,,,,,,,1315,1916.0,0
,,,,,,,,1316,1913.0,0
,,,,,,,,1317,1877.0,0
,,,,,,,,1318,1735.0,0
,,,,,,,,1319,1650.0,0
,,,,,,,,1320,1538.0,0
,,,,,,,,1321,1411.0,0
,,,,,,,,1322,1307.0,0
,,,,,,,,1323,1246.0,0
,,,,,,,,1324,1244.0,0
,,,,,,,,1325,1308.0,0
,,,,,,,,1326,1420.0,0
,,,,,,,,1327,1448.0,0
,,,,,,,,1328,1383.0,0
,,,,,,,,1329,1275.0,0
,,,,,,,,1330,1176.0,0
,,,,,,,,1331,1034.0,0
,,,,,,,,1332,1010.0,0
,,,,,,,,1333,1069.0,0
,,,,,,,,1334,1146.0,0
,,,,,,,,1335,1264.0,0
,,,,,,,,1336,1392.0,0
,,,,,,,,1337,1592.0,0
,,,,,,,,1338,1808.0,0
,,,,,,,,1339,1873.0,0
,,,,,,,,1340,1870.0,0
,,,,,,,,1341,1844.0,0
,,,,,,,,1342,1699.0,0
,,,,,,,,1343,1630.0,0
,,,,,,,,1344,1537.0,0
,,,,,,,,1345,1472.0,0
,,,,,,,,1346,1358.0,0
,,,,,,,,1347,1288.0,0
,,,,,,,,1348,1260.0,0
,,,,,,,,1349,1247.0,0
,,,,,,,,1350,1264.0,0
,,,,,,,,1351,1254.0,0
,,,,,,,,1352,1204.0,0
,,,,,,,,1353,1119.0,0
,,,,,,,,1354,1021.0,0
,,,,,,,,1355,1026.0,0
,,,,,,,,1356,1068.0,0
,,,,,,,,1357,1140.0,0
,,,,,,,,1358,1301.0,0
,,,,,,,,1359,1476.0,0
,,,,,,,,1360,1674.0,0
,,,,,,,,1361,1851.0,0
,,,,,,,,1362,1935.0,0
,,,,,,,,1363,1977.0,0
,,,,,,,,1364,1883.0,0
,,,,,,,,1365,1807.0,0
,,,,,,,,1366,1688.0,0
,,,,,,,,1367,1571.0,0
,,,,,,,,1368,1552.0,0
,,,,,,,,1369,1438.0,0
,,,,,,,,1370,1333.0,0
,,,,,,,,1371,1264.0,0
,,,,,,,,1372,1232.0,0
,,,,,,,,1373,1218.0,0
,,,,,,,,1374,1215.0,0
,,,,,,,,1375,1177.0,0
,,,,,,,,1376,1129.0,0
,,,,,,,,1377,1070.0,0
,,,,,,,,1378,1064.0,0
,,,,,,,,1379,1129.0,0
,,,,,,,,1380,1204.0,0
,,,,,,,,1381,1374.0,0
,,,,,,,,1382,1524.0,0
,,,,,,,,1383,1754.0,0
,,,,,,,,1384,1846.0,0
,,,,,,,,1385,2017.0,0
,,,,,,,,1386,2104.0,0
,,,,,,,,1387,2118.0,0
,,,,,,,,1388,2028.0,0
,,,,,,,,1389,1924.0,0
,,,,,,,,1390,1762.0,0
,,,,,,,,1391,1626.0,0
,,,,,,,,1392,1614.0,0
,,,,,,,,1393,1496.0,0
,,,,,,,,1394,1383.0,0
,,,,,,,,1395,1312.0,0
,,,,,,,,1396,1291.0,0
,,,,,,,,1397,1324.0,0
,,,,,,,,1398,1397.0,0
,,,,,,,,1399,1422.0,0
,,,,,,,,1400,1385.0,0
,,,,,,,,1401,1337.0,0
,,,,,,,,1402,1352.0,0
,,,,,,,,1403,1370.0,0
,,,,,,,,1404,1447.0,0
,,,,,,,,1405,1567.0,0
,,,,,,,,1406,1737.0,0
,,,,,,,,1407,1900.0,0
,,,,,,,,1408,2034.0,0
,,,,,,,,1409,2203.0,0
,,,,,,,,1410,2243.0,0
,,,,,,,,1411,2237.0,0
,,,,,,,,1412,2116.0,0
,,,,,,,,1413,2030.0,0
,,,,,,,,1414,1851.0,0
,,,,,,,,1415,1753.0,0
,,,,,,,,1416,1640.0,0
,,,,,,,,1417,1527.0,0
,,,,,,,,1418,1414.0,0
,,,,,,,,1419,1346.0,0
,,,,,,,,1420,1329.0,0
,,,,,,,,1421,1375.0,0
,,,,,,,,1422,1487.0,0
,,,,,,,,1423,1553.0,0
,,,,,,,,1424,1549.0,0
,,,,,,,,1425,1438.0,0
,,,,,,,,1426,1386.0,0
,,,,,,,,1427,1381.0,0
,,,,,,,,1428,1403.0,0
,,,,,,,,1429,1518.0,0
,,,,,,,,1430,1651.0,0
,,,,,,,,1431,1829.0,0
,,,,,,,,1432,1940.0,0
,,,,,,,,1433,2072.0,0
,,,,,,,,1434,2141.0,0
,,,,,,,,1435,2185.0,0
,,,,,,,,1436,2074.0,0
,,,,,,,,1437,1982.0,0
,,,,,,,,1438,1814.0,0
,,,,,,,,1439,1731.0,0
,,,,,,,,1440,1615.0,0
,,,,,,,,1441,1471.0,0
,,,,,,,,1442,1356.0,0
,,,,,,,,1443,1299.0,0
,,,,,,,,1444,1287.0,0
,,,,,,,,1445,1328.0,0
,,,,,,,,1446,1432.0,0
,,,,,,,,1447,1466.0,0
,,,,,,,,1448,1492.0,0
,,,,,,,,1449,1393.0,0
,,,,,,,,1450,1323.0,0
,,,,,,,,1451,1226.0,0
,,,,,,,,1452,1255.0,0
,,,,,,,,1453,1345.0,0
,,,,,,,,1454,1469.0,0
,,,,,,,,1455,1598.0,0
,,,,,,,,1456,1719.0,0
,,,,,,,,1457,1878.0,0
,,,,,,,,1458,1967.0,0
,,,,,,,,1459,1999.0,0
,,,,,,,,1460,1927.0,0
,,,,,,,,1461,1858.0,0
,,,,,,,,1462,1722.0,0
,,,,,,,,1463,1643.0,0
,,,,,,,,1464,1540.0,0
,,,,,,,,1465,1388.0,0
,,,,,,,,1466,1288.0,0
,,,,,,,,1467,1237.0,0
,,,,,,,,1468,1230.0,0
,,,,,,,,1469,1280.0,0
,,,,,,,,1470,1387.0,0
,,,,,,,,1471,1427.0,0
,,,,,,,,1472,1390.0,0
,,,,,,,,1473,1274.0,0
,,,,,,,,1474,1168.0,0
,,,,,,,,1475,1086.0,0
,,,,,,,,1476,1093.0,0
,,,,,,,,1477,1166.0,0
,,,,,,,,1478,1268.0,0
,,,,,,,,1479,1439.0,0
,,,,,,,,1480,1559.0,0
,,,,,,,,1481,1749.0,0
,,,,,,,,1482,1871.0,0
,,,,,,,,1483,1922.0,0
,,,,,,,,1484,1853.0,0
,,,,,,,,1485,1809.0,0
,,,,,,,,1486,1674.0,0
,,,,,,,,1487,1607.0,0
,,,,,,,,1488,1509.0,0
,,,,,,,,1489,1382.0,0
,,,,,,,,1490,1268.0,0
,,,,,,,,1491,1212.0,0
,,,,,,,,1492,1202.0,0
,,,,,,,,1493,1256.0,0
,,,,,,,,1494,1365.0,0
,,,,,,,,1495,1405.0,0
,,,,,,,,1496,1337.0,0
,,,,,,,,1497,1200.0,0
,,,,,,,,1498,1138.0,0
,,,,,,,,1499,1087.0,0
,,,,,,,,1500,1085.0,0
,,,,,,,,1501,1100.0,0
,,,,,,,,1502,1202.0,0
,,,,,,,,1503,1338.0,0
,,,,,,,,1504,1455.0,0
,,,,,,,,1505,1665.0,0
,,,,,,,,1506,1801.0,0
,,,,,,,,1507,1851.0,0
,,,,,,,,1508,1796.0,0
,,,,,,,,1509,1755.0,0
,,,,,,,,1510,1630.0,0
,,,,,,,,1511,1581.0,0
,,,,,,,,1512,1466.0,0
,,,,,,,,1513,1097.0,0
,,,,,,,,1514,1023.0,0
,,,,,,,,1515,983.0,0
,,,,,,,,1516,992.0,0
,,,,,,,,1517,1056.0,0
,,,,,,,,1518,1182.0,0
,,,,,,,,1519,1222.0,0
,,,,,,,,1520,1114.0,0
,,,,,,,,1521,995.0,0
,,,,,,,,1522,880.0,0
,,,,,,,,1523,809.0,0
,,,,,,,,1524,781.0,0
,,,,,,,,1525,846.0,0
,,,,,,,,1526,958.0,0
,,,,,,,,1527,1090.0,0
,,,,,,,,1528,1233.0,0
,,,,,,,,1529,1447.0,0
,,,,,,,,1530,1657.0,0
,,,,,,,,1531,1602.0,0
,,,,,,,,1532,1522.0,0
,,,,,,,,1533,1501.0,0
,,,,,,,,1534,1394.0,0
,,,,,,,,1535,1347.0,0
,,,,,,,,1536,1273.0,0
,,,,,,,,1537,1169.0,0
,,,,,,,,1538,1086.0,0
,,,,,,,,1539,1038.0,0
,,,,,,,,1540,1034.0,0
,,,,,,,,1541,1092.0,0
,,,,,,,,1542,1215.0,0
,,,,,,,,1543,1263.0,0
,,,,,,,,1544,1168.0,0
,,,,,,,,1545,1054.0,0
,,,,,,,,1546,989.0,0
,,,,,,,,1547,920.0,0
,,,,,,,,1548,982.0,0
,,,,,,,,1549,1002.0,0
,,,,,,,,1550,1106.0,0
,,,,,,,,1551,1192.0,0
,,,,,,,,1552,1276.0,0
,,,,,,,,1553,1432.0,0
,,,,,,,,1554,1610.0,0
,,,,,,,,1555,1572.0,0
,,,,,,,,1556,1502.0,0
,,,,,,,,1557,1500.0,0
,,,,,,,,1558,1398.0,0
,,,,,,,,1559,1356.0,0
,,,,,,,,1560,1281.0,0
,,,,,,,,1561,1183.0,0
,,,,,,,,1562,1098.0,0
,,,,,,,,1563,1048.0,0
,,,,,,,,1564,1045.0,0
,,,,,,,,1565,1103.0,0
,,,,,,,,1566,1226.0,0
,,,,,,,,1567,1272.0,0
,,,,,,,,1568,1197.0,0
,,,,,,,,1569,1028.0,0
,,,,,,,,1570,890.0,0
,,,,,,,,1571,809.0,0
,,,,,,,,1572,761.0,0
,,,,,,,,1573,776.0,0
,,,,,,,,1574,875.0,0
,,,,,,,,1575,998.0,0
,,,,,,,,1576,1129.0,0
,,,,,,,,1577,1288.0,0
,,,,,,,,1578,1474.0,0
,,,,,,,,1579,1459.0,0
,,,,,,,,1580,1431.0,0
,,,,,,,,1581,1442.0,0
,,,,,,,,1582,1359.0,0
,,,,,,,,1583,1323.0,0
,,,,,,,,1584,1249.0,0
,,,,,,,,1585,1151.0,0
,,,,,,,,1586,1071.0,0
,,,,,,,,1587,1025.0,0
,,,,,,,,1588,1022.0,0
,,,,,,,,1589,1082.0,0
,,,,,,,,1590,1210.0,0
,,,,,,,,1591,1272.0,0
,,,,,,,,1592,1152.0,0
,,,,,,,,1593,1034.0,0
,,,,,,,,1594,849.0,0
,,,,,,,,1595,725.0,0
,,,,,,,,1596,680.0,0
,,,,,,,,1597,669.0,0
,,,,,,,,1598,710.0,0
,,,,,,,,1599,808.0,0
,,,,,,,,1600,932.0,0
,,,,,,,,1601,1151.0,0
,,,,,,,,1602,1376.0,0
,,,,,,,,1603,1431.0,0
,,,,,,,,1604,1394.0,0
,,,,,,,,1605,1408.0,0
,,,,,,,,1606,1340.0,0
,,,,,,,,1607,1313.0,0
,,,,,,,,1608,1240.0,0
,,,,,,,,1609,1142.0,0
,,,,,,,,1610,1064.0,0
,,,,,,,,1611,1020.0,0
,,,,,,,,1612,1018.0,0
,,,,,,,,1613,1073.0,0
,,,,,,,,1614,1196.0,0
,,,,,,,,1615,1252.0,0
,,,,,,,,1616,1128.0,0
,,,,,,,,1617,971.0,0
,,,,,,,,1618,820.0,0
,,,,,,,,1619,702.0,0
,,,,,,,,1620,622.0,0
,,,,,,,,1621,615.0,0
,,,,,,,,1622,652.0,0
,,,,,,,,1623,770.0,0
,,,,,,,,1624,892.0,0
,,,,,,,,1625,1107.0,0
,,,,,,,,1626,1349.0,0
,,,,,,,,1627,1397.0,0
,,,,,,,,1628,1358.0,0
,,,,,,,,1629,1377.0,0
,,,,,,,,1630,1320.0,0
,,,,,,,,1631,1303.0,0
,,,,,,,,1632,1214.0,0
,,,,,,,,1633,1141.0,0
,,,,,,,,1634,1065.0,0
,,,,,,,,1635,1012.0,0
,,,,,,,,1636,993.0,0
,,,,,,,,1637,1004.0,0
,,,,,,,,1638,1049.0,0
,,,,,,,,1639,1019.0,0
,,,,,,,,1640,866.0,0
,,,,,,,,1641,728.0,0
,,,,,,,,1642,631.0,0
,,,,,,,,1643,548.0,0
,,,,,,,,1644,475.0,0
,,,,,,,,1645,479.0,0
,,,,,,,,1646,551.0,0
,,,,,,,,1647,679.0,0
,,,,,,,,1648,821.0,0
,,,,,,,,1649,1034.0,0
,,,,,,,,1650,1250.0,0
,,,,,,,,1651,1295.0,0
,,,,,,,,1652,1276.0,0
,,,,,,,,1653,1278.0,0
,,,,,,,,1654,1228.0,0
,,,,,,,,1655,1177.0,0
,,,,,,,,1656,1174.0,0
,,,,,,,,1657,1105.0,0
,,,,,,,,1658,1031.0,0
,,,,,,,,1659,979.0,0
,,,,,,,,1660,958.0,0
,,,,,,,,1661,961.0,0
,,,,,,,,1662,991.0,0
,,,,,,,,1663,959.0,0
,,,,,,,,1664,807.0,0
,,,,,,,,1665,728.0,0
,,,,,,,,1666,608.0,0
,,,,,,,,1667,531.0,0
,,,,,,,,1668,491.0,0
,,,,,,,,1669,553.0,0
,,,,,,,,1670,585.0,0
,,,,,,,,1671,745.0,0
,,,,,,,,1672,847.0,0
,,,,,,,,1673,1068.0,0
,,,,,,,,1674,1271.0,0
,,,,,,,,1675,1297.0,0
,,,,,,,,1676,1288.0,0
,,,,,,,,1677,1283.0,0
,,,,,,,,1678,1218.0,0
,,,,,,,,1679,1157.0,0
,,,,,,,,1680,1172.0,0
,,,,,,,,1681,1176.0,0
,,,,,,,,1682,1096.0,0
,,,,,,,,1683,1032.0,0
,,,,,,,,1684,1004.0,0
,,,,,,,,1685,1028.0,0
,,,,,,,,1686,1113.0,0
,,,,,,,,1687,1207.0,0
,,,,,,,,1688,1121.0,0
,,,,,,,,1689,1002.0,0
,,,,,,,,1690,922.0,0
,,,,,,,,1691,842.0,0
,,,,,,,,1692,812.0,0
,,,,,,,,1693,840.0,0
,,,,,,,,1694,922.0,0
,,,,,,,,1695,1052.0,0
,,,,,,,,1696,1248.0,0
,,,,,,,,1697,1410.0,0
,,,,,,,,1698,1497.0,0
,,,,,,,,1699,1445.0,0
,,,,,,,,1700,1432.0,0
,,,,,,,,1701,1381.0,0
,,,,,,,,1702,1354.0,0
,,,,,,,,1703,1270.0,0
,,,,,,,,1704,1250.0,0
,,,,,,,,1705,1182.0,0
,,,,,,,,1706,1099.0,0
,,,,,,,,1707,1036.0,0
,,,,,,,,1708,1008.0,0
,,,,,,,,1709,1028.0,0
,,,,,,,,1710,1110.0,0
,,,,,,,,1711,1201.0,0
,,,,,,,,1712,1125.0,0
,,,,,,,,1713,1012.0,0
,,,,,,,,1714,894.0,0
,,,,,,,,1715,817.0,0
,,,,,,,,1716,799.0,0
,,,,,,,,1717,896.0,0
,,,,,,,,1718,987.0,0
,,,,,,,,1719,1079.0,0
,,,,,,,,1720,1256.0,0
,,,,,,,,1721,1394.0,0
,,,,,,,,1722,1486.0,0
,,,,,,,,1723,1428.0,0
,,,,,,,,1724,1409.0,0
,,,,,,,,1725,1359.0,0
,,,,,,,,1726,1342.0,0
,,,,,,,,1727,1268.0,0
,,,,,,,,1728,1248.0,0
,,,,,,,,1729,1161.0,0
,,,,,,,,1730,1097.0,0
,,,,,,,,1731,1032.0,0
,,,,,,,,1732,990.0,0
,,,,,,,,1733,979.0,0
,,,,,,,,1734,998.0,0
,,,,,,,,1735,1026.0,0
,,,,,,,,1736,923.0,0
,,,,,,,,1737,771.0,0
,,,,,,,,1738,690.0,0
,,,,,,,,1739,629.0,0
,,,,,,,,1740,613.0,0
,,,,,,,,1741,651.0,0
,,,,,,,,1742,780.0,0
,,,,,,,,1743,919.0,0
,,,,,,,,1744,1096.0,0
,,,,,,,,1745,1272.0,0
,,,,,,,,1746,1364.0,0
,,,,,,,,1747,1323.0,0
,,,,,,,,1748,1305.0,0
,,,,,,,,1749,1269.0,0
,,,,,,,,1750,1244.0,0
,,,,,,,,1751,1179.0,0
,,,,,,,,1752,1127.0,0
,,,,,,,,1753,1127.0,0
,,,,,,,,1754,1067.0,0
,,,,,,,,1755,1002.0,0
,,,,,,,,1756,958.0,0
,,,,,,,,1757,939.0,0
,,,,,,,,1758,945.0,0
,,,,,,,,1759,962.0,0
,,,,,,,,1760,867.0,0
,,,,,,,,1761,715.0,0
,,,,,,,,1762,660.0,0
,,,,,,,,1763,540.0,0
,,,,,,,,1764,553.0,0
,,,,,,,,1765,618.0,0
,,,,,,,,1766,665.0,0
,,,,,,,,1767,829.0,0
,,,,,,,,1768,971.0,0
,,,,,,,,1769,1164.0,0
,,,,,,,,1770,1292.0,0
,,,,,,,,1771,1314.0,0
,,,,,,,,1772,1294.0,0
,,,,,,,,1773,1260.0,0
,,,,,,,,1774,1226.0,0
,,,,,,,,1775,1150.0,0
,,,,,,,,1776,1102.0,0
,,,,,,,,1777,1123.0,0
,,,,,,,,1778,1048.0,0
,,,,,,,,1779,993.0,0
,,,,,,,,1780,973.0,0
,,,,,,,,1781,1000.0,0
,,,,,,,,1782,1090.0,0
,,,,,,,,1783,1202.0,0
,,,,,,,,1784,1220.0,0
,,,,,,,,1785,1156.0,0
,,,,,,,,1786,1034.0,0
,,,,,,,,1787,897.0,0
,,,,,,,,1788,839.0,0
,,,,,,,,1789,876.0,0
,,,,,,,,1790,929.0,0
,,,,,,,,1791,1012.0,0
,,,,,,,,1792,1173.0,0
,,,,,,,,1793,1299.0,0
,,,,,,,,1794,1444.0,0
,,,,,,,,1795,1462.0,0
,,,,,,,,1796,1424.0,0
,,,,,,,,1797,1367.0,0
,,,,,,,,1798,1338.0,0
,,,,,,,,1799,1251.0,0
,,,,,,,,1800,1235.0,0
,,,,,,,,1801,1171.0,0
,,,,,,,,1802,1090.0,0
,,,,,,,,1803,1030.0,0
,,,,,,,,1804,1004.0,0
,,,,,,,,1805,1028.0,0
,,,,,,,,1806,1118.0,0
,,,,,,,,1807,1223.0,0
,,,,,,,,1808,1213.0,0
,,,,,,,,1809,1077.0,0
,,,,,,,,1810,954.0,0
,,,,,,,,1811,861.0,0
,,,,,,,,1812,813.0,0
,,,,,,,,1813,950.0,0
,,,,,,,,1814,979.0,0
,,,,,,,,1815,1051.0,0
,,,,,,,,1816,1143.0,0
,,,,,,,,1817,1289.0,0
,,,,,,,,1818,1441.0,0
,,,,,,,,1819,1458.0,0
,,,,,,,,1820,1419.0,0
,,,,,,,,1821,1365.0,0
,,,,,,,,1822,1340.0,0
,,,,,,,,1823,1255.0,0
,,,,,,,,1824,1240.0,0
,,,,,,,,1825,1176.0,0
,,,,,,,,1826,1095.0,0
,,,,,,,,1827,1035.0,0
,,,,,,,,1828,1007.0,0
,,,,,,,,1829,1032.0,0
,,,,,,,,1830,1120.0,0
,,,,,,,,1831,1227.0,0
,,,,,,,,1832,1223.0,0
,,,,,,,,1833,1145.0,0
,,,,,,,,1834,1037.0,0
,,,,,,,,1835,880.0,0
,,,,,,,,1836,782.0,0
,,,,,,,,1837,791.0,0
,,,,,,,,1838,853.0,0
,,,,,,,,1839,952.0,0
,,,,,,,,1840,1106.0,0
,,,,,,,,1841,1264.0,0
,,,,,,,,1842,1436.0,0
,,,,,,,,1843,1460.0,0
,,,,,,,,1844,1421.0,0
,,,,,,,,1845,1373.0,0
,,,,,,,,1846,1352.0,0
,,,,,,,,1847,1269.0,0
,,,,,,,,1848,1249.0,0
,,,,,,,,1849,1194.0,0
,,,,,,,,1850,1127.0,0
,,,,,,,,1851,1058.0,0
,,,,,,,,1852,1013.0,0
,,,,,,,,1853,996.0,0
,,,,,,,,1854,1010.0,0
,,,,,,,,1855,1068.0,0
,,,,,,,,1856,1071.0,0
,,,,,,,,1857,970.0,0
,,,,,,,,1858,856.0,0
,,,,,,,,1859,680.0,0
,,,,,,,,1860,603.0,0
,,,,,,,,1861,631.0,0
,,,,,,,,1862,752.0,0
,,,,,,,,1863,862.0,0
,,,,,,,,1864,1030.0,0
,,,,,,,,1865,1190.0,0
,,,,,,,,1866,1329.0,0
,,,,,,,,1867,1344.0,0
,,,,,,,,1868,1324.0,0
,,,,,,,,1869,1308.0,0
,,,,,,,,1870,1305.0,0
,,,,,,,,1871,1249.0,0
,,,,,,,,1872,1179.0,0
,,,,,,,,1873,1176.0,0
,,,,,,,,1874,1106.0,0
,,,,,,,,1875,1036.0,0
,,,,,,,,1876,986.0,0
,,,,,,,,1877,958.0,0
,,,,,,,,1878,955.0,0
,,,,,,,,1879,997.0,0
,,,,,,,,1880,1006.0,0
,,,,,,,,1881,960.0,0
,,,,,,,,1882,818.0,0
,,,,,,,,1883,711.0,0
,,,,,,,,1884,588.0,0
,,,,,,,,1885,579.0,0
,,,,,,,,1886,634.0,0
,,,,,,,,1887,756.0,0
,,,,,,,,1888,948.0,0
,,,,,,,,1889,1174.0,0
,,,,,,,,1890,1333.0,0
,,,,,,,,1891,1362.0,0
,,,,,,,,1892,1352.0,0
,,,,,,,,1893,1329.0,0
,,,,,,,,1894,1317.0,0
,,,,,,,,1895,1241.0,0
,,,,,,,,1896,1172.0,0
,,,,,,,,1897,1185.0,0
,,,,,,,,1898,1100.0,0
,,,,,,,,1899,1037.0,0
,,,,,,,,1900,1010.0,0
,,,,,,,,1901,1030.0,0
,,,,,,,,1902,1110.0,0
,,,,,,,,1903,1245.0,0
,,,,,,,,1904,1283.0,0
,,,,,,,,1905,1269.0,0
,,,,,,,,1906,1092.0,0
,,,,,,,,1907,888.0,0
,,,,,,,,1908,794.0,0
,,,,,,,,1909,781.0,0
,,,,,,,,1910,830.0,0
,,,,,,,,1911,923.0,0
,,,,,,,,1912,1109.0,0
,,,,,,,,1913,1325.0,0
,,,,,,,,1914,1486.0,0
,,,,,,,,1915,1517.0,0
,,,,,,,,1916,1494.0,0
,,,,,,,,1917,1453.0,0
,,,,,,,,1918,1449.0,0
,,,,,,,,1919,1362.0,0
,,,,,,,,1920,1323.0,0
,,,,,,,,1921,1251.0,0
,,,,,,,,1922,1154.0,0
,,,,,,,,1923,1087.0,0
,,,,,,,,1924,1052.0,0
,,,,,,,,1925,1064.0,0
,,,,,,,,1926,1142.0,0
,,,,,,,,1927,1275.0,0
,,,,,,,,1928,1326.0,0
,,,,,,,,1929,1277.0,0
,,,,,,,,1930,1083.0,0
,,,,,,,,1931,892.0,0
,,,,,,,,1932,802.0,0
,,,,,,,,1933,767.0,0
,,,,,,,,1934,876.0,0
,,,,,,,,1935,957.0,0
,,,,,,,,1936,1129.0,0
,,,,,,,,1937,1331.0,0
,,,,,,,,1938,1486.0,0
,,,,,,,,1939,1512.0,0
,,,,,,,,1940,1481.0,0
,,,,,,,,1941,1444.0,0
,,,,,,,,1942,1436.0,0
,,,,,,,,1943,1346.0,0
,,,,,,,,1944,1315.0,0
,,,,,,,,1945,1243.0,0
,,,,,,,,1946,1149.0,0
,,,,,,,,1947,1081.0,0
,,,,,,,,1948,1046.0,0
,,,,,,,,1949,1062.0,0
,,,,,,,,1950,1141.0,0
,,,,,,,,1951,1270.0,0
,,,,,,,,1952,1326.0,0
,,,,,,,,1953,1310.0,0
,,,,,,,,1954,1233.0,0
,,,,,,,,1955,1091.0,0
,,,,,,,,1956,1029.0,0
,,,,,,,,1957,948.0,0
,,,,,,,,1958,943.0,0
,,,,,,,,1959,1018.0,0
,,,,,,,,1960,1182.0,0
,,,,,,,,1961,1336.0,0
,,,,,,,,1962,1489.0,0
,,,,,,,,1963,1525.0,0
,,,,,,,,1964,1501.0,0
,,,,,,,,1965,1476.0,0
,,,,,,,,1966,1470.0,0
,,,,,,,,1967,1380.0,0
,,,,,,,,1968,1344.0,0
,,,,,,,,1969,1269.0,0
,,,,,,,,1970,1176.0,0
,,,,,,,,1971,1103.0,0
,,,,,,,,1972,1068.0,0
,,,,,,,,1973,1075.0,0
,,,,,,,,1974,1146.0,0
,,,,,,,,1975,1278.0,0
,,,,,,,,1976,1316.0,0
,,,,,,,,1977,1331.0,0
,,,,,,,,1978,1181.0,0
,,,,,,,,1979,1131.0,0
,,,,,,,,1980,1036.0,0
,,,,,,,,1981,1030.0,0
,,,,,,,,1982,1056.0,0
,,,,,,,,1983,1131.0,0
,,,,,,,,1984,1232.0,0
,,,,,,,,1985,1374.0,0
,,,,,,,,1986,1514.0,0
,,,,,,,,1987,1552.0,0
,,,,,,,,1988,1526.0,0
,,,,,,,,1989,1498.0,0
,,,,,,,,1990,1489.0,0
,,,,,,,,1991,1396.0,0
,,,,,,,,1992,1355.0,0
,,,,,,,,1993,1268.0,0
,,,,,,,,1994,1170.0,0
,,,,,,,,1995,1100.0,0
,,,,,,,,1996,1061.0,0
,,,,,,,,1997,1068.0,0
,,,,,,,,1998,1136.0,0
,,,,,,,,1999,1266.0,0
,,,,,,,,2000,1353.0,0
,,,,,,,,2001,1423.0,0
,,,,,,,,2002,1394.0,0
,,,,,,,,2003,1278.0,0
,,,,,,,,2004,1341.0,0
,,,,,,,,2005,1267.0,0
,,,,,,,,2006,1222.0,0
,,,,,,,,2007,1204.0,0
,,,,,,,,2008,1300.0,0
,,,,,,,,2009,1368.0,0
,,,,,,,,2010,1511.0,0
,,,,,,,,2011,1554.0,0
,,,,,,,,2012,1540.0,0
,,,,,,,,2013,1529.0,0
,,,,,,,,2014,1542.0,0
,,,,,,,,2015,1460.0,0
,,,,,,,,2016,1403.0,0
