Time_Index,CO2_tons_MWh_1
1,0.45
2,0.46
3,0.46
4,0.46
5,0.45
6,0.44
7,0.45
8,0.42
9,0.43
10,0.46
11,0.45
12,0.46
13,0.42
14,0.46
15,0.44
16,0.42
17,0.46
18,0.45
19,0.45
20,0.43
21,0.44
22,0.46
23,0.43
24,0.44
25,0.43
26,0.42
27,0.44
28,0.46
29,0.45
30,0.43
31,0.43
32,0.45
33,0.42
34,0.42
35,0.46
36,0.42
37,0.45
38,0.45
39,0.45
40,0.45
41,0.43
42,0.43
43,0.43
44,0.42
45,0.43
46,0.42
47,0.44
48,0.43
49,0.45
50,0.43
51,0.46
52,0.46
53,0.45
54,0.46
55,0.46
56,0.46
57,0.45
58,0.44
59,0.46
60,0.43
61,0.44
62,0.45
63,0.42
64,0.46
65,0.46
66,0.43
67,0.46
68,0.46
69,0.45
70,0.43
71,0.44
72,0.45
73,0.44
74,0.44
75,0.43
76,0.43
77,0.46
78,0.44
79,0.44
80,0.44
81,0.44
82,0.43
83,0.44
84,0.44
85,0.43
86,0.45
87,0.45
88,0.46
89,0.42
90,0.46
91,0.43
92,0.45
93,0.46
94,0.43
95,0.44
96,0.43
97,0.43
98,0.45
99,0.42
100,0.46
101,0.45
102,0.44
103,0.45
104,0.43
105,0.42
106,0.46
107,0.45
108,0.44
109,0.46
110,0.42
111,0.43
112,0.44
113,0.45
114,0.44
115,0.46
116,0.46
117,0.44
118,0.42
119,0.42
120,0.46
121,0.42
122,0.42
123,0.43
124,0.42
125,0.43
126,0.44
127,0.43
128,0.43
129,0.42
130,0.46
131,0.45
132,0.46
133,0.44
134,0.45
135,0.46
136,0.46
137,0.46
138,0.43
139,0.44
140,0.45
141,0.46
142,0.42
143,0.45
144,0.46
145,0.45
146,0.44
147,0.44
148,0.43
149,0.44
150,0.45
151,0.43
152,0.43
153,0.45
154,0.43
155,0.44
156,0.43
157,0.45
158,0.44
159,0.46
160,0.43
161,0.46
162,0.46
163,0.43
164,0.46
165,0.45
166,0.46
167,0.46
168,0.45
169,0.42
170,0.45
171,0.45
172,0.46
173,0.45
174,0.43
175,0.43
176,0.46
177,0.46
178,0.44
179,0.44
180,0.46
181,0.46
182,0.46
183,0.45
184,0.44
185,0.43
186,0.46
187,0.45
188,0.44
189,0.46
190,0.45
191,0.45
192,0.45
193,0.42
194,0.44
195,0.42
196,0.45
197,0.43
198,0.45
199,0.44
200,0.44
201,0.43
202,0.43
203,0.46
204,0.42
205,0.46
206,0.42
207,0.46
208,0.44
209,0.43
210,0.46
211,0.45
212,0.46
213,0.44
214,0.46
215,0.44
216,0.42
217,0.45
218,0.43
219,0.46
220,0.46
221,0.43
222,0.46
223,0.42
224,0.45
225,0.45
226,0.43
227,0.45
228,0.45
229,0.42
230,0.44
231,0.42
232,0.45
233,0.45
234,0.43
235,0.42
236,0.45
237,0.46
238,0.45
239,0.42
240,0.42
241,0.43
242,0.46
243,0.42
244,0.44
245,0.44
246,0.45
247,0.43
248,0.46
249,0.42
250,0.43
251,0.43
252,0.45
253,0.45
254,0.46
255,0.46
256,0.45
257,0.46
258,0.43
259,0.45
260,0.44
261,0.42
262,0.44
263,0.44
264,0.45
265,0.45
266,0.42
267,0.44
268,0.44
269,0.45
270,0.45
271,0.43
272,0.45
273,0.45
274,0.43
275,0.45
276,0.46
277,0.46
278,0.45
279,0.45
280,0.43
281,0.44
282,0.42
283,0.46
284,0.43
285,0.44
286,0.44
287,0.43
288,0.44
289,0.45
290,0.44
291,0.42
292,0.45
293,0.46
294,0.43
295,0.43
296,0.46
297,0.45
298,0.42
299,0.43
300,0.43
301,0.46
302,0.42
303,0.43
304,0.45
305,0.44
306,0.44
307,0.45
308,0.42
309,0.43
310,0.44
311,0.46
312,0.43
313,0.46
314,0.45
315,0.43
316,0.46
317,0.46
318,0.45
319,0.44
320,0.44
321,0.46
322,0.45
323,0.45
324,0.46
325,0.43
326,0.44
327,0.44
328,0.42
329,0.43
330,0.43
331,0.42
332,0.46
333,0.44
334,0.46
335,0.45
336,0.42
337,0.46
338,0.46
339,0.45
340,0.44
341,0.42
342,0.46
343,0.43
344,0.42
345,0.46
346,0.44
347,0.42
348,0.42
349,0.43
350,0.45
351,0.45
352,0.44
353,0.43
354,0.42
355,0.43
356,0.43
357,0.45
358,0.45
359,0.45
360,0.42
361,0.46
362,0.44
363,0.45
364,0.46
365,0.46
366,0.43
367,0.45
368,0.44
369,0.46
370,0.45
371,0.46
372,0.44
373,0.46
374,0.44
375,0.46
376,0.44
377,0.42
378,0.46
379,0.45
380,0.44
381,0.43
382,0.46
383,0.42
384,0.42
385,0.45
386,0.44
387,0.46
388,0.42
389,0.46
390,0.44
391,0.42
392,0.46
393,0.45
394,0.42
395,0.46
396,0.45
397,0.42
398,0.42
399,0.45
400,0.44
401,0.44
402,0.43
403,0.43
404,0.42
405,0.46
406,0.44
407,0.42
408,0.45
409,0.46
410,0.45
411,0.44
412,0.44
413,0.43
414,0.44
415,0.46
416,0.43
417,0.45
418,0.42
419,0.44
420,0.43
421,0.46
422,0.44
423,0.42
424,0.45
425,0.42
426,0.43
427,0.42
428,0.46
429,0.43
430,0.44
431,0.42
432,0.42
433,0.44
434,0.44
435,0.45
436,0.43
437,0.46
438,0.45
439,0.44
440,0.43
441,0.42
442,0.45
443,0.43
444,0.45
445,0.46
446,0.43
447,0.44
448,0.45
449,0.46
450,0.44
451,0.46
452,0.42
453,0.46
454,0.44
455,0.46
456,0.45
457,0.42
458,0.45
459,0.46
460,0.44
461,0.43
462,0.43
463,0.45
464,0.46
465,0.42
466,0.44
467,0.45
468,0.44
469,0.46
470,0.42
471,0.42
472,0.43
473,0.43
474,0.42
475,0.42
476,0.45
477,0.44
478,0.46
479,0.43
480,0.45
481,0.44
482,0.42
483,0.46
484,0.45
485,0.43
486,0.45
487,0.43
488,0.43
489,0.42
490,0.45
491,0.45
492,0.44
493,0.42
494,0.44
495,0.46
496,0.44
497,0.46
498,0.45
499,0.44
500,0.44
501,0.45
502,0.45
503,0.45
504,0.42
505,0.42
506,0.45
507,0.45
508,0.45
509,0.43
510,0.44
511,0.45
512,0.46
513,0.42
514,0.42
515,0.43
516,0.42
517,0.43
518,0.44
519,0.46
520,0.45
521,0.46
522,0.42
523,0.46
524,0.44
525,0.45
526,0.44
527,0.46
528,0.44
529,0.45
530,0.43
531,0.44
532,0.46
533,0.44
534,0.43
535,0.42
536,0.43
537,0.43
538,0.46
539,0.46
540,0.46
541,0.46
542,0.44
543,0.45
544,0.44
545,0.44
546,0.45
547,0.43
548,0.42
549,0.43
550,0.45
551,0.42
552,0.45
553,0.42
554,0.46
555,0.44
556,0.46
557,0.45
558,0.43
559,0.44
560,0.46
561,0.45
562,0.45
563,0.45
564,0.46
565,0.46
566,0.42
567,0.46
568,0.45
569,0.42
570,0.45
571,0.46
572,0.43
573,0.46
574,0.42
575,0.43
576,0.43
577,0.42
578,0.46
579,0.43
580,0.45
581,0.46
582,0.45
583,0.44
584,0.42
585,0.46
586,0.42
587,0.42
588,0.44
589,0.45
590,0.43
591,0.44
592,0.43
593,0.44
594,0.46
595,0.46
596,0.45
597,0.46
598,0.43
599,0.43
600,0.46
601,0.45
602,0.45
603,0.46
604,0.46
605,0.42
606,0.44
607,0.46
608,0.43
609,0.42
610,0.45
611,0.44
612,0.42
613,0.42
614,0.43
615,0.44
616,0.44
617,0.44
618,0.43
619,0.46
620,0.45
621,0.45
622,0.46
623,0.45
624,0.45
625,0.44
626,0.46
627,0.43
628,0.44
629,0.42
630,0.44
631,0.43
632,0.42
633,0.44
634,0.42
635,0.43
636,0.45
637,0.43
638,0.44
639,0.43
640,0.42
641,0.42
642,0.44
643,0.44
644,0.42
645,0.44
646,0.42
647,0.43
648,0.46
649,0.43
650,0.42
651,0.43
652,0.44
653,0.43
654,0.43
655,0.42
656,0.46
657,0.44
658,0.46
659,0.43
660,0.45
661,0.42
662,0.42
663,0.46
664,0.46
665,0.42
666,0.44
667,0.42
668,0.45
669,0.45
670,0.43
671,0.46
672,0.44
673,0.43
674,0.46
675,0.45
676,0.43
677,0.45
678,0.42
679,0.42
680,0.46
681,0.44
682,0.44
683,0.46
684,0.45
685,0.44
686,0.42
687,0.44
688,0.44
689,0.44
690,0.45
691,0.45
692,0.45
693,0.46
694,0.43
695,0.43
696,0.45
697,0.44
698,0.44
699,0.43
700,0.43
701,0.44
702,0.42
703,0.46
704,0.46
705,0.46
706,0.44
707,0.46
708,0.42
709,0.45
710,0.44
711,0.45
712,0.45
713,0.46
714,0.42
715,0.42
716,0.44
717,0.44
718,0.44
719,0.42
720,0.44
721,0.42
722,0.44
723,0.46
724,0.43
725,0.46
726,0.44
727,0.44
728,0.43
729,0.43
730,0.45
731,0.43
732,0.42
733,0.44
734,0.42
735,0.46
736,0.46
737,0.44
738,0.44
739,0.45
740,0.43
741,0.46
742,0.45
743,0.45
744,0.42
745,0.45
746,0.44
747,0.46
748,0.42
749,0.44
750,0.43
751,0.46
752,0.44
753,0.42
754,0.42
755,0.46
756,0.43
757,0.45
758,0.43
759,0.45
760,0.45
761,0.43
762,0.44
763,0.45
764,0.42
765,0.42
766,0.42
767,0.45
768,0.42
769,0.42
770,0.43
771,0.42
772,0.46
773,0.45
774,0.46
775,0.46
776,0.45
777,0.42
778,0.42
779,0.44
780,0.42
781,0.44
782,0.45
783,0.42
784,0.42
785,0.42
786,0.42
787,0.45
788,0.43
789,0.45
790,0.44
791,0.42
792,0.44
793,0.42
794,0.42
795,0.43
796,0.46
797,0.44
798,0.43
799,0.42
800,0.42
801,0.46
802,0.45
803,0.43
804,0.46
805,0.43
806,0.42
807,0.44
808,0.42
809,0.43
810,0.43
811,0.46
812,0.46
813,0.45
814,0.45
815,0.46
816,0.42
817,0.44
818,0.42
819,0.45
820,0.44
821,0.43
822,0.45
823,0.45
824,0.43
825,0.42
826,0.46
827,0.45
828,0.46
829,0.43
830,0.45
831,0.45
832,0.42
833,0.46
834,0.45
835,0.44
836,0.44
837,0.45
838,0.45
839,0.43
840,0.44
841,0.43
842,0.42
843,0.46
844,0.43
845,0.45
846,0.43
847,0.43
848,0.45
849,0.46
850,0.42
851,0.45
852,0.43
853,0.46
854,0.43
855,0.42
856,0.43
857,0.45
858,0.46
859,0.44
860,0.42
861,0.42
862,0.44
863,0.45
864,0.42
865,0.43
866,0.44
867,0.43
868,0.45
869,0.42
870,0.45
871,0.45
872,0.45
873,0.46
874,0.42
875,0.42
876,0.42
877,0.44
878,0.44
879,0.42
880,0.46
881,0.43
882,0.45
883,0.43
884,0.45
885,0.46
886,0.46
887,0.46
888,0.43
889,0.46
890,0.42
891,0.44
892,0.43
893,0.44
894,0.42
895,0.44
896,0.44
897,0.42
898,0.44
899,0.42
900,0.46
901,0.45
902,0.46
903,0.42
904,0.43
905,0.44
906,0.44
907,0.46
908,0.42
909,0.44
910,0.44
911,0.46
912,0.44
913,0.42
914,0.42
915,0.45
916,0.43
917,0.46
918,0.45
919,0.42
920,0.46
921,0.46
922,0.44
923,0.44
924,0.46
925,0.46
926,0.44
927,0.44
928,0.44
929,0.42
930,0.44
931,0.44
932,0.44
933,0.44
934,0.42
935,0.44
936,0.44
937,0.46
938,0.45
939,0.42
940,0.45
941,0.42
942,0.46
943,0.46
944,0.42
945,0.43
946,0.43
947,0.45
948,0.46
949,0.42
950,0.44
951,0.43
952,0.44
953,0.42
954,0.43
955,0.42
956,0.45
957,0.42
958,0.42
959,0.44
960,0.44
961,0.42
962,0.42
963,0.44
964,0.45
965,0.45
966,0.43
967,0.46
968,0.45
969,0.42
970,0.42
971,0.45
972,0.44
973,0.46
974,0.44
975,0.44
976,0.46
977,0.43
978,0.44
979,0.42
980,0.42
981,0.46
982,0.43
983,0.43
984,0.44
985,0.45
986,0.43
987,0.43
988,0.45
989,0.46
990,0.46
991,0.44
992,0.44
993,0.42
994,0.44
995,0.44
996,0.45
997,0.43
998,0.42
999,0.45
1000,0.42
1001,0.43
1002,0.46
1003,0.43
1004,0.42
1005,0.43
1006,0.43
1007,0.42
1008,0.46
1009,0.45
1010,0.44
1011,0.45
1012,0.44
1013,0.46
1014,0.43
1015,0.44
1016,0.45
1017,0.46
1018,0.43
1019,0.43
1020,0.46
1021,0.46
1022,0.42
1023,0.46
1024,0.42
1025,0.44
1026,0.44
1027,0.42
1028,0.42
1029,0.42
1030,0.42
1031,0.46
1032,0.43
1033,0.45
1034,0.45
1035,0.46
1036,0.42
1037,0.42
1038,0.43
1039,0.42
1040,0.43
1041,0.46
1042,0.44
1043,0.43
1044,0.42
1045,0.44
1046,0.42
1047,0.43
1048,0.46
1049,0.46
1050,0.42
1051,0.45
1052,0.45
1053,0.42
1054,0.43
1055,0.43
1056,0.43
1057,0.46
1058,0.44
1059,0.44
1060,0.44
1061,0.44
1062,0.44
1063,0.43
1064,0.43
1065,0.42
1066,0.44
1067,0.43
1068,0.43
1069,0.46
1070,0.46
1071,0.43
1072,0.45
1073,0.46
1074,0.45
1075,0.45
1076,0.44
1077,0.42
1078,0.44
1079,0.44
1080,0.45
1081,0.46
1082,0.43
1083,0.42
1084,0.45
1085,0.44
1086,0.42
1087,0.45
1088,0.42
1089,0.42
1090,0.46
1091,0.46
1092,0.45
1093,0.42
1094,0.44
1095,0.42
1096,0.44
1097,0.42
1098,0.43
1099,0.44
1100,0.46
1101,0.44
1102,0.44
1103,0.43
1104,0.45
1105,0.46
1106,0.45
1107,0.46
1108,0.45
1109,0.45
1110,0.43
1111,0.46
1112,0.45
1113,0.44
1114,0.44
1115,0.42
1116,0.45
1117,0.43
1118,0.42
1119,0.45
1120,0.44
1121,0.43
1122,0.45
1123,0.46
1124,0.45
1125,0.42
1126,0.45
1127,0.46
1128,0.46
1129,0.44
1130,0.46
1131,0.42
1132,0.45
1133,0.45
1134,0.44
1135,0.46
1136,0.45
1137,0.42
1138,0.45
1139,0.44
1140,0.43
1141,0.43
1142,0.42
1143,0.42
1144,0.43
1145,0.42
1146,0.42
1147,0.45
1148,0.43
1149,0.45
1150,0.43
1151,0.43
1152,0.44
1153,0.45
1154,0.46
1155,0.43
1156,0.42
1157,0.44
1158,0.45
1159,0.45
1160,0.42
1161,0.44
1162,0.45
1163,0.44
1164,0.46
1165,0.44
1166,0.42
1167,0.45
1168,0.44
1169,0.42
1170,0.46
1171,0.44
1172,0.43
1173,0.46
1174,0.45
1175,0.43
1176,0.43
1177,0.42
1178,0.44
1179,0.45
1180,0.45
1181,0.45
1182,0.43
1183,0.45
1184,0.43
1185,0.44
1186,0.46
1187,0.46
1188,0.43
1189,0.46
1190,0.44
1191,0.45
1192,0.46
1193,0.42
1194,0.46
1195,0.44
1196,0.43
1197,0.42
1198,0.45
1199,0.42
1200,0.45
1201,0.43
1202,0.44
1203,0.43
1204,0.44
1205,0.42
1206,0.45
1207,0.44
1208,0.45
1209,0.45
1210,0.43
1211,0.46
1212,0.45
1213,0.45
1214,0.45
1215,0.46
1216,0.43
1217,0.45
1218,0.43
1219,0.45
1220,0.44
1221,0.43
1222,0.44
1223,0.42
1224,0.44
1225,0.44
1226,0.45
1227,0.43
1228,0.46
1229,0.46
1230,0.43
1231,0.46
1232,0.42
1233,0.44
1234,0.42
1235,0.46
1236,0.43
1237,0.42
1238,0.44
1239,0.46
1240,0.45
1241,0.43
1242,0.44
1243,0.45
1244,0.46
1245,0.44
1246,0.44
1247,0.46
1248,0.42
1249,0.45
1250,0.43
1251,0.43
1252,0.43
1253,0.45
1254,0.46
1255,0.43
1256,0.46
1257,0.44
1258,0.43
1259,0.42
1260,0.42
1261,0.42
1262,0.44
1263,0.44
1264,0.42
1265,0.45
1266,0.46
1267,0.43
1268,0.46
1269,0.45
1270,0.46
1271,0.45
1272,0.45
1273,0.45
1274,0.44
1275,0.44
1276,0.42
1277,0.43
1278,0.42
1279,0.42
1280,0.44
1281,0.44
1282,0.45
1283,0.45
1284,0.44
1285,0.42
1286,0.43
1287,0.43
1288,0.42
1289,0.43
1290,0.42
1291,0.42
1292,0.43
1293,0.44
1294,0.44
1295,0.44
1296,0.44
1297,0.44
1298,0.45
1299,0.44
1300,0.43
1301,0.43
1302,0.44
1303,0.45
1304,0.44
1305,0.45
1306,0.43
1307,0.44
1308,0.43
1309,0.42
1310,0.43
1311,0.43
1312,0.43
1313,0.45
1314,0.46
1315,0.42
1316,0.45
1317,0.42
1318,0.43
1319,0.42
1320,0.44
1321,0.42
1322,0.44
1323,0.44
1324,0.45
1325,0.43
1326,0.44
1327,0.44
1328,0.45
1329,0.44
1330,0.46
1331,0.45
1332,0.44
1333,0.42
1334,0.44
1335,0.46
1336,0.45
1337,0.43
1338,0.43
1339,0.43
1340,0.46
1341,0.44
1342,0.42
1343,0.44
1344,0.44
1345,0.43
1346,0.45
1347,0.44
1348,0.45
1349,0.44
1350,0.44
1351,0.43
1352,0.43
1353,0.43
1354,0.46
1355,0.46
1356,0.43
1357,0.44
1358,0.44
1359,0.44
1360,0.46
1361,0.43
1362,0.42
1363,0.42
1364,0.43
1365,0.43
1366,0.42
1367,0.46
1368,0.44
1369,0.43
1370,0.46
1371,0.44
1372,0.45
1373,0.45
1374,0.45
1375,0.46
1376,0.46
1377,0.44
1378,0.43
1379,0.43
1380,0.45
1381,0.43
1382,0.45
1383,0.46
1384,0.45
1385,0.44
1386,0.45
1387,0.46
1388,0.45
1389,0.43
1390,0.45
1391,0.43
1392,0.46
1393,0.44
1394,0.44
1395,0.44
1396,0.44
1397,0.44
1398,0.46
1399,0.43
1400,0.43
1401,0.43
1402,0.44
1403,0.42
1404,0.43
1405,0.44
1406,0.44
1407,0.45
1408,0.44
1409,0.45
1410,0.44
1411,0.45
1412,0.46
1413,0.44
1414,0.45
1415,0.44
1416,0.45
1417,0.46
1418,0.45
1419,0.44
1420,0.46
1421,0.43
1422,0.44
1423,0.43
1424,0.46
1425,0.43
1426,0.43
1427,0.46
1428,0.46
1429,0.44
1430,0.46
1431,0.45
1432,0.42
1433,0.44
1434,0.44
1435,0.45
1436,0.43
1437,0.43
1438,0.46
1439,0.46
1440,0.45
1441,0.45
1442,0.45
1443,0.42
1444,0.46
1445,0.45
1446,0.43
1447,0.46
1448,0.43
1449,0.43
1450,0.44
1451,0.44
1452,0.44
1453,0.45
1454,0.46
1455,0.46
1456,0.42
1457,0.46
1458,0.42
1459,0.42
1460,0.43
1461,0.46
1462,0.43
1463,0.45
1464,0.46
1465,0.46
1466,0.42
1467,0.43
1468,0.44
1469,0.42
1470,0.43
1471,0.44
1472,0.45
1473,0.42
1474,0.46
1475,0.46
1476,0.46
1477,0.44
1478,0.42
1479,0.44
1480,0.42
1481,0.44
1482,0.43
1483,0.43
1484,0.42
1485,0.42
1486,0.45
1487,0.43
1488,0.45
1489,0.42
1490,0.42
1491,0.45
1492,0.45
1493,0.45
1494,0.46
1495,0.42
1496,0.42
1497,0.45
1498,0.46
1499,0.46
1500,0.42
1501,0.42
1502,0.46
1503,0.46
1504,0.45
1505,0.45
1506,0.44
1507,0.42
1508,0.44
1509,0.46
1510,0.45
1511,0.46
1512,0.42
1513,0.45
1514,0.46
1515,0.42
1516,0.44
1517,0.43
1518,0.44
1519,0.44
1520,0.43
1521,0.46
1522,0.44
1523,0.46
1524,0.46
1525,0.43
1526,0.45
1527,0.45
1528,0.46
1529,0.43
1530,0.43
1531,0.46
1532,0.45
1533,0.46
1534,0.42
1535,0.42
1536,0.45
1537,0.45
1538,0.44
1539,0.46
1540,0.44
1541,0.44
1542,0.46
1543,0.43
1544,0.43
1545,0.46
1546,0.42
1547,0.44
1548,0.46
1549,0.46
1550,0.45
1551,0.46
1552,0.46
1553,0.45
1554,0.44
1555,0.43
1556,0.45
1557,0.43
1558,0.44
1559,0.45
1560,0.46
1561,0.45
1562,0.43
1563,0.44
1564,0.42
1565,0.43
1566,0.43
1567,0.44
1568,0.45
1569,0.45
1570,0.42
1571,0.42
1572,0.43
1573,0.46
1574,0.46
1575,0.43
1576,0.43
1577,0.42
1578,0.42
1579,0.46
1580,0.44
1581,0.45
1582,0.45
1583,0.43
1584,0.44
1585,0.42
1586,0.44
1587,0.46
1588,0.43
1589,0.44
1590,0.43
1591,0.45
1592,0.42
1593,0.44
1594,0.44
1595,0.42
1596,0.46
1597,0.42
1598,0.44
1599,0.44
1600,0.44
1601,0.46
1602,0.45
1603,0.45
1604,0.46
1605,0.46
1606,0.42
1607,0.46
1608,0.45
1609,0.44
1610,0.44
1611,0.45
1612,0.46
1613,0.45
1614,0.43
1615,0.42
1616,0.45
1617,0.42
1618,0.42
1619,0.46
1620,0.42
1621,0.46
1622,0.42
1623,0.44
1624,0.45
1625,0.46
1626,0.42
1627,0.44
1628,0.46
1629,0.43
1630,0.45
1631,0.43
1632,0.44
1633,0.44
1634,0.44
1635,0.43
1636,0.44
1637,0.42
1638,0.45
1639,0.46
1640,0.43
1641,0.45
1642,0.46
1643,0.44
1644,0.43
1645,0.45
1646,0.46
1647,0.46
1648,0.46
1649,0.42
1650,0.43
1651,0.46
1652,0.45
1653,0.44
1654,0.43
1655,0.46
1656,0.43
1657,0.43
1658,0.44
1659,0.46
1660,0.45
1661,0.42
1662,0.42
1663,0.45
1664,0.44
1665,0.46
1666,0.46
1667,0.43
1668,0.46
1669,0.45
1670,0.45
1671,0.44
1672,0.42
1673,0.44
1674,0.42
1675,0.46
1676,0.45
1677,0.44
1678,0.46
1679,0.42
1680,0.44
1681,0.44
1682,0.42
1683,0.43
1684,0.46
1685,0.42
1686,0.42
1687,0.42
1688,0.45
1689,0.46
1690,0.43
1691,0.42
1692,0.46
1693,0.44
1694,0.45
1695,0.46
1696,0.44
1697,0.46
1698,0.44
1699,0.46
1700,0.42
1701,0.45
1702,0.44
1703,0.43
1704,0.46
1705,0.46
1706,0.45
1707,0.44
1708,0.42
1709,0.43
1710,0.45
1711,0.42
1712,0.43
1713,0.42
1714,0.44
1715,0.44
1716,0.46
1717,0.43
1718,0.44
1719,0.45
1720,0.46
1721,0.42
1722,0.43
1723,0.46
1724,0.43
1725,0.44
1726,0.43
1727,0.42
1728,0.42
1729,0.46
1730,0.44
1731,0.46
1732,0.43
1733,0.46
1734,0.43
1735,0.44
1736,0.44
1737,0.45
1738,0.46
1739,0.45
1740,0.45
1741,0.44
1742,0.44
1743,0.45
1744,0.43
1745,0.43
1746,0.45
1747,0.42
1748,0.45
1749,0.43
1750,0.42
1751,0.42
1752,0.45
1753,0.44
1754,0.44
1755,0.46
1756,0.46
1757,0.45
1758,0.44
1759,0.45
1760,0.44
1761,0.42
1762,0.44
1763,0.44
1764,0.44
1765,0.46
1766,0.46
1767,0.44
1768,0.42
1769,0.45
1770,0.45
1771,0.43
1772,0.44
1773,0.46
1774,0.46
1775,0.46
1776,0.43
1777,0.46
1778,0.43
1779,0.45
1780,0.44
1781,0.44
1782,0.43
1783,0.46
1784,0.43
1785,0.43
1786,0.42
1787,0.46
1788,0.43
1789,0.43
1790,0.43
1791,0.43
1792,0.45
1793,0.44
1794,0.46
1795,0.42
1796,0.42
1797,0.42
1798,0.43
1799,0.43
1800,0.46
1801,0.43
1802,0.46
1803,0.42
1804,0.45
1805,0.46
1806,0.46
1807,0.46
1808,0.44
1809,0.43
1810,0.43
1811,0.45
1812,0.44
1813,0.44
1814,0.45
1815,0.45
1816,0.45
1817,0.44
1818,0.45
1819,0.44
1820,0.42
1821,0.43
1822,0.44
1823,0.46
1824,0.45
1825,0.46
1826,0.43
1827,0.43
1828,0.43
1829,0.45
1830,0.42
1831,0.43
1832,0.45
1833,0.43
1834,0.45
1835,0.42
1836,0.46
1837,0.45
1838,0.44
1839,0.42
1840,0.44
1841,0.42
1842,0.42
1843,0.45
1844,0.46
1845,0.44
1846,0.46
1847,0.42
1848,0.43
1849,0.46
1850,0.43
1851,0.44
1852,0.42
1853,0.43
1854,0.43
1855,0.43
1856,0.46
1857,0.44
1858,0.44
1859,0.42
1860,0.45
1861,0.42
1862,0.43
1863,0.43
1864,0.44
1865,0.42
1866,0.42
1867,0.42
1868,0.43
1869,0.44
1870,0.45
1871,0.46
1872,0.44
1873,0.46
1874,0.43
1875,0.45
1876,0.43
1877,0.42
1878,0.46
1879,0.43
1880,0.44
1881,0.42
1882,0.45
1883,0.42
1884,0.43
1885,0.44
1886,0.44
1887,0.45
1888,0.44
1889,0.45
1890,0.43
1891,0.45
1892,0.46
1893,0.43
1894,0.42
1895,0.44
1896,0.46
1897,0.44
1898,0.45
1899,0.45
1900,0.46
1901,0.45
1902,0.46
1903,0.45
1904,0.42
1905,0.43
1906,0.44
1907,0.46
1908,0.43
1909,0.43
1910,0.43
1911,0.46
1912,0.43
1913,0.42
1914,0.45
1915,0.43
1916,0.42
1917,0.44
1918,0.46
1919,0.44
1920,0.45
1921,0.44
1922,0.42
1923,0.42
1924,0.44
1925,0.43
1926,0.44
1927,0.46
1928,0.46
1929,0.45
1930,0.45
1931,0.42
1932,0.42
1933,0.46
1934,0.45
1935,0.45
1936,0.45
1937,0.44
1938,0.46
1939,0.43
1940,0.46
1941,0.42
1942,0.46
1943,0.44
1944,0.42
1945,0.46
1946,0.43
1947,0.44
1948,0.42
1949,0.42
1950,0.42
1951,0.46
1952,0.42
1953,0.43
1954,0.43
1955,0.46
1956,0.42
1957,0.46
1958,0.45
1959,0.44
1960,0.45
1961,0.44
1962,0.46
1963,0.43
1964,0.46
1965,0.43
1966,0.42
1967,0.42
1968,0.44
1969,0.45
1970,0.42
1971,0.44
1972,0.45
1973,0.46
1974,0.45
1975,0.45
1976,0.45
1977,0.44
1978,0.45
1979,0.42
1980,0.44
1981,0.45
1982,0.43
1983,0.43
1984,0.45
1985,0.42
1986,0.46
1987,0.46
1988,0.46
1989,0.44
1990,0.46
1991,0.44
1992,0.46
1993,0.46
1994,0.44
1995,0.45
1996,0.42
1997,0.44
1998,0.46
1999,0.42
2000,0.42
2001,0.42
2002,0.43
2003,0.46
2004,0.44
2005,0.46
2006,0.43
2007,0.43
2008,0.43
2009,0.46
2010,0.44
2011,0.46
2012,0.44
2013,0.43
2014,0.44
2015,0.42
2016,0.42
2017,0.42
2018,0.45
2019,0.44
2020,0.46
2021,0.46
2022,0.46
2023,0.42
2024,0.45
2025,0.46
2026,0.42
2027,0.45
2028,0.43
2029,0.46
2030,0.46
2031,0.42
2032,0.46
2033,0.45
2034,0.42
2035,0.42
2036,0.43
2037,0.44
2038,0.42
2039,0.44
2040,0.45
2041,0.45
2042,0.44
2043,0.44
2044,0.44
2045,0.44
2046,0.44
2047,0.44
2048,0.42
2049,0.42
2050,0.46
2051,0.43
2052,0.43
2053,0.44
2054,0.45
2055,0.46
2056,0.44
2057,0.44
2058,0.46
2059,0.46
2060,0.46
2061,0.44
2062,0.44
2063,0.45
2064,0.46
2065,0.46
2066,0.45
2067,0.45
2068,0.46
2069,0.46
2070,0.46
2071,0.46
2072,0.44
2073,0.45
2074,0.43
2075,0.45
2076,0.46
2077,0.44
2078,0.45
2079,0.45
2080,0.46
2081,0.44
2082,0.45
2083,0.43
2084,0.46
2085,0.42
2086,0.42
2087,0.43
2088,0.43
2089,0.44
2090,0.44
2091,0.46
2092,0.43
2093,0.43
2094,0.46
2095,0.42
2096,0.44
2097,0.46
2098,0.44
2099,0.45
2100,0.45
2101,0.43
2102,0.45
2103,0.44
2104,0.42
2105,0.44
2106,0.44
2107,0.44
2108,0.42
2109,0.46
2110,0.46
2111,0.44
2112,0.46
2113,0.46
2114,0.46
2115,0.45
2116,0.45
2117,0.45
2118,0.45
2119,0.44
2120,0.42
2121,0.46
2122,0.46
2123,0.42
2124,0.45
2125,0.45
2126,0.43
2127,0.46
2128,0.45
2129,0.46
2130,0.46
2131,0.46
2132,0.42
2133,0.46
2134,0.45
2135,0.46
2136,0.42
2137,0.46
2138,0.43
2139,0.45
2140,0.46
2141,0.44
2142,0.42
2143,0.43
2144,0.42
2145,0.45
2146,0.43
2147,0.45
2148,0.42
2149,0.42
2150,0.43
2151,0.46
2152,0.45
2153,0.43
2154,0.45
2155,0.43
2156,0.44
2157,0.42
2158,0.45
2159,0.45
2160,0.43
2161,0.43
2162,0.45
2163,0.44
2164,0.42
2165,0.44
2166,0.44
2167,0.46
2168,0.43
2169,0.46
2170,0.45
2171,0.45
2172,0.43
2173,0.44
2174,0.44
2175,0.43
2176,0.42
2177,0.44
2178,0.45
2179,0.42
2180,0.45
2181,0.46
2182,0.45
2183,0.42
2184,0.43
2185,0.44
2186,0.46
2187,0.44
2188,0.42
2189,0.42
2190,0.44
2191,0.46
2192,0.46
2193,0.42
2194,0.46
2195,0.46
2196,0.44
2197,0.45
2198,0.46
2199,0.45
2200,0.43
2201,0.43
2202,0.46
2203,0.43
2204,0.42
2205,0.43
2206,0.44
2207,0.45
2208,0.46
2209,0.45
2210,0.42
2211,0.45
2212,0.43
2213,0.44
2214,0.43
2215,0.46
2216,0.45
2217,0.42
2218,0.45
2219,0.42
2220,0.43
2221,0.45
2222,0.44
2223,0.42
2224,0.42
2225,0.45
2226,0.42
2227,0.43
2228,0.44
2229,0.44
2230,0.43
2231,0.43
2232,0.46
2233,0.42
2234,0.44
2235,0.45
2236,0.42
2237,0.44
2238,0.42
2239,0.46
2240,0.43
2241,0.44
2242,0.42
2243,0.44
2244,0.44
2245,0.46
2246,0.43
2247,0.45
2248,0.44
2249,0.43
2250,0.45
2251,0.43
2252,0.44
2253,0.45
2254,0.46
2255,0.43
2256,0.46
2257,0.42
2258,0.46
2259,0.46
2260,0.46
2261,0.46
2262,0.45
2263,0.42
2264,0.46
2265,0.45
2266,0.45
2267,0.43
2268,0.45
2269,0.43
2270,0.42
2271,0.44
2272,0.44
2273,0.43
2274,0.44
2275,0.43
2276,0.42
2277,0.46
2278,0.44
2279,0.44
2280,0.46
2281,0.42
2282,0.42
2283,0.42
2284,0.45
2285,0.44
2286,0.46
2287,0.46
2288,0.44
2289,0.43
2290,0.42
2291,0.45
2292,0.45
2293,0.46
2294,0.45
2295,0.46
2296,0.46
2297,0.44
2298,0.43
2299,0.45
2300,0.46
2301,0.45
2302,0.43
2303,0.46
2304,0.43
2305,0.43
2306,0.42
2307,0.44
2308,0.43
2309,0.44
2310,0.42
2311,0.44
2312,0.44
2313,0.43
2314,0.44
2315,0.42
2316,0.45
2317,0.45
2318,0.45
2319,0.44
2320,0.44
2321,0.45
2322,0.42
2323,0.44
2324,0.44
2325,0.45
2326,0.42
2327,0.43
2328,0.45
2329,0.44
2330,0.42
2331,0.42
2332,0.45
2333,0.44
2334,0.45
2335,0.46
2336,0.43
2337,0.45
2338,0.44
2339,0.44
2340,0.42
2341,0.45
2342,0.44
2343,0.44
2344,0.44
2345,0.42
2346,0.46
2347,0.42
2348,0.45
2349,0.45
2350,0.46
2351,0.45
2352,0.46
2353,0.44
2354,0.46
2355,0.43
2356,0.42
2357,0.44
2358,0.43
2359,0.42
2360,0.43
2361,0.46
2362,0.42
2363,0.42
2364,0.46
2365,0.43
2366,0.44
2367,0.42
2368,0.42
2369,0.45
2370,0.43
2371,0.44
2372,0.45
2373,0.44
2374,0.44
2375,0.46
2376,0.42
2377,0.44
2378,0.44
2379,0.45
2380,0.46
2381,0.43
2382,0.42
2383,0.46
2384,0.43
2385,0.46
2386,0.44
2387,0.42
2388,0.45
2389,0.43
2390,0.43
2391,0.43
2392,0.44
2393,0.43
2394,0.43
2395,0.46
2396,0.44
2397,0.46
2398,0.44
2399,0.45
2400,0.45
2401,0.43
2402,0.46
2403,0.44
2404,0.43
2405,0.44
2406,0.46
2407,0.45
2408,0.45
2409,0.45
2410,0.44
2411,0.45
2412,0.43
2413,0.43
2414,0.44
2415,0.44
2416,0.46
2417,0.43
2418,0.44
2419,0.43
2420,0.46
2421,0.46
2422,0.42
2423,0.43
2424,0.44
2425,0.46
2426,0.44
2427,0.45
2428,0.43
2429,0.44
2430,0.45
2431,0.46
2432,0.46
2433,0.45
2434,0.42
2435,0.42
2436,0.44
2437,0.46
2438,0.45
2439,0.44
2440,0.42
2441,0.44
2442,0.43
2443,0.46
2444,0.43
2445,0.43
2446,0.46
2447,0.45
2448,0.44
2449,0.44
2450,0.43
2451,0.45
2452,0.43
2453,0.45
2454,0.43
2455,0.44
2456,0.46
2457,0.44
2458,0.45
2459,0.46
2460,0.46
2461,0.45
2462,0.43
2463,0.45
2464,0.44
2465,0.42
2466,0.46
2467,0.46
2468,0.42
2469,0.42
2470,0.45
2471,0.42
2472,0.46
2473,0.44
2474,0.45
2475,0.44
2476,0.44
2477,0.45
2478,0.44
2479,0.44
2480,0.43
2481,0.45
2482,0.43
2483,0.45
2484,0.44
2485,0.42
2486,0.45
2487,0.42
2488,0.44
2489,0.43
2490,0.42
2491,0.43
2492,0.44
2493,0.45
2494,0.42
2495,0.42
2496,0.42
2497,0.42
2498,0.43
2499,0.45
2500,0.42
2501,0.46
2502,0.46
2503,0.42
2504,0.43
2505,0.45
2506,0.43
2507,0.45
2508,0.42
2509,0.44
2510,0.42
2511,0.46
2512,0.42
2513,0.42
2514,0.44
2515,0.46
2516,0.42
2517,0.44
2518,0.42
2519,0.43
2520,0.42
2521,0.45
2522,0.45
2523,0.44
2524,0.44
2525,0.45
2526,0.46
2527,0.46
2528,0.44
2529,0.45
2530,0.43
2531,0.42
2532,0.46
2533,0.46
2534,0.44
2535,0.43
2536,0.42
2537,0.45
2538,0.46
2539,0.43
2540,0.42
2541,0.43
2542,0.43
2543,0.42
2544,0.45
2545,0.46
2546,0.46
2547,0.42
2548,0.42
2549,0.45
2550,0.46
2551,0.46
2552,0.46
2553,0.45
2554,0.42
2555,0.44
2556,0.42
2557,0.44
2558,0.45
2559,0.42
2560,0.45
2561,0.43
2562,0.44
2563,0.42
2564,0.46
2565,0.44
2566,0.42
2567,0.44
2568,0.46
2569,0.43
2570,0.44
2571,0.44
2572,0.46
2573,0.42
2574,0.43
2575,0.45
2576,0.46
2577,0.45
2578,0.42
2579,0.44
2580,0.43
2581,0.42
2582,0.43
2583,0.42
2584,0.44
2585,0.44
2586,0.45
2587,0.46
2588,0.46
2589,0.42
2590,0.42
2591,0.45
2592,0.45
2593,0.46
2594,0.42
2595,0.42
2596,0.44
2597,0.46
2598,0.42
2599,0.42
2600,0.44
2601,0.46
2602,0.42
2603,0.44
2604,0.46
2605,0.45
2606,0.43
2607,0.45
2608,0.45
2609,0.44
2610,0.44
2611,0.44
2612,0.46
2613,0.45
2614,0.45
2615,0.42
2616,0.44
2617,0.46
2618,0.44
2619,0.43
2620,0.46
2621,0.42
2622,0.44
2623,0.45
2624,0.46
2625,0.46
2626,0.43
2627,0.43
2628,0.46
2629,0.44
2630,0.42
2631,0.45
2632,0.42
2633,0.45
2634,0.42
2635,0.43
2636,0.42
2637,0.44
2638,0.42
2639,0.45
2640,0.42
2641,0.44
2642,0.44
2643,0.42
2644,0.46
2645,0.45
2646,0.46
2647,0.45
2648,0.43
2649,0.44
2650,0.44
2651,0.46
2652,0.46
2653,0.45
2654,0.43
2655,0.46
2656,0.45
2657,0.44
2658,0.42
2659,0.44
2660,0.45
2661,0.43
2662,0.44
2663,0.42
2664,0.42
2665,0.46
2666,0.46
2667,0.43
2668,0.46
2669,0.43
2670,0.44
2671,0.43
2672,0.46
2673,0.44
2674,0.45
2675,0.46
2676,0.45
2677,0.45
2678,0.42
2679,0.45
2680,0.44
2681,0.42
2682,0.45
2683,0.45
2684,0.43
2685,0.43
2686,0.45
2687,0.46
2688,0.45
2689,0.43
2690,0.44
2691,0.42
2692,0.42
2693,0.43
2694,0.42
2695,0.43
2696,0.42
2697,0.45
2698,0.46
2699,0.44
2700,0.44
2701,0.42
2702,0.45
2703,0.44
2704,0.44
2705,0.43
2706,0.45
2707,0.45
2708,0.46
2709,0.43
2710,0.45
2711,0.42
2712,0.44
2713,0.44
2714,0.46
2715,0.44
2716,0.43
2717,0.45
2718,0.43
2719,0.43
2720,0.45
2721,0.44
2722,0.43
2723,0.43
2724,0.45
2725,0.44
2726,0.45
2727,0.44
2728,0.46
2729,0.46
2730,0.44
2731,0.44
2732,0.42
2733,0.43
2734,0.42
2735,0.46
2736,0.45
2737,0.43
2738,0.43
2739,0.44
2740,0.46
2741,0.45
2742,0.42
2743,0.42
2744,0.46
2745,0.42
2746,0.46
2747,0.44
2748,0.44
2749,0.46
2750,0.46
2751,0.46
2752,0.46
2753,0.46
2754,0.45
2755,0.46
2756,0.44
2757,0.45
2758,0.43
2759,0.43
2760,0.42
2761,0.45
2762,0.43
2763,0.42
2764,0.44
2765,0.44
2766,0.42
2767,0.46
2768,0.46
2769,0.45
2770,0.44
2771,0.44
2772,0.44
2773,0.44
2774,0.42
2775,0.46
2776,0.46
2777,0.45
2778,0.46
2779,0.45
2780,0.42
2781,0.44
2782,0.44
2783,0.43
2784,0.44
2785,0.44
2786,0.45
2787,0.43
2788,0.44
2789,0.42
2790,0.44
2791,0.43
2792,0.42
2793,0.43
2794,0.43
2795,0.43
2796,0.43
2797,0.44
2798,0.46
2799,0.43
2800,0.42
2801,0.42
2802,0.46
2803,0.44
2804,0.42
2805,0.44
2806,0.46
2807,0.45
2808,0.43
2809,0.46
2810,0.43
2811,0.45
2812,0.43
2813,0.46
2814,0.44
2815,0.42
2816,0.42
2817,0.42
2818,0.46
2819,0.44
2820,0.43
2821,0.43
2822,0.45
2823,0.43
2824,0.45
2825,0.45
2826,0.44
2827,0.44
2828,0.46
2829,0.46
2830,0.44
2831,0.43
2832,0.43
2833,0.43
2834,0.46
2835,0.43
2836,0.44
2837,0.43
2838,0.43
2839,0.42
2840,0.45
2841,0.45
2842,0.43
2843,0.44
2844,0.45
2845,0.43
2846,0.45
2847,0.45
2848,0.45
2849,0.43
2850,0.42
2851,0.42
2852,0.44
2853,0.46
2854,0.46
2855,0.43
2856,0.46
2857,0.44
2858,0.42
2859,0.45
2860,0.45
2861,0.43
2862,0.44
2863,0.42
2864,0.44
2865,0.43
2866,0.42
2867,0.45
2868,0.42
2869,0.42
2870,0.44
2871,0.45
2872,0.44
2873,0.46
2874,0.42
2875,0.44
2876,0.43
2877,0.46
2878,0.44
2879,0.46
2880,0.43
2881,0.42
2882,0.43
2883,0.45
2884,0.46
2885,0.42
2886,0.43
2887,0.42
2888,0.42
2889,0.44
2890,0.45
2891,0.46
2892,0.44
2893,0.46
2894,0.44
2895,0.43
2896,0.46
2897,0.42
2898,0.45
2899,0.42
2900,0.43
2901,0.44
2902,0.42
2903,0.42
2904,0.43
2905,0.45
2906,0.43
2907,0.43
2908,0.45
2909,0.45
2910,0.44
2911,0.44
2912,0.45
2913,0.42
2914,0.46
2915,0.46
2916,0.43
2917,0.42
2918,0.45
2919,0.46
2920,0.45
2921,0.45
2922,0.42
2923,0.44
2924,0.44
2925,0.46
2926,0.44
2927,0.44
2928,0.46
2929,0.44
2930,0.44
2931,0.42
2932,0.43
2933,0.45
2934,0.44
2935,0.42
2936,0.43
2937,0.46
2938,0.45
2939,0.44
2940,0.46
2941,0.43
2942,0.42
2943,0.45
2944,0.44
2945,0.45
2946,0.46
2947,0.45
2948,0.45
2949,0.45
2950,0.43
2951,0.43
2952,0.42
2953,0.42
2954,0.45
2955,0.44
2956,0.42
2957,0.42
2958,0.46
2959,0.46
2960,0.45
2961,0.46
2962,0.43
2963,0.44
2964,0.42
2965,0.46
2966,0.44
2967,0.45
2968,0.44
2969,0.46
2970,0.44
2971,0.42
2972,0.43
2973,0.45
2974,0.45
2975,0.42
2976,0.46
2977,0.46
2978,0.43
2979,0.44
2980,0.43
2981,0.46
2982,0.43
2983,0.44
2984,0.43
2985,0.45
2986,0.45
2987,0.43
2988,0.44
2989,0.44
2990,0.42
2991,0.44
2992,0.42
2993,0.46
2994,0.42
2995,0.43
2996,0.44
2997,0.42
2998,0.45
2999,0.44
3000,0.45
3001,0.43
3002,0.46
3003,0.43
3004,0.44
3005,0.42
3006,0.44
3007,0.46
3008,0.45
3009,0.43
3010,0.45
3011,0.42
3012,0.42
3013,0.43
3014,0.42
3015,0.44
3016,0.43
3017,0.46
3018,0.44
3019,0.43
3020,0.42
3021,0.45
3022,0.44
3023,0.45
3024,0.43
3025,0.42
3026,0.45
3027,0.45
3028,0.46
3029,0.42
3030,0.43
3031,0.46
3032,0.46
3033,0.46
3034,0.42
3035,0.45
3036,0.42
3037,0.44
3038,0.43
3039,0.45
3040,0.42
3041,0.46
3042,0.43
3043,0.43
3044,0.42
3045,0.44
3046,0.45
3047,0.43
3048,0.44
3049,0.43
3050,0.42
3051,0.44
3052,0.43
3053,0.42
3054,0.42
3055,0.43
3056,0.44
3057,0.46
3058,0.44
3059,0.45
3060,0.45
3061,0.42
3062,0.45
3063,0.46
3064,0.44
3065,0.42
3066,0.45
3067,0.43
3068,0.42
3069,0.44
3070,0.46
3071,0.44
3072,0.46
3073,0.46
3074,0.46
3075,0.45
3076,0.46
3077,0.45
3078,0.42
3079,0.44
3080,0.43
3081,0.46
3082,0.45
3083,0.45
3084,0.46
3085,0.45
3086,0.46
3087,0.44
3088,0.42
3089,0.42
3090,0.46
3091,0.45
3092,0.45
3093,0.46
3094,0.45
3095,0.42
3096,0.45
3097,0.43
3098,0.45
3099,0.44
3100,0.44
3101,0.44
3102,0.44
3103,0.45
3104,0.46
3105,0.45
3106,0.45
3107,0.46
3108,0.43
3109,0.42
3110,0.46
3111,0.42
3112,0.42
3113,0.44
3114,0.42
3115,0.46
3116,0.45
3117,0.42
3118,0.43
3119,0.42
3120,0.46
3121,0.43
3122,0.42
3123,0.42
3124,0.45
3125,0.42
3126,0.42
3127,0.45
3128,0.43
3129,0.45
3130,0.43
3131,0.45
3132,0.43
3133,0.44
3134,0.42
3135,0.43
3136,0.46
3137,0.42
3138,0.43
3139,0.43
3140,0.46
3141,0.45
3142,0.43
3143,0.43
3144,0.43
3145,0.46
3146,0.46
3147,0.43
3148,0.42
3149,0.42
3150,0.45
3151,0.42
3152,0.43
3153,0.45
3154,0.42
3155,0.42
3156,0.43
3157,0.45
3158,0.42
3159,0.42
3160,0.44
3161,0.42
3162,0.42
3163,0.45
3164,0.46
3165,0.43
3166,0.43
3167,0.46
3168,0.46
3169,0.46
3170,0.42
3171,0.45
3172,0.46
3173,0.42
3174,0.42
3175,0.43
3176,0.46
3177,0.44
3178,0.45
3179,0.43
3180,0.43
3181,0.43
3182,0.42
3183,0.44
3184,0.42
3185,0.46
3186,0.44
3187,0.45
3188,0.43
3189,0.44
3190,0.44
3191,0.46
3192,0.45
3193,0.44
3194,0.43
3195,0.43
3196,0.46
3197,0.46
3198,0.45
3199,0.45
3200,0.44
3201,0.43
3202,0.42
3203,0.45
3204,0.44
3205,0.44
3206,0.42
3207,0.44
3208,0.45
3209,0.46
3210,0.45
3211,0.45
3212,0.44
3213,0.45
3214,0.45
3215,0.44
3216,0.42
3217,0.42
3218,0.44
3219,0.42
3220,0.46
3221,0.45
3222,0.44
3223,0.44
3224,0.43
3225,0.44
3226,0.45
3227,0.42
3228,0.44
3229,0.42
3230,0.46
3231,0.46
3232,0.44
3233,0.44
3234,0.42
3235,0.42
3236,0.44
3237,0.43
3238,0.45
3239,0.46
3240,0.43
3241,0.46
3242,0.44
3243,0.43
3244,0.45
3245,0.43
3246,0.46
3247,0.42
3248,0.43
3249,0.43
3250,0.42
3251,0.44
3252,0.44
3253,0.46
3254,0.45
3255,0.42
3256,0.45
3257,0.45
3258,0.42
3259,0.43
3260,0.43
3261,0.43
3262,0.43
3263,0.43
3264,0.46
3265,0.46
3266,0.45
3267,0.44
3268,0.44
3269,0.45
3270,0.43
3271,0.42
3272,0.42
3273,0.46
3274,0.44
3275,0.46
3276,0.45
3277,0.46
3278,0.46
3279,0.42
3280,0.43
3281,0.45
3282,0.45
3283,0.42
3284,0.44
3285,0.45
3286,0.42
3287,0.45
3288,0.46
3289,0.43
3290,0.44
3291,0.45
3292,0.44
3293,0.44
3294,0.44
3295,0.43
3296,0.43
3297,0.44
3298,0.44
3299,0.46
3300,0.46
3301,0.45
3302,0.42
3303,0.42
3304,0.45
3305,0.46
3306,0.44
3307,0.46
3308,0.44
3309,0.46
3310,0.44
3311,0.45
3312,0.46
3313,0.45
3314,0.43
3315,0.46
3316,0.44
3317,0.42
3318,0.42
3319,0.43
3320,0.45
3321,0.42
3322,0.44
3323,0.46
3324,0.44
3325,0.42
3326,0.44
3327,0.46
3328,0.45
3329,0.42
3330,0.45
3331,0.45
3332,0.42
3333,0.45
3334,0.45
3335,0.45
3336,0.46
3337,0.46
3338,0.45
3339,0.46
3340,0.42
3341,0.44
3342,0.45
3343,0.43
3344,0.43
3345,0.46
3346,0.42
3347,0.43
3348,0.42
3349,0.46
3350,0.43
3351,0.45
3352,0.45
3353,0.46
3354,0.46
3355,0.45
3356,0.42
3357,0.45
3358,0.43
3359,0.46
3360,0.42
3361,0.46
3362,0.42
3363,0.43
3364,0.45
3365,0.43
3366,0.46
3367,0.43
3368,0.46
3369,0.43
3370,0.43
3371,0.45
3372,0.46
3373,0.46
3374,0.45
3375,0.44
3376,0.45
3377,0.45
3378,0.42
3379,0.42
3380,0.45
3381,0.46
3382,0.45
3383,0.43
3384,0.44
3385,0.46
3386,0.42
3387,0.45
3388,0.45
3389,0.45
3390,0.45
3391,0.44
3392,0.45
3393,0.44
3394,0.45
3395,0.46
3396,0.45
3397,0.43
3398,0.46
3399,0.42
3400,0.46
3401,0.44
3402,0.44
3403,0.43
3404,0.43
3405,0.44
3406,0.46
3407,0.43
3408,0.46
3409,0.45
3410,0.45
3411,0.45
3412,0.46
3413,0.44
3414,0.42
3415,0.43
3416,0.45
3417,0.45
3418,0.43
3419,0.43
3420,0.44
3421,0.44
3422,0.45
3423,0.44
3424,0.45
3425,0.43
3426,0.45
3427,0.42
3428,0.45
3429,0.43
3430,0.42
3431,0.46
3432,0.46
3433,0.45
3434,0.43
3435,0.45
3436,0.45
3437,0.42
3438,0.43
3439,0.44
3440,0.46
3441,0.46
3442,0.44
3443,0.43
3444,0.46
3445,0.45
3446,0.46
3447,0.46
3448,0.42
3449,0.44
3450,0.44
3451,0.45
3452,0.42
3453,0.46
3454,0.46
3455,0.45
3456,0.45
3457,0.45
3458,0.43
3459,0.46
3460,0.44
3461,0.42
3462,0.43
3463,0.44
3464,0.42
3465,0.45
3466,0.42
3467,0.44
3468,0.45
3469,0.44
3470,0.46
3471,0.44
3472,0.44
3473,0.43
3474,0.42
3475,0.46
3476,0.42
3477,0.44
3478,0.46
3479,0.42
3480,0.44
3481,0.46
3482,0.46
3483,0.43
3484,0.46
3485,0.46
3486,0.43
3487,0.44
3488,0.42
3489,0.45
3490,0.42
3491,0.44
3492,0.45
3493,0.46
3494,0.45
3495,0.43
3496,0.42
3497,0.44
3498,0.44
3499,0.44
3500,0.45
3501,0.46
3502,0.46
3503,0.43
3504,0.43
3505,0.42
3506,0.46
3507,0.45
3508,0.43
3509,0.46
3510,0.42
3511,0.46
3512,0.45
3513,0.44
3514,0.45
3515,0.45
3516,0.45
3517,0.44
3518,0.45
3519,0.44
3520,0.43
3521,0.44
3522,0.43
3523,0.46
3524,0.43
3525,0.43
3526,0.46
3527,0.44
3528,0.43
3529,0.42
3530,0.44
3531,0.46
3532,0.45
3533,0.42
3534,0.43
3535,0.45
3536,0.44
3537,0.42
3538,0.45
3539,0.46
3540,0.43
3541,0.43
3542,0.44
3543,0.45
3544,0.46
3545,0.43
3546,0.45
3547,0.45
3548,0.42
3549,0.44
3550,0.44
3551,0.43
3552,0.46
3553,0.43
3554,0.46
3555,0.44
3556,0.46
3557,0.46
3558,0.43
3559,0.42
3560,0.42
3561,0.42
3562,0.46
3563,0.44
3564,0.43
3565,0.45
3566,0.45
3567,0.42
3568,0.46
3569,0.42
3570,0.42
3571,0.46
3572,0.42
3573,0.42
3574,0.42
3575,0.46
3576,0.43
3577,0.46
3578,0.46
3579,0.46
3580,0.43
3581,0.46
3582,0.45
3583,0.45
3584,0.46
3585,0.42
3586,0.42
3587,0.44
3588,0.46
3589,0.44
3590,0.46
3591,0.42
3592,0.44
3593,0.42
3594,0.42
3595,0.42
3596,0.46
3597,0.42
3598,0.44
3599,0.46
3600,0.45
3601,0.45
3602,0.46
3603,0.43
3604,0.44
3605,0.42
3606,0.43
3607,0.42
3608,0.44
3609,0.44
3610,0.43
3611,0.42
3612,0.42
3613,0.46
3614,0.44
3615,0.45
3616,0.43
3617,0.45
3618,0.44
3619,0.46
3620,0.42
3621,0.44
3622,0.44
3623,0.45
3624,0.42
3625,0.43
3626,0.43
3627,0.45
3628,0.45
3629,0.46
3630,0.44
3631,0.45
3632,0.44
3633,0.46
3634,0.46
3635,0.42
3636,0.42
3637,0.42
3638,0.45
3639,0.42
3640,0.42
3641,0.45
3642,0.42
3643,0.42
3644,0.43
3645,0.45
3646,0.46
3647,0.45
3648,0.44
3649,0.45
3650,0.43
3651,0.45
3652,0.42
3653,0.43
3654,0.43
3655,0.46
3656,0.44
3657,0.45
3658,0.43
3659,0.43
3660,0.42
3661,0.44
3662,0.44
3663,0.46
3664,0.46
3665,0.42
3666,0.43
3667,0.45
3668,0.42
3669,0.45
3670,0.42
3671,0.45
3672,0.43
3673,0.43
3674,0.46
3675,0.45
3676,0.46
3677,0.46
3678,0.46
3679,0.44
3680,0.46
3681,0.46
3682,0.45
3683,0.43
3684,0.43
3685,0.45
3686,0.42
3687,0.46
3688,0.43
3689,0.44
3690,0.46
3691,0.45
3692,0.45
3693,0.46
3694,0.46
3695,0.46
3696,0.42
3697,0.42
3698,0.42
3699,0.45
3700,0.42
3701,0.42
3702,0.42
3703,0.44
3704,0.45
3705,0.45
3706,0.44
3707,0.45
3708,0.44
3709,0.45
3710,0.44
3711,0.45
3712,0.44
3713,0.45
3714,0.44
3715,0.42
3716,0.42
3717,0.46
3718,0.42
3719,0.45
3720,0.45
3721,0.44
3722,0.44
3723,0.43
3724,0.46
3725,0.46
3726,0.45
3727,0.42
3728,0.42
3729,0.46
3730,0.46
3731,0.45
3732,0.45
3733,0.43
3734,0.43
3735,0.45
3736,0.44
3737,0.45
3738,0.44
3739,0.43
3740,0.45
3741,0.46
3742,0.42
3743,0.43
3744,0.42
3745,0.45
3746,0.45
3747,0.46
3748,0.43
3749,0.42
3750,0.43
3751,0.42
3752,0.44
3753,0.45
3754,0.44
3755,0.44
3756,0.43
3757,0.43
3758,0.44
3759,0.46
3760,0.45
3761,0.43
3762,0.44
3763,0.46
3764,0.45
3765,0.43
3766,0.42
3767,0.43
3768,0.45
3769,0.43
3770,0.46
3771,0.46
3772,0.42
3773,0.45
3774,0.44
3775,0.42
3776,0.44
3777,0.43
3778,0.45
3779,0.43
3780,0.42
3781,0.46
3782,0.44
3783,0.42
3784,0.45
3785,0.46
3786,0.46
3787,0.45
3788,0.44
3789,0.46
3790,0.46
3791,0.45
3792,0.44
3793,0.42
3794,0.46
3795,0.46
3796,0.43
3797,0.43
3798,0.46
3799,0.45
3800,0.45
3801,0.43
3802,0.43
3803,0.42
3804,0.45
3805,0.42
3806,0.44
3807,0.44
3808,0.46
3809,0.42
3810,0.46
3811,0.46
3812,0.43
3813,0.45
3814,0.45
3815,0.46
3816,0.46
3817,0.45
3818,0.44
3819,0.46
3820,0.44
3821,0.45
3822,0.44
3823,0.45
3824,0.45
3825,0.42
3826,0.46
3827,0.43
3828,0.45
3829,0.43
3830,0.44
3831,0.46
3832,0.45
3833,0.42
3834,0.43
3835,0.46
3836,0.46
3837,0.44
3838,0.44
3839,0.44
3840,0.44
3841,0.46
3842,0.46
3843,0.45
3844,0.45
3845,0.45
3846,0.42
3847,0.42
3848,0.45
3849,0.42
3850,0.46
3851,0.45
3852,0.44
3853,0.45
3854,0.45
3855,0.45
3856,0.46
3857,0.43
3858,0.43
3859,0.46
3860,0.42
3861,0.43
3862,0.46
3863,0.44
3864,0.42
3865,0.46
3866,0.42
3867,0.42
3868,0.42
3869,0.44
3870,0.43
3871,0.42
3872,0.44
3873,0.46
3874,0.45
3875,0.46
3876,0.45
3877,0.44
3878,0.44
3879,0.42
3880,0.45
3881,0.46
3882,0.45
3883,0.43
3884,0.43
3885,0.46
3886,0.44
3887,0.45
3888,0.44
3889,0.44
3890,0.44
3891,0.44
3892,0.45
3893,0.45
3894,0.44
3895,0.44
3896,0.42
3897,0.46
3898,0.44
3899,0.46
3900,0.42
3901,0.43
3902,0.46
3903,0.46
3904,0.46
3905,0.43
3906,0.44
3907,0.46
3908,0.46
3909,0.45
3910,0.46
3911,0.45
3912,0.46
3913,0.43
3914,0.44
3915,0.44
3916,0.45
3917,0.46
3918,0.45
3919,0.44
3920,0.43
3921,0.44
3922,0.43
3923,0.44
3924,0.45
3925,0.42
3926,0.45
3927,0.45
3928,0.44
3929,0.45
3930,0.46
3931,0.44
3932,0.42
3933,0.43
3934,0.45
3935,0.46
3936,0.45
3937,0.44
3938,0.46
3939,0.43
3940,0.46
3941,0.45
3942,0.42
3943,0.46
3944,0.43
3945,0.43
3946,0.43
3947,0.46
3948,0.45
3949,0.43
3950,0.45
3951,0.43
3952,0.44
3953,0.45
3954,0.42
3955,0.46
3956,0.46
3957,0.42
3958,0.42
3959,0.46
3960,0.45
3961,0.42
3962,0.46
3963,0.43
3964,0.44
3965,0.46
3966,0.43
3967,0.42
3968,0.44
3969,0.43
3970,0.46
3971,0.46
3972,0.42
3973,0.44
3974,0.43
3975,0.42
3976,0.45
3977,0.42
3978,0.45
3979,0.45
3980,0.44
3981,0.45
3982,0.46
3983,0.45
3984,0.42
3985,0.46
3986,0.43
3987,0.42
3988,0.44
3989,0.46
3990,0.45
3991,0.46
3992,0.46
3993,0.45
3994,0.46
3995,0.43
3996,0.44
3997,0.43
3998,0.43
3999,0.46
4000,0.43
4001,0.44
4002,0.42
4003,0.43
4004,0.46
4005,0.44
4006,0.43
4007,0.45
4008,0.45
4009,0.43
4010,0.44
4011,0.42
4012,0.46
4013,0.46
4014,0.46
4015,0.46
4016,0.46
4017,0.45
4018,0.45
4019,0.43
4020,0.44
4021,0.43
4022,0.44
4023,0.44
4024,0.42
4025,0.46
4026,0.42
4027,0.43
4028,0.45
4029,0.42
4030,0.42
4031,0.45
4032,0.43
4033,0.46
4034,0.46
4035,0.44
4036,0.42
4037,0.43
4038,0.44
4039,0.42
4040,0.44
4041,0.45
4042,0.43
4043,0.46
4044,0.46
4045,0.42
4046,0.44
4047,0.44
4048,0.42
4049,0.45
4050,0.45
4051,0.43
4052,0.46
4053,0.45
4054,0.42
4055,0.43
4056,0.43
4057,0.45
4058,0.45
4059,0.46
4060,0.42
4061,0.43
4062,0.43
4063,0.44
4064,0.44
4065,0.44
4066,0.44
4067,0.46
4068,0.42
4069,0.42
4070,0.42
4071,0.44
4072,0.42
4073,0.44
4074,0.45
4075,0.45
4076,0.43
4077,0.44
4078,0.44
4079,0.44
4080,0.44
4081,0.44
4082,0.42
4083,0.45
4084,0.44
4085,0.42
4086,0.43
4087,0.42
4088,0.42
4089,0.42
4090,0.44
4091,0.43
4092,0.46
4093,0.43
4094,0.43
4095,0.43
4096,0.45
4097,0.46
4098,0.45
4099,0.46
4100,0.43
4101,0.42
4102,0.43
4103,0.46
4104,0.45
4105,0.46
4106,0.42
4107,0.43
4108,0.44
4109,0.43
4110,0.45
4111,0.45
4112,0.43
4113,0.46
4114,0.45
4115,0.42
4116,0.44
4117,0.46
4118,0.44
4119,0.42
4120,0.45
4121,0.42
4122,0.44
4123,0.43
4124,0.46
4125,0.43
4126,0.43
4127,0.46
4128,0.46
4129,0.44
4130,0.42
4131,0.43
4132,0.42
4133,0.44
4134,0.45
4135,0.46
4136,0.42
4137,0.45
4138,0.45
4139,0.42
4140,0.44
4141,0.44
4142,0.42
4143,0.42
4144,0.45
4145,0.42
4146,0.43
4147,0.44
4148,0.46
4149,0.46
4150,0.45
4151,0.46
4152,0.46
4153,0.44
4154,0.44
4155,0.43
4156,0.45
4157,0.43
4158,0.46
4159,0.43
4160,0.44
4161,0.46
4162,0.44
4163,0.46
4164,0.46
4165,0.46
4166,0.44
4167,0.46
4168,0.44
4169,0.43
4170,0.44
4171,0.46
4172,0.42
4173,0.44
4174,0.43
4175,0.42
4176,0.46
4177,0.44
4178,0.45
4179,0.45
4180,0.45
4181,0.44
4182,0.46
4183,0.45
4184,0.46
4185,0.43
4186,0.44
4187,0.44
4188,0.42
4189,0.43
4190,0.45
4191,0.44
4192,0.45
4193,0.44
4194,0.46
4195,0.44
4196,0.45
4197,0.44
4198,0.42
4199,0.44
4200,0.44
4201,0.43
4202,0.42
4203,0.42
4204,0.45
4205,0.46
4206,0.44
4207,0.44
4208,0.43
4209,0.45
4210,0.45
4211,0.43
4212,0.45
4213,0.46
4214,0.42
4215,0.45
4216,0.45
4217,0.42
4218,0.43
4219,0.42
4220,0.42
4221,0.43
4222,0.46
4223,0.46
4224,0.43
4225,0.46
4226,0.45
4227,0.45
4228,0.42
4229,0.42
4230,0.45
4231,0.42
4232,0.44
4233,0.42
4234,0.43
4235,0.46
4236,0.42
4237,0.43
4238,0.45
4239,0.42
4240,0.44
4241,0.44
4242,0.44
4243,0.44
4244,0.44
4245,0.44
4246,0.42
4247,0.43
4248,0.43
4249,0.46
4250,0.44
4251,0.42
4252,0.44
4253,0.43
4254,0.43
4255,0.42
4256,0.45
4257,0.42
4258,0.43
4259,0.44
4260,0.43
4261,0.45
4262,0.45
4263,0.46
4264,0.45
4265,0.46
4266,0.44
4267,0.46
4268,0.46
4269,0.43
4270,0.46
4271,0.45
4272,0.45
4273,0.46
4274,0.42
4275,0.45
4276,0.45
4277,0.44
4278,0.44
4279,0.45
4280,0.43
4281,0.46
4282,0.46
4283,0.46
4284,0.43
4285,0.42
4286,0.45
4287,0.43
4288,0.45
4289,0.44
4290,0.43
4291,0.42
4292,0.46
4293,0.45
4294,0.45
4295,0.46
4296,0.46
4297,0.42
4298,0.45
4299,0.44
4300,0.46
4301,0.42
4302,0.44
4303,0.42
4304,0.45
4305,0.45
4306,0.44
4307,0.44
4308,0.42
4309,0.44
4310,0.43
4311,0.42
4312,0.42
4313,0.46
4314,0.42
4315,0.46
4316,0.43
4317,0.46
4318,0.43
4319,0.45
4320,0.45
4321,0.44
4322,0.42
4323,0.44
4324,0.43
4325,0.46
4326,0.46
4327,0.44
4328,0.44
4329,0.42
4330,0.45
4331,0.43
4332,0.43
4333,0.44
4334,0.44
4335,0.46
4336,0.46
4337,0.45
4338,0.45
4339,0.46
4340,0.46
4341,0.45
4342,0.44
4343,0.43
4344,0.44
4345,0.45
4346,0.42
4347,0.44
4348,0.42
4349,0.45
4350,0.43
4351,0.43
4352,0.45
4353,0.42
4354,0.46
4355,0.44
4356,0.44
4357,0.42
4358,0.42
4359,0.46
4360,0.42
4361,0.42
4362,0.46
4363,0.44
4364,0.44
4365,0.45
4366,0.42
4367,0.44
4368,0.46
4369,0.46
4370,0.42
4371,0.45
4372,0.45
4373,0.42
4374,0.42
4375,0.45
4376,0.45
4377,0.45
4378,0.45
4379,0.45
4380,0.43
4381,0.43
4382,0.43
4383,0.45
4384,0.42
4385,0.46
4386,0.42
4387,0.43
4388,0.45
4389,0.45
4390,0.42
4391,0.42
4392,0.42
4393,0.46
4394,0.44
4395,0.45
4396,0.44
4397,0.44
4398,0.44
4399,0.46
4400,0.45
4401,0.46
4402,0.44
4403,0.45
4404,0.44
4405,0.46
4406,0.42
4407,0.42
4408,0.44
4409,0.46
4410,0.44
4411,0.44
4412,0.42
4413,0.42
4414,0.46
4415,0.42
4416,0.45
4417,0.44
4418,0.44
4419,0.42
4420,0.44
4421,0.42
4422,0.44
4423,0.46
4424,0.45
4425,0.44
4426,0.46
4427,0.42
4428,0.43
4429,0.43
4430,0.42
4431,0.42
4432,0.43
4433,0.46
4434,0.42
4435,0.42
4436,0.46
4437,0.44
4438,0.42
4439,0.44
4440,0.43
4441,0.42
4442,0.42
4443,0.42
4444,0.42
4445,0.45
4446,0.46
4447,0.45
4448,0.44
4449,0.42
4450,0.45
4451,0.45
4452,0.44
4453,0.46
4454,0.45
4455,0.46
4456,0.46
4457,0.46
4458,0.46
4459,0.42
4460,0.45
4461,0.43
4462,0.45
4463,0.46
4464,0.44
4465,0.45
4466,0.43
4467,0.45
4468,0.42
4469,0.42
4470,0.42
4471,0.42
4472,0.42
4473,0.42
4474,0.42
4475,0.45
4476,0.46
4477,0.45
4478,0.46
4479,0.46
4480,0.45
4481,0.46
4482,0.46
4483,0.42
4484,0.46
4485,0.43
4486,0.42
4487,0.46
4488,0.46
4489,0.44
4490,0.42
4491,0.43
4492,0.45
4493,0.43
4494,0.45
4495,0.45
4496,0.42
4497,0.42
4498,0.45
4499,0.44
4500,0.42
4501,0.45
4502,0.42
4503,0.45
4504,0.42
4505,0.44
4506,0.46
4507,0.42
4508,0.45
4509,0.46
4510,0.43
4511,0.43
4512,0.45
4513,0.44
4514,0.42
4515,0.44
4516,0.44
4517,0.42
4518,0.42
4519,0.43
4520,0.45
4521,0.44
4522,0.42
4523,0.46
4524,0.45
4525,0.42
4526,0.44
4527,0.43
4528,0.42
4529,0.42
4530,0.46
4531,0.42
4532,0.44
4533,0.45
4534,0.42
4535,0.43
4536,0.43
4537,0.44
4538,0.46
4539,0.46
4540,0.45
4541,0.43
4542,0.45
4543,0.43
4544,0.44
4545,0.45
4546,0.46
4547,0.42
4548,0.46
4549,0.43
4550,0.42
4551,0.46
4552,0.43
4553,0.46
4554,0.42
4555,0.43
4556,0.45
4557,0.43
4558,0.42
4559,0.43
4560,0.43
4561,0.45
4562,0.42
4563,0.45
4564,0.42
4565,0.44
4566,0.45
4567,0.46
4568,0.46
4569,0.42
4570,0.45
4571,0.44
4572,0.45
4573,0.43
4574,0.46
4575,0.43
4576,0.43
4577,0.43
4578,0.43
4579,0.46
4580,0.42
4581,0.42
4582,0.45
4583,0.46
4584,0.43
4585,0.43
4586,0.43
4587,0.43
4588,0.45
4589,0.45
4590,0.45
4591,0.42
4592,0.43
4593,0.43
4594,0.46
4595,0.45
4596,0.42
4597,0.42
4598,0.46
4599,0.42
4600,0.46
4601,0.46
4602,0.46
4603,0.43
4604,0.45
4605,0.45
4606,0.44
4607,0.44
4608,0.42
4609,0.43
4610,0.45
4611,0.45
4612,0.43
4613,0.46
4614,0.46
4615,0.45
4616,0.45
4617,0.44
4618,0.42
4619,0.43
4620,0.43
4621,0.45
4622,0.42
4623,0.46
4624,0.44
4625,0.42
4626,0.45
4627,0.45
4628,0.43
4629,0.46
4630,0.44
4631,0.44
4632,0.42
4633,0.43
4634,0.42
4635,0.44
4636,0.42
4637,0.46
4638,0.42
4639,0.44
4640,0.45
4641,0.45
4642,0.44
4643,0.44
4644,0.45
4645,0.45
4646,0.44
4647,0.45
4648,0.42
4649,0.43
4650,0.43
4651,0.46
4652,0.43
4653,0.46
4654,0.46
4655,0.43
4656,0.43
4657,0.44
4658,0.45
4659,0.44
4660,0.44
4661,0.43
4662,0.44
4663,0.45
4664,0.42
4665,0.46
4666,0.45
4667,0.46
4668,0.42
4669,0.46
4670,0.46
4671,0.45
4672,0.45
4673,0.46
4674,0.43
4675,0.42
4676,0.44
4677,0.46
4678,0.46
4679,0.46
4680,0.45
4681,0.46
4682,0.46
4683,0.44
4684,0.43
4685,0.43
4686,0.43
4687,0.45
4688,0.45
4689,0.46
4690,0.45
4691,0.43
4692,0.43
4693,0.46
4694,0.46
4695,0.45
4696,0.45
4697,0.42
4698,0.45
4699,0.43
4700,0.44
4701,0.42
4702,0.43
4703,0.46
4704,0.44
4705,0.44
4706,0.44
4707,0.43
4708,0.44
4709,0.43
4710,0.43
4711,0.42
4712,0.44
4713,0.45
4714,0.44
4715,0.46
4716,0.46
4717,0.45
4718,0.45
4719,0.45
4720,0.42
4721,0.45
4722,0.46
4723,0.44
4724,0.45
4725,0.44
4726,0.43
4727,0.44
4728,0.43
4729,0.43
4730,0.45
4731,0.43
4732,0.45
4733,0.43
4734,0.46
4735,0.46
4736,0.44
4737,0.44
4738,0.42
4739,0.44
4740,0.44
4741,0.46
4742,0.45
4743,0.44
4744,0.46
4745,0.44
4746,0.44
4747,0.45
4748,0.45
4749,0.43
4750,0.45
4751,0.45
4752,0.46
4753,0.44
4754,0.44
4755,0.44
4756,0.43
4757,0.43
4758,0.46
4759,0.45
4760,0.43
4761,0.44
4762,0.42
4763,0.42
4764,0.45
4765,0.42
4766,0.45
4767,0.46
4768,0.45
4769,0.45
4770,0.45
4771,0.46
4772,0.42
4773,0.44
4774,0.44
4775,0.46
4776,0.45
4777,0.42
4778,0.45
4779,0.43
4780,0.43
4781,0.43
4782,0.42
4783,0.46
4784,0.45
4785,0.46
4786,0.44
4787,0.43
4788,0.43
4789,0.42
4790,0.43
4791,0.45
4792,0.46
4793,0.42
4794,0.45
4795,0.46
4796,0.43
4797,0.43
4798,0.42
4799,0.45
4800,0.45
4801,0.42
4802,0.45
4803,0.43
4804,0.42
4805,0.45
4806,0.42
4807,0.43
4808,0.46
4809,0.45
4810,0.45
4811,0.43
4812,0.46
4813,0.46
4814,0.42
4815,0.43
4816,0.44
4817,0.44
4818,0.43
4819,0.43
4820,0.45
4821,0.44
4822,0.43
4823,0.44
4824,0.45
4825,0.45
4826,0.46
4827,0.43
4828,0.43
4829,0.45
4830,0.43
4831,0.45
4832,0.44
4833,0.43
4834,0.46
4835,0.44
4836,0.46
4837,0.46
4838,0.43
4839,0.45
4840,0.44
4841,0.43
4842,0.46
4843,0.45
4844,0.43
4845,0.42
4846,0.44
4847,0.45
4848,0.43
4849,0.45
4850,0.44
4851,0.43
4852,0.44
4853,0.44
4854,0.45
4855,0.45
4856,0.44
4857,0.43
4858,0.46
4859,0.43
4860,0.44
4861,0.42
4862,0.43
4863,0.45
4864,0.45
4865,0.45
4866,0.46
4867,0.43
4868,0.43
4869,0.46
4870,0.45
4871,0.43
4872,0.45
4873,0.45
4874,0.44
4875,0.46
4876,0.42
4877,0.46
4878,0.44
4879,0.45
4880,0.44
4881,0.45
4882,0.42
4883,0.46
4884,0.44
4885,0.46
4886,0.45
4887,0.45
4888,0.42
4889,0.46
4890,0.46
4891,0.44
4892,0.45
4893,0.45
4894,0.44
4895,0.45
4896,0.45
4897,0.42
4898,0.45
4899,0.43
4900,0.44
4901,0.46
4902,0.43
4903,0.43
4904,0.45
4905,0.46
4906,0.46
4907,0.45
4908,0.43
4909,0.46
4910,0.43
4911,0.44
4912,0.43
4913,0.42
4914,0.45
4915,0.45
4916,0.43
4917,0.42
4918,0.45
4919,0.44
4920,0.43
4921,0.46
4922,0.43
4923,0.45
4924,0.43
4925,0.42
4926,0.46
4927,0.44
4928,0.46
4929,0.44
4930,0.42
4931,0.43
4932,0.46
4933,0.46
4934,0.44
4935,0.44
4936,0.45
4937,0.44
4938,0.45
4939,0.43
4940,0.46
4941,0.42
4942,0.46
4943,0.45
4944,0.45
4945,0.43
4946,0.45
4947,0.46
4948,0.45
4949,0.44
4950,0.43
4951,0.45
4952,0.44
4953,0.46
4954,0.43
4955,0.45
4956,0.44
4957,0.46
4958,0.46
4959,0.44
4960,0.42
4961,0.44
4962,0.42
4963,0.42
4964,0.43
4965,0.44
4966,0.42
4967,0.44
4968,0.43
4969,0.46
4970,0.42
4971,0.42
4972,0.42
4973,0.46
4974,0.46
4975,0.45
4976,0.42
4977,0.42
4978,0.43
4979,0.43
4980,0.45
4981,0.46
4982,0.44
4983,0.42
4984,0.46
4985,0.42
4986,0.43
4987,0.45
4988,0.45
4989,0.45
4990,0.45
4991,0.45
4992,0.44
4993,0.46
4994,0.42
4995,0.42
4996,0.46
4997,0.45
4998,0.43
4999,0.46
5000,0.44
5001,0.43
5002,0.44
5003,0.43
5004,0.45
5005,0.44
5006,0.46
5007,0.42
5008,0.43
5009,0.42
5010,0.43
5011,0.45
5012,0.44
5013,0.46
5014,0.42
5015,0.46
5016,0.44
5017,0.43
5018,0.46
5019,0.46
5020,0.45
5021,0.43
5022,0.45
5023,0.45
5024,0.45
5025,0.45
5026,0.46
5027,0.44
5028,0.43
5029,0.45
5030,0.45
5031,0.45
5032,0.43
5033,0.42
5034,0.45
5035,0.45
5036,0.46
5037,0.46
5038,0.46
5039,0.43
5040,0.44
5041,0.44
5042,0.45
5043,0.45
5044,0.43
5045,0.44
5046,0.46
5047,0.42
5048,0.42
5049,0.45
5050,0.45
5051,0.46
5052,0.46
5053,0.44
5054,0.44
5055,0.42
5056,0.45
5057,0.43
5058,0.45
5059,0.43
5060,0.43
5061,0.45
5062,0.45
5063,0.44
5064,0.46
5065,0.46
5066,0.46
5067,0.43
5068,0.46
5069,0.42
5070,0.43
5071,0.44
5072,0.42
5073,0.42
5074,0.45
5075,0.43
5076,0.42
5077,0.42
5078,0.46
5079,0.44
5080,0.45
5081,0.46
5082,0.43
5083,0.46
5084,0.46
5085,0.42
5086,0.43
5087,0.42
5088,0.44
5089,0.42
5090,0.42
5091,0.43
5092,0.44
5093,0.43
5094,0.45
5095,0.43
5096,0.46
5097,0.44
5098,0.43
5099,0.43
5100,0.42
5101,0.46
5102,0.45
5103,0.45
5104,0.45
5105,0.42
5106,0.42
5107,0.44
5108,0.45
5109,0.44
5110,0.45
5111,0.43
5112,0.42
5113,0.43
5114,0.42
5115,0.43
5116,0.46
5117,0.42
5118,0.42
5119,0.43
5120,0.43
5121,0.46
5122,0.44
5123,0.46
5124,0.42
5125,0.46
5126,0.45
5127,0.42
5128,0.42
5129,0.45
5130,0.45
5131,0.46
5132,0.44
5133,0.43
5134,0.44
5135,0.45
5136,0.46
5137,0.42
5138,0.44
5139,0.43
5140,0.46
5141,0.44
5142,0.43
5143,0.45
5144,0.43
5145,0.45
5146,0.43
5147,0.43
5148,0.42
5149,0.42
5150,0.45
5151,0.43
5152,0.42
5153,0.42
5154,0.42
5155,0.45
5156,0.45
5157,0.46
5158,0.46
5159,0.46
5160,0.46
5161,0.45
5162,0.46
5163,0.45
5164,0.45
5165,0.43
5166,0.43
5167,0.44
5168,0.46
5169,0.42
5170,0.44
5171,0.45
5172,0.42
5173,0.46
5174,0.44
5175,0.46
5176,0.43
5177,0.44
5178,0.43
5179,0.45
5180,0.43
5181,0.44
5182,0.42
5183,0.43
5184,0.44
5185,0.42
5186,0.45
5187,0.42
5188,0.45
5189,0.44
5190,0.44
5191,0.42
5192,0.46
5193,0.44
5194,0.43
5195,0.46
5196,0.45
5197,0.46
5198,0.46
5199,0.42
5200,0.43
5201,0.44
5202,0.45
5203,0.43
5204,0.45
5205,0.44
5206,0.42
5207,0.45
5208,0.43
5209,0.43
5210,0.46
5211,0.44
5212,0.44
5213,0.46
5214,0.45
5215,0.42
5216,0.44
5217,0.42
5218,0.44
5219,0.46
5220,0.44
5221,0.46
5222,0.45
5223,0.42
5224,0.42
5225,0.42
5226,0.44
5227,0.45
5228,0.44
5229,0.45
5230,0.46
5231,0.45
5232,0.44
5233,0.43
5234,0.43
5235,0.45
5236,0.46
5237,0.42
5238,0.46
5239,0.42
5240,0.42
5241,0.42
5242,0.46
5243,0.46
5244,0.46
5245,0.45
5246,0.43
5247,0.42
5248,0.46
5249,0.46
5250,0.43
5251,0.46
5252,0.43
5253,0.45
5254,0.43
5255,0.46
5256,0.43
5257,0.45
5258,0.42
5259,0.45
5260,0.46
5261,0.42
5262,0.43
5263,0.43
5264,0.46
5265,0.42
5266,0.43
5267,0.44
5268,0.45
5269,0.45
5270,0.44
5271,0.43
5272,0.42
5273,0.45
5274,0.45
5275,0.43
5276,0.44
5277,0.43
5278,0.46
5279,0.45
5280,0.46
5281,0.43
5282,0.43
5283,0.45
5284,0.42
5285,0.42
5286,0.42
5287,0.46
5288,0.46
5289,0.42
5290,0.44
5291,0.43
5292,0.45
5293,0.45
5294,0.45
5295,0.44
5296,0.43
5297,0.45
5298,0.43
5299,0.44
5300,0.44
5301,0.45
5302,0.45
5303,0.43
5304,0.42
5305,0.46
5306,0.45
5307,0.46
5308,0.42
5309,0.44
5310,0.44
5311,0.46
5312,0.44
5313,0.46
5314,0.43
5315,0.45
5316,0.42
5317,0.45
5318,0.42
5319,0.44
5320,0.46
5321,0.46
5322,0.43
5323,0.45
5324,0.45
5325,0.44
5326,0.43
5327,0.45
5328,0.43
5329,0.45
5330,0.44
5331,0.43
5332,0.44
5333,0.43
5334,0.46
5335,0.46
5336,0.46
5337,0.44
5338,0.44
5339,0.43
5340,0.46
5341,0.44
5342,0.43
5343,0.42
5344,0.45
5345,0.42
5346,0.43
5347,0.43
5348,0.42
5349,0.43
5350,0.46
5351,0.43
5352,0.42
5353,0.44
5354,0.44
5355,0.42
5356,0.42
5357,0.46
5358,0.43
5359,0.43
5360,0.44
5361,0.45
5362,0.45
5363,0.43
5364,0.42
5365,0.46
5366,0.45
5367,0.43
5368,0.42
5369,0.42
5370,0.42
5371,0.44
5372,0.44
5373,0.46
5374,0.43
5375,0.43
5376,0.46
5377,0.44
5378,0.45
5379,0.45
5380,0.44
5381,0.46
5382,0.43
5383,0.46
5384,0.42
5385,0.46
5386,0.42
5387,0.43
5388,0.46
5389,0.46
5390,0.43
5391,0.44
5392,0.43
5393,0.44
5394,0.45
5395,0.42
5396,0.45
5397,0.43
5398,0.45
5399,0.44
5400,0.46
5401,0.45
5402,0.42
5403,0.44
5404,0.43
5405,0.44
5406,0.43
5407,0.44
5408,0.42
5409,0.46
5410,0.42
5411,0.44
5412,0.43
5413,0.46
5414,0.45
5415,0.43
5416,0.44
5417,0.44
5418,0.44
5419,0.46
5420,0.44
5421,0.44
5422,0.42
5423,0.46
5424,0.46
5425,0.42
5426,0.46
5427,0.43
5428,0.45
5429,0.43
5430,0.43
5431,0.44
5432,0.44
5433,0.43
5434,0.43
5435,0.44
5436,0.43
5437,0.46
5438,0.42
5439,0.42
5440,0.44
5441,0.43
5442,0.44
5443,0.42
5444,0.43
5445,0.43
5446,0.42
5447,0.45
5448,0.44
5449,0.43
5450,0.42
5451,0.42
5452,0.46
5453,0.45
5454,0.44
5455,0.44
5456,0.44
5457,0.44
5458,0.45
5459,0.42
5460,0.44
5461,0.45
5462,0.43
5463,0.44
5464,0.44
5465,0.44
5466,0.45
5467,0.42
5468,0.45
5469,0.42
5470,0.46
5471,0.45
5472,0.43
5473,0.46
5474,0.42
5475,0.42
5476,0.44
5477,0.44
5478,0.42
5479,0.45
5480,0.44
5481,0.46
5482,0.43
5483,0.42
5484,0.43
5485,0.43
5486,0.43
5487,0.46
5488,0.43
5489,0.42
5490,0.46
5491,0.46
5492,0.42
5493,0.44
5494,0.42
5495,0.42
5496,0.44
5497,0.42
5498,0.45
5499,0.46
5500,0.46
5501,0.42
5502,0.43
5503,0.46
5504,0.45
5505,0.42
5506,0.44
5507,0.42
5508,0.43
5509,0.43
5510,0.42
5511,0.42
5512,0.46
5513,0.45
5514,0.42
5515,0.46
5516,0.46
5517,0.44
5518,0.46
5519,0.42
5520,0.43
5521,0.44
5522,0.43
5523,0.43
5524,0.46
5525,0.44
5526,0.43
5527,0.46
5528,0.42
5529,0.44
5530,0.44
5531,0.43
5532,0.45
5533,0.46
5534,0.44
5535,0.42
5536,0.44
5537,0.46
5538,0.43
5539,0.42
5540,0.46
5541,0.43
5542,0.43
5543,0.42
5544,0.44
5545,0.46
5546,0.46
5547,0.43
5548,0.44
5549,0.44
5550,0.46
5551,0.45
5552,0.42
5553,0.45
5554,0.44
5555,0.42
5556,0.43
5557,0.45
5558,0.45
5559,0.46
5560,0.42
5561,0.44
5562,0.43
5563,0.44
5564,0.44
5565,0.45
5566,0.46
5567,0.46
5568,0.46
5569,0.45
5570,0.45
5571,0.43
5572,0.45
5573,0.42
5574,0.44
5575,0.45
5576,0.42
5577,0.45
5578,0.44
5579,0.46
5580,0.42
5581,0.46
5582,0.44
5583,0.42
5584,0.45
5585,0.44
5586,0.42
5587,0.44
5588,0.45
5589,0.42
5590,0.43
5591,0.44
5592,0.44
5593,0.43
5594,0.43
5595,0.45
5596,0.46
5597,0.45
5598,0.46
5599,0.44
5600,0.42
5601,0.45
5602,0.45
5603,0.45
5604,0.43
5605,0.42
5606,0.44
5607,0.43
5608,0.44
5609,0.45
5610,0.46
5611,0.43
5612,0.42
5613,0.43
5614,0.44
5615,0.45
5616,0.46
5617,0.45
5618,0.45
5619,0.44
5620,0.46
5621,0.45
5622,0.44
5623,0.42
5624,0.42
5625,0.45
5626,0.42
5627,0.45
5628,0.46
5629,0.43
5630,0.42
5631,0.44
5632,0.45
5633,0.44
5634,0.43
5635,0.44
5636,0.44
5637,0.43
5638,0.46
5639,0.45
5640,0.45
5641,0.46
5642,0.42
5643,0.43
5644,0.45
5645,0.46
5646,0.44
5647,0.44
5648,0.42
5649,0.42
5650,0.44
5651,0.45
5652,0.42
5653,0.42
5654,0.43
5655,0.42
5656,0.43
5657,0.43
5658,0.43
5659,0.43
5660,0.44
5661,0.42
5662,0.45
5663,0.43
5664,0.46
5665,0.43
5666,0.46
5667,0.45
5668,0.46
5669,0.42
5670,0.43
5671,0.43
5672,0.46
5673,0.44
5674,0.43
5675,0.45
5676,0.43
5677,0.46
5678,0.45
5679,0.46
5680,0.45
5681,0.45
5682,0.44
5683,0.44
5684,0.46
5685,0.45
5686,0.44
5687,0.46
5688,0.45
5689,0.44
5690,0.45
5691,0.46
5692,0.42
5693,0.45
5694,0.45
5695,0.42
5696,0.45
5697,0.42
5698,0.44
5699,0.43
5700,0.45
5701,0.44
5702,0.44
5703,0.43
5704,0.43
5705,0.44
5706,0.44
5707,0.46
5708,0.42
5709,0.46
5710,0.43
5711,0.46
5712,0.42
5713,0.42
5714,0.46
5715,0.46
5716,0.43
5717,0.45
5718,0.44
5719,0.46
5720,0.46
5721,0.43
5722,0.42
5723,0.45
5724,0.46
5725,0.44
5726,0.43
5727,0.46
5728,0.44
5729,0.43
5730,0.42
5731,0.46
5732,0.44
5733,0.45
5734,0.44
5735,0.43
5736,0.42
5737,0.42
5738,0.43
5739,0.43
5740,0.45
5741,0.45
5742,0.44
5743,0.46
5744,0.46
5745,0.45
5746,0.43
5747,0.44
5748,0.42
5749,0.43
5750,0.46
5751,0.46
5752,0.43
5753,0.44
5754,0.46
5755,0.45
5756,0.45
5757,0.44
5758,0.44
5759,0.46
5760,0.42
5761,0.43
5762,0.43
5763,0.45
5764,0.46
5765,0.43
5766,0.43
5767,0.45
5768,0.45
5769,0.46
5770,0.45
5771,0.45
5772,0.45
5773,0.44
5774,0.44
5775,0.45
5776,0.43
5777,0.45
5778,0.42
5779,0.45
5780,0.45
5781,0.42
5782,0.43
5783,0.44
5784,0.46
5785,0.46
5786,0.46
5787,0.46
5788,0.43
5789,0.43
5790,0.43
5791,0.43
5792,0.42
5793,0.43
5794,0.45
5795,0.46
5796,0.42
5797,0.44
5798,0.46
5799,0.43
5800,0.42
5801,0.42
5802,0.42
5803,0.46
5804,0.44
5805,0.44
5806,0.42
5807,0.46
5808,0.43
5809,0.42
5810,0.43
5811,0.44
5812,0.45
5813,0.46
5814,0.44
5815,0.44
5816,0.46
5817,0.42
5818,0.44
5819,0.43
5820,0.43
5821,0.44
5822,0.42
5823,0.44
5824,0.42
5825,0.43
5826,0.46
5827,0.42
5828,0.44
5829,0.43
5830,0.44
5831,0.44
5832,0.42
5833,0.46
5834,0.42
5835,0.45
5836,0.44
5837,0.42
5838,0.42
5839,0.42
5840,0.44
5841,0.42
5842,0.45
5843,0.43
5844,0.42
5845,0.42
5846,0.46
5847,0.43
5848,0.46
5849,0.45
5850,0.46
5851,0.43
5852,0.43
5853,0.43
5854,0.42
5855,0.44
5856,0.45
5857,0.45
5858,0.42
5859,0.45
5860,0.44
5861,0.44
5862,0.45
5863,0.42
5864,0.43
5865,0.44
5866,0.43
5867,0.46
5868,0.45
5869,0.42
5870,0.46
5871,0.43
5872,0.43
5873,0.45
5874,0.43
5875,0.45
5876,0.46
5877,0.45
5878,0.45
5879,0.44
5880,0.42
5881,0.45
5882,0.43
5883,0.46
5884,0.46
5885,0.42
5886,0.46
5887,0.45
5888,0.44
5889,0.45
5890,0.42
5891,0.46
5892,0.43
5893,0.43
5894,0.42
5895,0.46
5896,0.42
5897,0.44
5898,0.43
5899,0.44
5900,0.45
5901,0.42
5902,0.45
5903,0.44
5904,0.45
5905,0.43
5906,0.42
5907,0.46
5908,0.44
5909,0.44
5910,0.46
5911,0.45
5912,0.43
5913,0.46
5914,0.42
5915,0.44
5916,0.42
5917,0.44
5918,0.45
5919,0.44
5920,0.42
5921,0.44
5922,0.43
5923,0.42
5924,0.42
5925,0.42
5926,0.44
5927,0.43
5928,0.45
5929,0.44
5930,0.43
5931,0.43
5932,0.44
5933,0.45
5934,0.42
5935,0.43
5936,0.42
5937,0.43
5938,0.43
5939,0.42
5940,0.43
5941,0.43
5942,0.44
5943,0.43
5944,0.42
5945,0.42
5946,0.44
5947,0.45
5948,0.43
5949,0.46
5950,0.44
5951,0.43
5952,0.42
5953,0.43
5954,0.43
5955,0.44
5956,0.45
5957,0.44
5958,0.44
5959,0.43
5960,0.45
5961,0.45
5962,0.43
5963,0.46
5964,0.45
5965,0.45
5966,0.42
5967,0.42
5968,0.42
5969,0.44
5970,0.42
5971,0.43
5972,0.46
5973,0.42
5974,0.44
5975,0.42
5976,0.45
5977,0.45
5978,0.45
5979,0.46
5980,0.44
5981,0.42
5982,0.44
5983,0.46
5984,0.46
5985,0.43
5986,0.43
5987,0.42
5988,0.45
5989,0.45
5990,0.44
5991,0.42
5992,0.42
5993,0.46
5994,0.43
5995,0.44
5996,0.46
5997,0.43
5998,0.43
5999,0.45
6000,0.43
6001,0.45
6002,0.46
6003,0.45
6004,0.42
6005,0.44
6006,0.43
6007,0.42
6008,0.46
6009,0.45
6010,0.45
6011,0.45
6012,0.46
6013,0.46
6014,0.42
6015,0.45
6016,0.44
6017,0.42
6018,0.46
6019,0.42
6020,0.43
6021,0.42
6022,0.45
6023,0.43
6024,0.44
6025,0.45
6026,0.44
6027,0.43
6028,0.44
6029,0.43
6030,0.45
6031,0.45
6032,0.42
6033,0.46
6034,0.45
6035,0.42
6036,0.46
6037,0.43
6038,0.42
6039,0.43
6040,0.45
6041,0.46
6042,0.42
6043,0.42
6044,0.44
6045,0.44
6046,0.42
6047,0.46
6048,0.45
6049,0.46
6050,0.42
6051,0.46
6052,0.46
6053,0.42
6054,0.44
6055,0.42
6056,0.43
6057,0.46
6058,0.43
6059,0.42
6060,0.43
6061,0.42
6062,0.42
6063,0.46
6064,0.42
6065,0.45
6066,0.43
6067,0.44
6068,0.44
6069,0.44
6070,0.46
6071,0.43
6072,0.45
6073,0.46
6074,0.44
6075,0.45
6076,0.43
6077,0.44
6078,0.45
6079,0.46
6080,0.43
6081,0.42
6082,0.43
6083,0.45
6084,0.46
6085,0.42
6086,0.45
6087,0.42
6088,0.46
6089,0.43
6090,0.46
6091,0.43
6092,0.44
6093,0.46
6094,0.44
6095,0.44
6096,0.45
6097,0.42
6098,0.43
6099,0.42
6100,0.44
6101,0.44
6102,0.46
6103,0.46
6104,0.43
6105,0.43
6106,0.46
6107,0.45
6108,0.44
6109,0.44
6110,0.43
6111,0.42
6112,0.46
6113,0.43
6114,0.46
6115,0.45
6116,0.45
6117,0.43
6118,0.42
6119,0.45
6120,0.45
6121,0.46
6122,0.43
6123,0.44
6124,0.46
6125,0.45
6126,0.45
6127,0.43
6128,0.43
6129,0.46
6130,0.43
6131,0.43
6132,0.42
6133,0.45
6134,0.45
6135,0.46
6136,0.44
6137,0.46
6138,0.44
6139,0.42
6140,0.43
6141,0.45
6142,0.43
6143,0.46
6144,0.42
6145,0.43
6146,0.46
6147,0.44
6148,0.46
6149,0.43
6150,0.42
6151,0.44
6152,0.44
6153,0.46
6154,0.44
6155,0.45
6156,0.42
6157,0.45
6158,0.43
6159,0.44
6160,0.45
6161,0.44
6162,0.46
6163,0.46
6164,0.44
6165,0.44
6166,0.46
6167,0.42
6168,0.43
6169,0.46
6170,0.45
6171,0.44
6172,0.42
6173,0.44
6174,0.42
6175,0.46
6176,0.45
6177,0.44
6178,0.43
6179,0.46
6180,0.42
6181,0.42
6182,0.43
6183,0.45
6184,0.44
6185,0.44
6186,0.45
6187,0.45
6188,0.45
6189,0.44
6190,0.45
6191,0.43
6192,0.42
6193,0.43
6194,0.44
6195,0.45
6196,0.44
6197,0.44
6198,0.44
6199,0.43
6200,0.45
6201,0.44
6202,0.43
6203,0.43
6204,0.46
6205,0.43
6206,0.42
6207,0.46
6208,0.43
6209,0.44
6210,0.46
6211,0.43
6212,0.42
6213,0.43
6214,0.44
6215,0.42
6216,0.42
6217,0.45
6218,0.43
6219,0.44
6220,0.42
6221,0.44
6222,0.45
6223,0.44
6224,0.42
6225,0.44
6226,0.43
6227,0.42
6228,0.45
6229,0.46
6230,0.46
6231,0.45
6232,0.45
6233,0.45
6234,0.45
6235,0.45
6236,0.42
6237,0.42
6238,0.43
6239,0.42
6240,0.43
6241,0.43
6242,0.45
6243,0.45
6244,0.43
6245,0.46
6246,0.44
6247,0.46
6248,0.46
6249,0.45
6250,0.43
6251,0.45
6252,0.44
6253,0.46
6254,0.45
6255,0.45
6256,0.43
6257,0.46
6258,0.42
6259,0.45
6260,0.46
6261,0.43
6262,0.45
6263,0.44
6264,0.44
6265,0.45
6266,0.44
6267,0.42
6268,0.42
6269,0.45
6270,0.45
6271,0.42
6272,0.44
6273,0.46
6274,0.46
6275,0.46
6276,0.44
6277,0.42
6278,0.46
6279,0.44
6280,0.45
6281,0.43
6282,0.43
6283,0.46
6284,0.46
6285,0.44
6286,0.42
6287,0.45
6288,0.45
6289,0.46
6290,0.43
6291,0.45
6292,0.43
6293,0.45
6294,0.45
6295,0.46
6296,0.43
6297,0.46
6298,0.43
6299,0.42
6300,0.45
6301,0.44
6302,0.45
6303,0.44
6304,0.44
6305,0.42
6306,0.45
6307,0.46
6308,0.42
6309,0.45
6310,0.44
6311,0.46
6312,0.44
6313,0.43
6314,0.42
6315,0.43
6316,0.43
6317,0.44
6318,0.45
6319,0.45
6320,0.43
6321,0.43
6322,0.46
6323,0.43
6324,0.43
6325,0.45
6326,0.43
6327,0.43
6328,0.46
6329,0.42
6330,0.46
6331,0.43
6332,0.42
6333,0.46
6334,0.44
6335,0.46
6336,0.44
6337,0.43
6338,0.43
6339,0.46
6340,0.44
6341,0.43
6342,0.44
6343,0.45
6344,0.45
6345,0.42
6346,0.43
6347,0.44
6348,0.46
6349,0.46
6350,0.42
6351,0.44
6352,0.43
6353,0.45
6354,0.46
6355,0.43
6356,0.44
6357,0.44
6358,0.42
6359,0.43
6360,0.43
6361,0.42
6362,0.45
6363,0.45
6364,0.46
6365,0.44
6366,0.43
6367,0.45
6368,0.46
6369,0.42
6370,0.44
6371,0.46
6372,0.46
6373,0.42
6374,0.43
6375,0.46
6376,0.45
6377,0.46
6378,0.42
6379,0.46
6380,0.43
6381,0.44
6382,0.46
6383,0.46
6384,0.44
6385,0.45
6386,0.45
6387,0.44
6388,0.42
6389,0.44
6390,0.46
6391,0.46
6392,0.46
6393,0.45
6394,0.46
6395,0.45
6396,0.46
6397,0.43
6398,0.45
6399,0.42
6400,0.42
6401,0.45
6402,0.42
6403,0.45
6404,0.46
6405,0.46
6406,0.44
6407,0.42
6408,0.43
6409,0.45
6410,0.46
6411,0.46
6412,0.43
6413,0.44
6414,0.43
6415,0.43
6416,0.46
6417,0.46
6418,0.46
6419,0.46
6420,0.46
6421,0.46
6422,0.43
6423,0.42
6424,0.45
6425,0.43
6426,0.46
6427,0.46
6428,0.45
6429,0.46
6430,0.46
6431,0.46
6432,0.43
6433,0.45
6434,0.44
6435,0.44
6436,0.45
6437,0.44
6438,0.46
6439,0.46
6440,0.45
6441,0.45
6442,0.45
6443,0.46
6444,0.46
6445,0.46
6446,0.44
6447,0.44
6448,0.43
6449,0.43
6450,0.42
6451,0.43
6452,0.46
6453,0.43
6454,0.45
6455,0.46
6456,0.44
6457,0.43
6458,0.44
6459,0.44
6460,0.44
6461,0.44
6462,0.44
6463,0.46
6464,0.46
6465,0.44
6466,0.46
6467,0.45
6468,0.44
6469,0.42
6470,0.43
6471,0.46
6472,0.44
6473,0.45
6474,0.42
6475,0.44
6476,0.43
6477,0.42
6478,0.43
6479,0.42
6480,0.42
6481,0.46
6482,0.43
6483,0.45
6484,0.45
6485,0.44
6486,0.43
6487,0.46
6488,0.46
6489,0.45
6490,0.43
6491,0.46
6492,0.43
6493,0.46
6494,0.45
6495,0.43
6496,0.43
6497,0.42
6498,0.42
6499,0.44
6500,0.44
6501,0.46
6502,0.44
6503,0.44
6504,0.44
6505,0.44
6506,0.44
6507,0.45
6508,0.46
6509,0.44
6510,0.44
6511,0.46
6512,0.45
6513,0.44
6514,0.42
6515,0.45
6516,0.43
6517,0.46
6518,0.45
6519,0.43
6520,0.44
6521,0.42
6522,0.42
6523,0.46
6524,0.42
6525,0.46
6526,0.43
6527,0.45
6528,0.42
6529,0.45
6530,0.42
6531,0.42
6532,0.44
6533,0.42
6534,0.44
6535,0.42
6536,0.43
6537,0.43
6538,0.44
6539,0.43
6540,0.43
6541,0.42
6542,0.42
6543,0.44
6544,0.44
6545,0.42
6546,0.44
6547,0.42
6548,0.44
6549,0.45
6550,0.42
6551,0.45
6552,0.45
6553,0.44
6554,0.45
6555,0.45
6556,0.43
6557,0.42
6558,0.46
6559,0.45
6560,0.44
6561,0.46
6562,0.45
6563,0.42
6564,0.44
6565,0.46
6566,0.43
6567,0.44
6568,0.45
6569,0.42
6570,0.46
6571,0.44
6572,0.46
6573,0.43
6574,0.42
6575,0.46
6576,0.44
6577,0.42
6578,0.45
6579,0.45
6580,0.45
6581,0.46
6582,0.45
6583,0.42
6584,0.42
6585,0.43
6586,0.46
6587,0.44
6588,0.45
6589,0.46
6590,0.45
6591,0.46
6592,0.45
6593,0.46
6594,0.45
6595,0.46
6596,0.45
6597,0.46
6598,0.44
6599,0.42
6600,0.43
6601,0.43
6602,0.43
6603,0.46
6604,0.42
6605,0.43
6606,0.43
6607,0.46
6608,0.44
6609,0.46
6610,0.46
6611,0.42
6612,0.45
6613,0.44
6614,0.46
6615,0.42
6616,0.42
6617,0.46
6618,0.44
6619,0.43
6620,0.46
6621,0.42
6622,0.44
6623,0.45
6624,0.44
6625,0.46
6626,0.46
6627,0.45
6628,0.44
6629,0.44
6630,0.44
6631,0.46
6632,0.42
6633,0.42
6634,0.46
6635,0.45
6636,0.42
6637,0.46
6638,0.43
6639,0.46
6640,0.43
6641,0.42
6642,0.46
6643,0.43
6644,0.42
6645,0.45
6646,0.42
6647,0.42
6648,0.46
6649,0.44
6650,0.44
6651,0.46
6652,0.42
6653,0.43
6654,0.42
6655,0.45
6656,0.46
6657,0.46
6658,0.42
6659,0.42
6660,0.46
6661,0.43
6662,0.46
6663,0.46
6664,0.44
6665,0.44
6666,0.43
6667,0.46
6668,0.42
6669,0.44
6670,0.42
6671,0.43
6672,0.46
6673,0.45
6674,0.44
6675,0.45
6676,0.43
6677,0.44
6678,0.42
6679,0.43
6680,0.44
6681,0.44
6682,0.44
6683,0.42
6684,0.45
6685,0.46
6686,0.45
6687,0.46
6688,0.45
6689,0.46
6690,0.46
6691,0.46
6692,0.45
6693,0.45
6694,0.45
6695,0.46
6696,0.44
6697,0.45
6698,0.44
6699,0.42
6700,0.45
6701,0.42
6702,0.42
6703,0.43
6704,0.44
6705,0.43
6706,0.46
6707,0.45
6708,0.44
6709,0.46
6710,0.46
6711,0.43
6712,0.42
6713,0.44
6714,0.42
6715,0.43
6716,0.44
6717,0.43
6718,0.46
6719,0.45
6720,0.44
6721,0.43
6722,0.46
6723,0.44
6724,0.44
6725,0.44
6726,0.43
6727,0.43
6728,0.43
6729,0.42
6730,0.43
6731,0.43
6732,0.43
6733,0.44
6734,0.44
6735,0.42
6736,0.45
6737,0.42
6738,0.45
6739,0.44
6740,0.43
6741,0.42
6742,0.46
6743,0.44
6744,0.46
6745,0.44
6746,0.43
6747,0.44
6748,0.42
6749,0.46
6750,0.46
6751,0.46
6752,0.42
6753,0.45
6754,0.46
6755,0.44
6756,0.43
6757,0.45
6758,0.46
6759,0.44
6760,0.43
6761,0.43
6762,0.43
6763,0.46
6764,0.45
6765,0.44
6766,0.43
6767,0.43
6768,0.43
6769,0.43
6770,0.45
6771,0.42
6772,0.42
6773,0.45
6774,0.43
6775,0.44
6776,0.42
6777,0.45
6778,0.46
6779,0.46
6780,0.42
6781,0.44
6782,0.42
6783,0.42
6784,0.44
6785,0.44
6786,0.45
6787,0.42
6788,0.42
6789,0.42
6790,0.46
6791,0.45
6792,0.43
6793,0.46
6794,0.44
6795,0.43
6796,0.46
6797,0.44
6798,0.46
6799,0.46
6800,0.43
6801,0.44
6802,0.45
6803,0.46
6804,0.44
6805,0.42
6806,0.45
6807,0.45
6808,0.46
6809,0.42
6810,0.42
6811,0.45
6812,0.43
6813,0.45
6814,0.44
6815,0.44
6816,0.46
6817,0.46
6818,0.46
6819,0.43
6820,0.42
6821,0.43
6822,0.43
6823,0.44
6824,0.43
6825,0.46
6826,0.43
6827,0.45
6828,0.42
6829,0.45
6830,0.44
6831,0.44
6832,0.43
6833,0.42
6834,0.42
6835,0.46
6836,0.42
6837,0.44
6838,0.42
6839,0.46
6840,0.42
6841,0.44
6842,0.42
6843,0.44
6844,0.42
6845,0.42
6846,0.46
6847,0.42
6848,0.42
6849,0.43
6850,0.45
6851,0.46
6852,0.42
6853,0.44
6854,0.44
6855,0.43
6856,0.46
6857,0.42
6858,0.43
6859,0.42
6860,0.44
6861,0.45
6862,0.43
6863,0.45
6864,0.42
6865,0.44
6866,0.45
6867,0.44
6868,0.45
6869,0.43
6870,0.43
6871,0.46
6872,0.46
6873,0.44
6874,0.44
6875,0.42
6876,0.44
6877,0.45
6878,0.43
6879,0.44
6880,0.42
6881,0.43
6882,0.42
6883,0.42
6884,0.42
6885,0.42
6886,0.42
6887,0.46
6888,0.44
6889,0.44
6890,0.44
6891,0.42
6892,0.42
6893,0.44
6894,0.42
6895,0.42
6896,0.43
6897,0.43
6898,0.46
6899,0.45
6900,0.46
6901,0.44
6902,0.46
6903,0.43
6904,0.46
6905,0.46
6906,0.44
6907,0.43
6908,0.43
6909,0.43
6910,0.42
6911,0.43
6912,0.42
6913,0.43
6914,0.42
6915,0.46
6916,0.43
6917,0.45
6918,0.46
6919,0.46
6920,0.44
6921,0.44
6922,0.42
6923,0.45
6924,0.45
6925,0.43
6926,0.44
6927,0.44
6928,0.42
6929,0.44
6930,0.45
6931,0.44
6932,0.42
6933,0.44
6934,0.45
6935,0.46
6936,0.45
6937,0.42
6938,0.44
6939,0.43
6940,0.46
6941,0.46
6942,0.46
6943,0.42
6944,0.43
6945,0.43
6946,0.45
6947,0.46
6948,0.46
6949,0.43
6950,0.45
6951,0.42
6952,0.46
6953,0.42
6954,0.43
6955,0.46
6956,0.46
6957,0.45
6958,0.45
6959,0.42
6960,0.44
6961,0.42
6962,0.43
6963,0.46
6964,0.45
6965,0.43
6966,0.44
6967,0.44
6968,0.43
6969,0.46
6970,0.43
6971,0.44
6972,0.46
6973,0.45
6974,0.45
6975,0.42
6976,0.43
6977,0.45
6978,0.46
6979,0.46
6980,0.45
6981,0.43
6982,0.42
6983,0.45
6984,0.43
6985,0.42
6986,0.44
6987,0.46
6988,0.46
6989,0.42
6990,0.42
6991,0.45
6992,0.45
6993,0.46
6994,0.42
6995,0.44
6996,0.46
6997,0.45
6998,0.45
6999,0.44
7000,0.42
7001,0.46
7002,0.44
7003,0.42
7004,0.44
7005,0.46
7006,0.43
7007,0.45
7008,0.45
7009,0.44
7010,0.43
7011,0.46
7012,0.44
7013,0.44
7014,0.42
7015,0.42
7016,0.43
7017,0.46
7018,0.42
7019,0.43
7020,0.45
7021,0.45
7022,0.44
7023,0.44
7024,0.42
7025,0.45
7026,0.45
7027,0.45
7028,0.45
7029,0.44
7030,0.46
7031,0.44
7032,0.44
7033,0.46
7034,0.44
7035,0.42
7036,0.43
7037,0.42
7038,0.42
7039,0.42
7040,0.42
7041,0.46
7042,0.43
7043,0.43
7044,0.42
7045,0.46
7046,0.43
7047,0.43
7048,0.43
7049,0.43
7050,0.45
7051,0.46
7052,0.43
7053,0.45
7054,0.44
7055,0.44
7056,0.46
7057,0.43
7058,0.42
7059,0.46
7060,0.46
7061,0.46
7062,0.46
7063,0.42
7064,0.43
7065,0.44
7066,0.45
7067,0.46
7068,0.45
7069,0.44
7070,0.42
7071,0.44
7072,0.45
7073,0.42
7074,0.43
7075,0.46
7076,0.43
7077,0.42
7078,0.42
7079,0.42
7080,0.45
7081,0.44
7082,0.46
7083,0.43
7084,0.42
7085,0.45
7086,0.42
7087,0.46
7088,0.43
7089,0.45
7090,0.46
7091,0.43
7092,0.45
7093,0.45
7094,0.43
7095,0.45
7096,0.45
7097,0.43
7098,0.43
7099,0.46
7100,0.46
7101,0.43
7102,0.44
7103,0.46
7104,0.45
7105,0.43
7106,0.45
7107,0.46
7108,0.44
7109,0.45
7110,0.43
7111,0.43
7112,0.45
7113,0.45
7114,0.44
7115,0.43
7116,0.44
7117,0.42
7118,0.46
7119,0.43
7120,0.44
7121,0.45
7122,0.42
7123,0.43
7124,0.42
7125,0.43
7126,0.42
7127,0.46
7128,0.42
7129,0.45
7130,0.44
7131,0.46
7132,0.42
7133,0.42
7134,0.45
7135,0.42
7136,0.43
7137,0.44
7138,0.46
7139,0.46
7140,0.44
7141,0.43
7142,0.43
7143,0.43
7144,0.44
7145,0.43
7146,0.43
7147,0.43
7148,0.42
7149,0.43
7150,0.42
7151,0.44
7152,0.42
7153,0.46
7154,0.44
7155,0.43
7156,0.45
7157,0.43
7158,0.42
7159,0.44
7160,0.42
7161,0.42
7162,0.42
7163,0.44
7164,0.44
7165,0.46
7166,0.43
7167,0.43
7168,0.46
7169,0.42
7170,0.42
7171,0.44
7172,0.46
7173,0.45
7174,0.43
7175,0.43
7176,0.42
7177,0.44
7178,0.42
7179,0.44
7180,0.44
7181,0.43
7182,0.42
7183,0.46
7184,0.43
7185,0.46
7186,0.46
7187,0.46
7188,0.46
7189,0.42
7190,0.46
7191,0.42
7192,0.43
7193,0.43
7194,0.44
7195,0.43
7196,0.44
7197,0.44
7198,0.44
7199,0.42
7200,0.42
7201,0.42
7202,0.45
7203,0.44
7204,0.43
7205,0.46
7206,0.46
7207,0.42
7208,0.46
7209,0.43
7210,0.46
7211,0.45
7212,0.46
7213,0.43
7214,0.45
7215,0.46
7216,0.46
7217,0.44
7218,0.42
7219,0.44
7220,0.44
7221,0.43
7222,0.45
7223,0.44
7224,0.44
7225,0.43
7226,0.45
7227,0.45
7228,0.44
7229,0.43
7230,0.43
7231,0.43
7232,0.42
7233,0.43
7234,0.45
7235,0.46
7236,0.42
7237,0.42
7238,0.43
7239,0.42
7240,0.46
7241,0.46
7242,0.42
7243,0.44
7244,0.43
7245,0.43
7246,0.46
7247,0.44
7248,0.42
7249,0.46
7250,0.43
7251,0.45
7252,0.42
7253,0.42
7254,0.42
7255,0.43
7256,0.46
7257,0.44
7258,0.45
7259,0.46
7260,0.43
7261,0.43
7262,0.43
7263,0.46
7264,0.42
7265,0.46
7266,0.44
7267,0.46
7268,0.42
7269,0.46
7270,0.45
7271,0.46
7272,0.43
7273,0.46
7274,0.45
7275,0.46
7276,0.43
7277,0.42
7278,0.45
7279,0.43
7280,0.44
7281,0.42
7282,0.46
7283,0.43
7284,0.46
7285,0.44
7286,0.44
7287,0.43
7288,0.45
7289,0.43
7290,0.46
7291,0.44
7292,0.45
7293,0.45
7294,0.43
7295,0.43
7296,0.46
7297,0.43
7298,0.44
7299,0.42
7300,0.44
7301,0.44
7302,0.46
7303,0.43
7304,0.42
7305,0.43
7306,0.46
7307,0.45
7308,0.42
7309,0.45
7310,0.45
7311,0.44
7312,0.42
7313,0.43
7314,0.46
7315,0.42
7316,0.46
7317,0.46
7318,0.43
7319,0.46
7320,0.43
7321,0.42
7322,0.46
7323,0.44
7324,0.46
7325,0.44
7326,0.45
7327,0.46
7328,0.42
7329,0.43
7330,0.46
7331,0.42
7332,0.46
7333,0.46
7334,0.44
7335,0.45
7336,0.42
7337,0.45
7338,0.46
7339,0.46
7340,0.45
7341,0.42
7342,0.43
7343,0.45
7344,0.43
7345,0.43
7346,0.45
7347,0.46
7348,0.45
7349,0.45
7350,0.44
7351,0.42
7352,0.42
7353,0.45
7354,0.43
7355,0.43
7356,0.46
7357,0.44
7358,0.46
7359,0.42
7360,0.46
7361,0.42
7362,0.44
7363,0.42
7364,0.46
7365,0.42
7366,0.46
7367,0.44
7368,0.46
7369,0.42
7370,0.44
7371,0.44
7372,0.45
7373,0.44
7374,0.44
7375,0.44
7376,0.46
7377,0.46
7378,0.46
7379,0.42
7380,0.46
7381,0.43
7382,0.43
7383,0.45
7384,0.46
7385,0.44
7386,0.42
7387,0.44
7388,0.42
7389,0.42
7390,0.44
7391,0.42
7392,0.46
7393,0.44
7394,0.42
7395,0.46
7396,0.45
7397,0.46
7398,0.44
7399,0.46
7400,0.44
7401,0.44
7402,0.45
7403,0.46
7404,0.46
7405,0.43
7406,0.46
7407,0.43
7408,0.45
7409,0.44
7410,0.44
7411,0.46
7412,0.42
7413,0.45
7414,0.43
7415,0.44
7416,0.44
7417,0.46
7418,0.43
7419,0.44
7420,0.44
7421,0.46
7422,0.42
7423,0.45
7424,0.46
7425,0.44
7426,0.44
7427,0.43
7428,0.45
7429,0.43
7430,0.43
7431,0.46
7432,0.43
7433,0.45
7434,0.42
7435,0.44
7436,0.44
7437,0.45
7438,0.46
7439,0.42
7440,0.44
7441,0.42
7442,0.44
7443,0.43
7444,0.43
7445,0.46
7446,0.44
7447,0.42
7448,0.45
7449,0.45
7450,0.45
7451,0.43
7452,0.43
7453,0.46
7454,0.42
7455,0.43
7456,0.45
7457,0.42
7458,0.45
7459,0.45
7460,0.44
7461,0.46
7462,0.43
7463,0.43
7464,0.43
7465,0.42
7466,0.46
7467,0.44
7468,0.46
7469,0.42
7470,0.42
7471,0.46
7472,0.43
7473,0.45
7474,0.43
7475,0.46
7476,0.45
7477,0.44
7478,0.45
7479,0.42
7480,0.44
7481,0.43
7482,0.44
7483,0.42
7484,0.42
7485,0.42
7486,0.46
7487,0.42
7488,0.44
7489,0.43
7490,0.42
7491,0.43
7492,0.43
7493,0.42
7494,0.46
7495,0.44
7496,0.45
7497,0.42
7498,0.44
7499,0.43
7500,0.43
7501,0.45
7502,0.42
7503,0.45
7504,0.44
7505,0.44
7506,0.44
7507,0.46
7508,0.44
7509,0.43
7510,0.46
7511,0.43
7512,0.44
7513,0.42
7514,0.42
7515,0.44
7516,0.46
7517,0.42
7518,0.44
7519,0.44
7520,0.42
7521,0.45
7522,0.44
7523,0.42
7524,0.46
7525,0.43
7526,0.45
7527,0.46
7528,0.43
7529,0.45
7530,0.45
7531,0.42
7532,0.45
7533,0.43
7534,0.44
7535,0.44
7536,0.42
7537,0.43
7538,0.44
7539,0.44
7540,0.42
7541,0.42
7542,0.45
7543,0.42
7544,0.42
7545,0.44
7546,0.43
7547,0.45
7548,0.46
7549,0.43
7550,0.43
7551,0.42
7552,0.44
7553,0.45
7554,0.44
7555,0.44
7556,0.42
7557,0.44
7558,0.43
7559,0.44
7560,0.44
7561,0.45
7562,0.42
7563,0.43
7564,0.45
7565,0.45
7566,0.44
7567,0.45
7568,0.44
7569,0.45
7570,0.43
7571,0.46
7572,0.46
7573,0.44
7574,0.43
7575,0.46
7576,0.46
7577,0.46
7578,0.45
7579,0.45
7580,0.45
7581,0.42
7582,0.44
7583,0.45
7584,0.43
7585,0.42
7586,0.42
7587,0.46
7588,0.46
7589,0.43
7590,0.44
7591,0.43
7592,0.45
7593,0.43
7594,0.45
7595,0.44
7596,0.45
7597,0.46
7598,0.42
7599,0.46
7600,0.44
7601,0.44
7602,0.44
7603,0.45
7604,0.43
7605,0.43
7606,0.46
7607,0.44
7608,0.44
7609,0.42
7610,0.44
7611,0.45
7612,0.46
7613,0.46
7614,0.44
7615,0.42
7616,0.45
7617,0.45
7618,0.44
7619,0.45
7620,0.44
7621,0.46
7622,0.45
7623,0.42
7624,0.45
7625,0.44
7626,0.42
7627,0.42
7628,0.42
7629,0.45
7630,0.46
7631,0.45
7632,0.43
7633,0.46
7634,0.45
7635,0.46
7636,0.44
7637,0.44
7638,0.42
7639,0.42
7640,0.45
7641,0.43
7642,0.45
7643,0.45
7644,0.43
7645,0.42
7646,0.42
7647,0.45
7648,0.46
7649,0.46
7650,0.46
7651,0.44
7652,0.43
7653,0.45
7654,0.45
7655,0.42
7656,0.42
7657,0.45
7658,0.43
7659,0.44
7660,0.42
7661,0.45
7662,0.44
7663,0.46
7664,0.43
7665,0.43
7666,0.46
7667,0.42
7668,0.45
7669,0.46
7670,0.45
7671,0.43
7672,0.43
7673,0.43
7674,0.42
7675,0.43
7676,0.44
7677,0.43
7678,0.44
7679,0.45
7680,0.43
7681,0.42
7682,0.42
7683,0.44
7684,0.45
7685,0.46
7686,0.46
7687,0.45
7688,0.43
7689,0.46
7690,0.46
7691,0.42
7692,0.43
7693,0.42
7694,0.43
7695,0.45
7696,0.46
7697,0.44
7698,0.46
7699,0.46
7700,0.45
7701,0.42
7702,0.46
7703,0.44
7704,0.42
7705,0.43
7706,0.46
7707,0.43
7708,0.45
7709,0.44
7710,0.44
7711,0.42
7712,0.43
7713,0.44
7714,0.42
7715,0.46
7716,0.42
7717,0.42
7718,0.42
7719,0.43
7720,0.46
7721,0.44
7722,0.46
7723,0.42
7724,0.43
7725,0.46
7726,0.44
7727,0.46
7728,0.46
7729,0.44
7730,0.42
7731,0.46
7732,0.43
7733,0.43
7734,0.42
7735,0.43
7736,0.45
7737,0.44
7738,0.46
7739,0.44
7740,0.46
7741,0.45
7742,0.44
7743,0.44
7744,0.43
7745,0.46
7746,0.42
7747,0.46
7748,0.46
7749,0.43
7750,0.45
7751,0.45
7752,0.45
7753,0.44
7754,0.42
7755,0.45
7756,0.45
7757,0.43
7758,0.42
7759,0.42
7760,0.45
7761,0.44
7762,0.46
7763,0.42
7764,0.42
7765,0.46
7766,0.46
7767,0.45
7768,0.42
7769,0.46
7770,0.43
7771,0.45
7772,0.44
7773,0.45
7774,0.45
7775,0.45
7776,0.45
7777,0.43
7778,0.46
7779,0.43
7780,0.46
7781,0.44
7782,0.46
7783,0.46
7784,0.45
7785,0.45
7786,0.43
7787,0.45
7788,0.44
7789,0.42
7790,0.44
7791,0.45
7792,0.42
7793,0.44
7794,0.43
7795,0.46
7796,0.43
7797,0.44
7798,0.43
7799,0.42
7800,0.46
7801,0.44
7802,0.42
7803,0.43
7804,0.45
7805,0.43
7806,0.44
7807,0.43
7808,0.42
7809,0.43
7810,0.46
7811,0.46
7812,0.44
7813,0.46
7814,0.43
7815,0.42
7816,0.42
7817,0.42
7818,0.43
7819,0.45
7820,0.43
7821,0.46
7822,0.43
7823,0.43
7824,0.45
7825,0.42
7826,0.42
7827,0.43
7828,0.42
7829,0.45
7830,0.42
7831,0.43
7832,0.46
7833,0.44
7834,0.45
7835,0.44
7836,0.43
7837,0.46
7838,0.42
7839,0.42
7840,0.43
7841,0.45
7842,0.46
7843,0.46
7844,0.45
7845,0.42
7846,0.46
7847,0.44
7848,0.42
7849,0.46
7850,0.44
7851,0.43
7852,0.42
7853,0.42
7854,0.46
7855,0.42
7856,0.42
7857,0.43
7858,0.43
7859,0.45
7860,0.43
7861,0.43
7862,0.42
7863,0.44
7864,0.42
7865,0.43
7866,0.43
7867,0.46
7868,0.42
7869,0.42
7870,0.45
7871,0.43
7872,0.43
7873,0.42
7874,0.43
7875,0.43
7876,0.46
7877,0.43
7878,0.46
7879,0.43
7880,0.42
7881,0.42
7882,0.43
7883,0.44
7884,0.45
7885,0.44
7886,0.46
7887,0.45
7888,0.44
7889,0.46
7890,0.42
7891,0.45
7892,0.46
7893,0.45
7894,0.42
7895,0.45
7896,0.43
7897,0.42
7898,0.45
7899,0.42
7900,0.43
7901,0.42
7902,0.44
7903,0.43
7904,0.43
7905,0.43
7906,0.42
7907,0.46
7908,0.45
7909,0.43
7910,0.42
7911,0.46
7912,0.42
7913,0.42
7914,0.45
7915,0.45
7916,0.44
7917,0.42
7918,0.42
7919,0.43
7920,0.46
7921,0.43
7922,0.45
7923,0.42
7924,0.45
7925,0.42
7926,0.45
7927,0.43
7928,0.45
7929,0.43
7930,0.43
7931,0.44
7932,0.44
7933,0.43
7934,0.45
7935,0.44
7936,0.46
7937,0.44
7938,0.42
7939,0.45
7940,0.45
7941,0.42
7942,0.42
7943,0.43
7944,0.45
7945,0.44
7946,0.46
7947,0.45
7948,0.44
7949,0.42
7950,0.45
7951,0.43
7952,0.42
7953,0.42
7954,0.42
7955,0.45
7956,0.45
7957,0.42
7958,0.45
7959,0.43
7960,0.46
7961,0.45
7962,0.43
7963,0.45
7964,0.45
7965,0.43
7966,0.44
7967,0.44
7968,0.42
7969,0.42
7970,0.45
7971,0.43
7972,0.46
7973,0.44
7974,0.42
7975,0.46
7976,0.43
7977,0.42
7978,0.42
7979,0.46
7980,0.46
7981,0.43
7982,0.45
7983,0.44
7984,0.44
7985,0.42
7986,0.42
7987,0.43
7988,0.46
7989,0.45
7990,0.46
7991,0.42
7992,0.46
7993,0.46
7994,0.43
7995,0.44
7996,0.45
7997,0.45
7998,0.42
7999,0.44
8000,0.42
8001,0.45
8002,0.45
8003,0.46
8004,0.42
8005,0.45
8006,0.42
8007,0.45
8008,0.44
8009,0.45
8010,0.43
8011,0.42
8012,0.45
8013,0.46
8014,0.46
8015,0.46
8016,0.44
8017,0.44
8018,0.45
8019,0.42
8020,0.42
8021,0.45
8022,0.43
8023,0.46
8024,0.42
8025,0.42
8026,0.44
8027,0.46
8028,0.46
8029,0.42
8030,0.46
8031,0.44
8032,0.42
8033,0.44
8034,0.45
8035,0.44
8036,0.44
8037,0.43
8038,0.44
8039,0.46
8040,0.44
8041,0.46
8042,0.42
8043,0.45
8044,0.42
8045,0.42
8046,0.43
8047,0.45
8048,0.45
8049,0.46
8050,0.44
8051,0.43
8052,0.46
8053,0.44
8054,0.44
8055,0.42
8056,0.42
8057,0.42
8058,0.45
8059,0.44
8060,0.45
8061,0.42
8062,0.43
8063,0.43
8064,0.46
8065,0.43
8066,0.44
8067,0.46
8068,0.46
8069,0.45
8070,0.46
8071,0.45
8072,0.43
8073,0.43
8074,0.42
8075,0.44
8076,0.42
8077,0.45
8078,0.42
8079,0.44
8080,0.42
8081,0.42
8082,0.46
8083,0.42
8084,0.44
8085,0.42
8086,0.43
8087,0.45
8088,0.43
8089,0.44
8090,0.45
8091,0.42
8092,0.45
8093,0.43
8094,0.45
8095,0.46
8096,0.44
8097,0.45
8098,0.42
8099,0.46
8100,0.44
8101,0.46
8102,0.46
8103,0.43
8104,0.45
8105,0.42
8106,0.43
8107,0.45
8108,0.46
8109,0.45
8110,0.42
8111,0.44
8112,0.42
8113,0.45
8114,0.45
8115,0.44
8116,0.46
8117,0.44
8118,0.43
8119,0.44
8120,0.43
8121,0.42
8122,0.46
8123,0.43
8124,0.43
8125,0.44
8126,0.43
8127,0.45
8128,0.43
8129,0.44
8130,0.45
8131,0.45
8132,0.45
8133,0.44
8134,0.46
8135,0.42
8136,0.44
8137,0.43
8138,0.44
8139,0.45
8140,0.46
8141,0.43
8142,0.43
8143,0.44
8144,0.45
8145,0.42
8146,0.44
8147,0.42
8148,0.43
8149,0.42
8150,0.44
8151,0.44
8152,0.46
8153,0.46
8154,0.46
8155,0.43
8156,0.44
8157,0.46
8158,0.44
8159,0.43
8160,0.44
8161,0.45
8162,0.45
8163,0.45
8164,0.42
8165,0.43
8166,0.42
8167,0.42
8168,0.42
8169,0.46
8170,0.45
8171,0.45
8172,0.45
8173,0.45
8174,0.46
8175,0.45
8176,0.43
8177,0.46
8178,0.43
8179,0.42
8180,0.42
8181,0.45
8182,0.43
8183,0.46
8184,0.44
8185,0.42
8186,0.44
8187,0.45
8188,0.46
8189,0.46
8190,0.43
8191,0.45
8192,0.44
8193,0.44
8194,0.45
8195,0.46
8196,0.45
8197,0.44
8198,0.42
8199,0.46
8200,0.45
8201,0.45
8202,0.43
8203,0.43
8204,0.46
8205,0.46
8206,0.44
8207,0.42
8208,0.46
8209,0.44
8210,0.42
8211,0.46
8212,0.46
8213,0.45
8214,0.43
8215,0.46
8216,0.45
8217,0.43
8218,0.42
8219,0.43
8220,0.44
8221,0.44
8222,0.46
8223,0.44
8224,0.42
8225,0.44
8226,0.45
8227,0.42
8228,0.42
8229,0.46
8230,0.45
8231,0.43
8232,0.42
8233,0.43
8234,0.46
8235,0.45
8236,0.43
8237,0.46
8238,0.43
8239,0.43
8240,0.45
8241,0.44
8242,0.45
8243,0.44
8244,0.45
8245,0.46
8246,0.44
8247,0.46
8248,0.42
8249,0.44
8250,0.45
8251,0.44
8252,0.44
8253,0.45
8254,0.42
8255,0.45
8256,0.45
8257,0.42
8258,0.44
8259,0.45
8260,0.44
8261,0.42
8262,0.44
8263,0.43
8264,0.46
8265,0.43
8266,0.44
8267,0.46
8268,0.43
8269,0.42
8270,0.45
8271,0.46
8272,0.44
8273,0.46
8274,0.46
8275,0.44
8276,0.42
8277,0.43
8278,0.44
8279,0.44
8280,0.43
8281,0.44
8282,0.44
8283,0.42
8284,0.44
8285,0.42
8286,0.42
8287,0.44
8288,0.43
8289,0.42
8290,0.42
8291,0.45
8292,0.43
8293,0.42
8294,0.46
8295,0.42
8296,0.46
8297,0.45
8298,0.42
8299,0.45
8300,0.46
8301,0.44
8302,0.44
8303,0.44
8304,0.42
8305,0.46
8306,0.42
8307,0.45
8308,0.42
8309,0.42
8310,0.46
8311,0.42
8312,0.44
8313,0.44
8314,0.44
8315,0.45
8316,0.43
8317,0.44
8318,0.45
8319,0.46
8320,0.46
8321,0.45
8322,0.44
8323,0.46
8324,0.42
8325,0.45
8326,0.45
8327,0.46
8328,0.46
8329,0.45
8330,0.46
8331,0.42
8332,0.45
8333,0.45
8334,0.45
8335,0.43
8336,0.46
8337,0.46
8338,0.46
8339,0.45
8340,0.45
8341,0.43
8342,0.46
8343,0.45
8344,0.44
8345,0.45
8346,0.46
8347,0.46
8348,0.44
8349,0.44
8350,0.44
8351,0.43
8352,0.42
8353,0.43
8354,0.43
8355,0.43
8356,0.43
8357,0.43
8358,0.44
8359,0.45
8360,0.45
8361,0.43
8362,0.46
8363,0.44
8364,0.45
8365,0.43
8366,0.44
8367,0.44
8368,0.42
8369,0.45
8370,0.46
8371,0.42
8372,0.42
8373,0.46
8374,0.43
8375,0.43
8376,0.46
8377,0.42
8378,0.44
8379,0.43
8380,0.46
8381,0.42
8382,0.45
8383,0.42
8384,0.45
8385,0.46
8386,0.42
8387,0.42
8388,0.45
8389,0.43
8390,0.46
8391,0.43
8392,0.44
8393,0.44
8394,0.42
8395,0.45
8396,0.45
8397,0.44
8398,0.42
8399,0.44
8400,0.42
8401,0.42
8402,0.42
8403,0.45
8404,0.44
8405,0.44
8406,0.46
8407,0.46
8408,0.46
8409,0.44
8410,0.42
8411,0.45
8412,0.44
8413,0.42
8414,0.43
8415,0.46
8416,0.43
8417,0.43
8418,0.43
8419,0.45
8420,0.43
8421,0.46
8422,0.43
8423,0.43
8424,0.43
8425,0.46
8426,0.46
8427,0.46
8428,0.42
8429,0.45
8430,0.45
8431,0.45
8432,0.43
8433,0.44
8434,0.45
8435,0.42
8436,0.46
8437,0.44
8438,0.43
8439,0.42
8440,0.46
8441,0.46
8442,0.46
8443,0.42
8444,0.44
8445,0.45
8446,0.42
8447,0.46
8448,0.45
8449,0.45
8450,0.45
8451,0.44
8452,0.44
8453,0.45
8454,0.44
8455,0.44
8456,0.43
8457,0.44
8458,0.45
8459,0.45
8460,0.46
8461,0.46
8462,0.44
8463,0.44
8464,0.45
8465,0.44
8466,0.43
8467,0.45
8468,0.44
8469,0.43
8470,0.45
8471,0.43
8472,0.42
8473,0.44
8474,0.43
8475,0.46
8476,0.46
8477,0.42
8478,0.44
8479,0.44
8480,0.44
8481,0.42
8482,0.42
8483,0.42
8484,0.45
8485,0.44
8486,0.46
8487,0.45
8488,0.43
8489,0.44
8490,0.43
8491,0.46
8492,0.46
8493,0.45
8494,0.42
8495,0.46
8496,0.46
8497,0.43
8498,0.45
8499,0.43
8500,0.43
8501,0.44
8502,0.44
8503,0.45
8504,0.42
8505,0.44
8506,0.46
8507,0.42
8508,0.43
8509,0.42
8510,0.42
8511,0.46
8512,0.42
8513,0.43
8514,0.46
8515,0.46
8516,0.46
8517,0.42
8518,0.44
8519,0.46
8520,0.45
8521,0.44
8522,0.43
8523,0.45
8524,0.42
8525,0.42
8526,0.45
8527,0.46
8528,0.45
8529,0.42
8530,0.42
8531,0.46
8532,0.45
8533,0.44
8534,0.43
8535,0.42
8536,0.45
8537,0.45
8538,0.45
8539,0.46
8540,0.45
8541,0.43
8542,0.44
8543,0.43
8544,0.45
8545,0.44
8546,0.44
8547,0.42
8548,0.42
8549,0.43
8550,0.46
8551,0.46
8552,0.46
8553,0.42
8554,0.45
8555,0.46
8556,0.42
8557,0.46
8558,0.43
8559,0.45
8560,0.43
8561,0.46
8562,0.45
8563,0.45
8564,0.44
8565,0.43
8566,0.44
8567,0.43
8568,0.42
8569,0.45
8570,0.43
8571,0.46
8572,0.44
8573,0.46
8574,0.42
8575,0.42
8576,0.45
8577,0.43
8578,0.44
8579,0.44
8580,0.44
8581,0.43
8582,0.45
8583,0.44
8584,0.45
8585,0.46
8586,0.42
8587,0.45
8588,0.44
8589,0.43
8590,0.43
8591,0.46
8592,0.42
8593,0.44
8594,0.46
8595,0.44
8596,0.45
8597,0.43
8598,0.42
8599,0.44
8600,0.42
8601,0.46
8602,0.45
8603,0.42
8604,0.46
8605,0.45
8606,0.46
8607,0.42
8608,0.43
8609,0.46
8610,0.42
8611,0.45
8612,0.46
8613,0.43
8614,0.43
8615,0.46
8616,0.45
8617,0.44
8618,0.44
8619,0.43
8620,0.42
8621,0.46
8622,0.44
8623,0.44
8624,0.46
8625,0.45
8626,0.44
8627,0.45
8628,0.42
8629,0.46
8630,0.44
8631,0.42
8632,0.45
8633,0.44
8634,0.45
8635,0.44
8636,0.42
8637,0.45
8638,0.44
8639,0.45
8640,0.45
8641,0.43
8642,0.46
8643,0.42
8644,0.44
8645,0.44
8646,0.44
8647,0.44
8648,0.46
8649,0.45
8650,0.42
8651,0.46
8652,0.45
8653,0.45
8654,0.42
8655,0.46
8656,0.43
8657,0.42
8658,0.45
8659,0.42
8660,0.42
8661,0.44
8662,0.46
8663,0.44
8664,0.42
8665,0.45
8666,0.44
8667,0.45
8668,0.45
8669,0.46
8670,0.42
8671,0.45
8672,0.46
8673,0.42
8674,0.46
8675,0.43
8676,0.42
8677,0.44
8678,0.45
8679,0.44
8680,0.45
8681,0.46
8682,0.43
8683,0.43
8684,0.44
8685,0.44
8686,0.43
8687,0.46
8688,0.43
8689,0.46
8690,0.43
8691,0.43
8692,0.45
8693,0.45
8694,0.44
8695,0.45
8696,0.42
8697,0.45
8698,0.44
8699,0.42
8700,0.42
8701,0.45
8702,0.44
8703,0.43
8704,0.42
8705,0.46
8706,0.44
8707,0.44
8708,0.46
8709,0.46
8710,0.46
8711,0.42
8712,0.44
8713,0.45
8714,0.45
8715,0.46
8716,0.45
8717,0.45
8718,0.46
8719,0.46
8720,0.46
8721,0.42
8722,0.44
8723,0.44
8724,0.44
8725,0.43
8726,0.46
8727,0.43
8728,0.44
8729,0.43
8730,0.45
8731,0.44
8732,0.44
8733,0.43
8734,0.42
8735,0.42
8736,0.46
8737,0.43
8738,0.42
8739,0.44
8740,0.43
8741,0.45
8742,0.43
8743,0.43
8744,0.43
8745,0.45
8746,0.45
8747,0.44
8748,0.45
8749,0.46
8750,0.46
8751,0.44
8752,0.44
8753,0.42
8754,0.42
8755,0.44
8756,0.43
8757,0.46
8758,0.43
8759,0.46
8760,0.46
