Time_Index,Hybrid_Wind_Test
1,0.343
2,0.402
3,0.407
4,0.405
5,0.399
6,0.365
7,0.335
8,0.289
9,0.266
10,0.235
11,0.259
12,0.304
13,0.326
14,0.348
15,0.355
16,0.4
17,0.413
18,0.462
19,0.537
20,0.64
21,0.742
22,0.784
23,0.839
24,0.88
25,0.898
26,0.913
27,0.913
28,0.914
29,0.915
30,0.907
31,0.908
32,0.902
33,0.911
34,0.918
35,0.933
36,0.932
37,0.927
38,0.912
39,0.91
40,0.917
41,0.93
42,0.949
43,0.949
44,0.947
45,0.946
46,0.935
47,0.902
48,0.898
49,0.91
50,0.918
51,0.921
52,0.902
53,0.888
54,0.895
55,0.912
56,0.915
57,0.911
58,0.881
59,0.865
60,0.893
61,0.909
62,0.886
63,0.842
64,0.81
65,0.795
66,0.798
67,0.843
68,0.856
69,0.862
70,0.847
71,0.83
72,0.834
73,0.827
74,0.831
75,0.853
76,0.881
77,0.899
78,0.916
79,0.887
80,0.801
81,0.746
82,0.763
83,0.787
84,0.769
85,0.73
86,0.654
87,0.551
88,0.473
89,0.436
90,0.392
91,0.415
92,0.493
93,0.503
94,0.449
95,0.377
96,0.338
97,0.317
98,0.287
99,0.336
100,0.329
101,0.295
102,0.286
103,0.301
104,0.343
105,0.3
106,0.283
107,0.271
108,0.217
109,0.172
110,0.118
111,0.089
112,0.111
113,0.143
114,0.17
115,0.239
116,0.293
117,0.367
118,0.545
119,0.748
120,0.875
121,0.94
122,0.975
123,0.973
124,0.932
125,0.857
126,0.826
127,0.8
128,0.679
129,0.655
130,0.639
131,0.633
132,0.649
133,0.683
134,0.728
135,0.776
136,0.812
137,0.829
138,0.875
139,0.92
140,0.986
141,0.988
142,0.97
143,0.953
144,0.937
145,0.878
146,0.853
147,0.85
148,0.867
149,0.93
150,0.961
151,0.979
152,0.989
153,0.991
154,0.996
155,0.995
156,0.973
157,0.906
158,0.817
159,0.719
160,0.6
161,0.515
162,0.443
163,0.401
164,0.401
165,0.403
166,0.399
167,0.39
168,0.391
169,0.397
170,0.393
171,0.418
172,0.44
173,0.46
174,0.465
175,0.456
176,0.455
177,0.534
178,0.639
179,0.722
180,0.739
181,0.711
182,0.699
183,0.742
184,0.79
185,0.767
186,0.767
187,0.795
188,0.793
189,0.708
190,0.59
191,0.494
192,0.46
193,0.445
194,0.454
195,0.528
196,0.597
197,0.607
198,0.603
199,0.68
200,0.718
201,0.736
202,0.764
203,0.819
204,0.857
205,0.859
206,0.823
207,0.803
208,0.788
209,0.786
210,0.752
211,0.696
212,0.639
213,0.638
214,0.669
215,0.713
216,0.763
217,0.786
218,0.787
219,0.773
220,0.806
221,0.883
222,0.865
223,0.812
224,0.692
225,0.654
226,0.722
227,0.757
228,0.8
229,0.855
230,0.861
231,0.839
232,0.856
233,0.888
234,0.919
235,0.92
236,0.864
237,0.763
238,0.622
239,0.551
240,0.548
241,0.55
242,0.619
243,0.564
244,0.488
245,0.428
246,0.451
247,0.497
248,0.488
249,0.453
250,0.419
251,0.459
252,0.458
253,0.47
254,0.498
255,0.493
256,0.48
257,0.468
258,0.463
259,0.453
260,0.443
261,0.406
262,0.365
263,0.335
264,0.309
265,0.279
266,0.259
267,0.239
268,0.226
269,0.225
270,0.228
271,0.233
272,0.241
273,0.248
274,0.238
275,0.237
276,0.238
277,0.242
278,0.241
279,0.23
280,0.236
281,0.242
282,0.224
283,0.215
284,0.216
285,0.213
286,0.201
287,0.2
288,0.19
289,0.157
290,0.136
291,0.117
292,0.084
293,0.064
294,0.045
295,0.03
296,0.024
297,0.022
298,0.023
299,0.026
300,0.039
301,0.064
302,0.089
303,0.107
304,0.159
305,0.162
306,0.147
307,0.146
308,0.183
309,0.206
310,0.22
311,0.185
312,0.151
313,0.145
314,0.148
315,0.149
316,0.156
317,0.163
318,0.146
319,0.136
320,0.138
321,0.193
322,0.205
323,0.211
324,0.234
325,0.278
326,0.329
327,0.332
328,0.348
329,0.403
330,0.354
331,0.277
332,0.294
333,0.408
334,0.592
335,0.691
336,0.733
337,0.768
338,0.814
339,0.85
340,0.893
341,0.927
342,0.951
343,0.967
344,0.98
345,0.981
346,0.982
347,0.977
348,0.973
349,0.965
350,0.956
351,0.968
352,0.971
353,0.97
354,0.986
355,0.986
356,0.985
357,0.991
358,0.981
359,0.972
360,0.971
361,0.971
362,0.939
363,0.913
364,0.897
365,0.867
366,0.835
367,0.813
368,0.76
369,0.686
370,0.62
371,0.578
372,0.55
373,0.531
374,0.506
375,0.511
376,0.535
377,0.501
378,0.45
379,0.396
380,0.374
381,0.363
382,0.351
383,0.35
384,0.374
385,0.428
386,0.539
387,0.67
388,0.743
389,0.796
390,0.832
391,0.863
392,0.896
393,0.945
394,0.969
395,0.969
396,0.953
397,0.936
398,0.9
399,0.867
400,0.877
401,0.866
402,0.837
403,0.786
404,0.772
405,0.777
406,0.773
407,0.809
408,0.861
409,0.878
410,0.926
411,0.893
412,0.772
413,0.69
414,0.7
415,0.842
416,0.885
417,0.892
418,0.929
419,0.946
420,0.94
421,0.92
422,0.891
423,0.865
424,0.848
425,0.862
426,0.88
427,0.879
428,0.89
429,0.901
430,0.914
431,0.919
432,0.918
433,0.907
434,0.891
435,0.878
436,0.867
437,0.861
438,0.846
439,0.807
440,0.718
441,0.662
442,0.613
443,0.528
444,0.458
445,0.429
446,0.412
447,0.43
448,0.447
449,0.434
450,0.405
451,0.374
452,0.326
453,0.29
454,0.274
455,0.272
456,0.29
457,0.295
458,0.301
459,0.303
460,0.302
461,0.297
462,0.294
463,0.314
464,0.329
465,0.323
466,0.27
467,0.19
468,0.158
469,0.134
470,0.136
471,0.166
472,0.253
473,0.353
474,0.422
475,0.475
476,0.522
477,0.51
478,0.495
479,0.474
480,0.456
481,0.409
482,0.406
483,0.427
484,0.454
485,0.488
486,0.551
487,0.655
488,0.683
489,0.683
490,0.723
491,0.742
492,0.749
493,0.722
494,0.611
495,0.458
496,0.377
497,0.328
498,0.243
499,0.194
500,0.192
501,0.295
502,0.525
503,0.665
504,0.775
505,0.852
506,0.863
507,0.893
508,0.926
509,0.946
510,0.962
511,0.97
512,0.977
513,0.983
514,0.981
515,0.979
516,0.979
517,0.979
518,0.979
519,0.98
520,0.979
521,0.975
522,0.972
523,0.972
524,0.971
525,0.966
526,0.962
527,0.96
528,0.955
529,0.954
530,0.957
531,0.953
532,0.942
533,0.939
534,0.931
535,0.928
536,0.916
537,0.878
538,0.826
539,0.803
540,0.775
541,0.759
542,0.764
543,0.789
544,0.826
545,0.819
546,0.819
547,0.824
548,0.82
549,0.841
550,0.83
551,0.831
552,0.828
553,0.807
554,0.81
555,0.795
556,0.784
557,0.769
558,0.714
559,0.652
560,0.61
561,0.602
562,0.593
563,0.583
564,0.576
565,0.559
566,0.539
567,0.56
568,0.623
569,0.649
570,0.664
571,0.687
572,0.712
573,0.721
574,0.712
575,0.702
576,0.707
577,0.72
578,0.727
579,0.722
580,0.705
581,0.69
582,0.68
583,0.664
584,0.627
585,0.584
586,0.565
587,0.558
588,0.554
589,0.567
590,0.592
591,0.631
592,0.674
593,0.684
594,0.686
595,0.683
596,0.686
597,0.707
598,0.744
599,0.795
600,0.83
601,0.857
602,0.887
603,0.906
604,0.879
605,0.846
606,0.78
607,0.705
608,0.644
609,0.489
610,0.348
611,0.256
612,0.201
613,0.154
614,0.134
615,0.118
616,0.13
617,0.16
618,0.187
619,0.206
620,0.213
621,0.236
622,0.279
623,0.326
624,0.36
625,0.339
626,0.337
627,0.314
628,0.313
629,0.335
630,0.303
631,0.256
632,0.232
633,0.159
634,0.115
635,0.096
636,0.087
637,0.085
638,0.09
639,0.113
640,0.208
641,0.338
642,0.429
643,0.562
644,0.65
645,0.68
646,0.719
647,0.771
648,0.814
649,0.855
650,0.9
651,0.935
652,0.944
653,0.942
654,0.924
655,0.906
656,0.904
657,0.915
658,0.914
659,0.928
660,0.939
661,0.937
662,0.928
663,0.918
664,0.921
665,0.899
666,0.885
667,0.879
668,0.851
669,0.832
670,0.837
671,0.84
672,0.81
673,0.775
674,0.738
675,0.762
676,0.796
677,0.817
678,0.845
679,0.847
680,0.781
681,0.683
682,0.627
683,0.582
684,0.544
685,0.511
686,0.464
687,0.424
688,0.469
689,0.514
690,0.48
691,0.427
692,0.368
693,0.309
694,0.252
695,0.175
696,0.101
697,0.065
698,0.042
699,0.021
700,0.018
701,0.03
702,0.04
703,0.059
704,0.076
705,0.071
706,0.07
707,0.066
708,0.075
709,0.089
710,0.097
711,0.106
712,0.132
713,0.174
714,0.289
715,0.445
716,0.493
717,0.516
718,0.499
719,0.458
720,0.423
721,0.327
722,0.254
723,0.237
724,0.273
725,0.287
726,0.251
727,0.217
728,0.265
729,0.287
730,0.261
731,0.25
732,0.244
733,0.234
734,0.215
735,0.205
736,0.227
737,0.144
738,0.12
739,0.124
740,0.143
741,0.196
742,0.369
743,0.606
744,0.73
745,0.746
746,0.739
747,0.776
748,0.788
749,0.775
750,0.752
751,0.702
752,0.705
753,0.796
754,0.828
755,0.878
756,0.873
757,0.832
758,0.855
759,0.857
760,0.84
761,0.815
762,0.743
763,0.636
764,0.549
765,0.472
766,0.402
767,0.39
768,0.48
769,0.616
770,0.755
771,0.835
772,0.91
773,0.975
774,0.995
775,1.0
776,1.0
777,0.998
778,0.99
779,0.932
780,0.925
781,0.905
782,0.892
783,0.879
784,0.85
785,0.858
786,0.868
787,0.84
788,0.834
789,0.819
790,0.766
791,0.748
792,0.731
793,0.736
794,0.735
795,0.793
796,0.85
797,0.867
798,0.867
799,0.855
800,0.837
801,0.791
802,0.75
803,0.717
804,0.684
805,0.649
806,0.596
807,0.564
808,0.535
809,0.558
810,0.579
811,0.583
812,0.61
813,0.668
814,0.722
815,0.78
816,0.846
817,0.895
818,0.921
819,0.933
820,0.932
821,0.923
822,0.892
823,0.857
824,0.847
825,0.833
826,0.817
827,0.808
828,0.827
829,0.844
830,0.873
831,0.871
832,0.852
833,0.835
834,0.831
835,0.857
836,0.882
837,0.88
838,0.867
839,0.855
840,0.858
841,0.867
842,0.881
843,0.892
844,0.883
845,0.866
846,0.851
847,0.844
848,0.856
849,0.869
850,0.874
851,0.86
852,0.847
853,0.851
854,0.847
855,0.834
856,0.824
857,0.828
858,0.847
859,0.852
860,0.856
861,0.861
862,0.867
863,0.869
864,0.864
865,0.851
866,0.837
867,0.827
868,0.821
869,0.814
870,0.8
871,0.772
872,0.741
873,0.706
874,0.663
875,0.685
876,0.661
877,0.607
878,0.556
879,0.512
880,0.409
881,0.342
882,0.315
883,0.316
884,0.321
885,0.321
886,0.334
887,0.363
888,0.38
889,0.405
890,0.451
891,0.504
892,0.582
893,0.638
894,0.633
895,0.595
896,0.555
897,0.54
898,0.561
899,0.571
900,0.532
901,0.482
902,0.41
903,0.294
904,0.219
905,0.161
906,0.109
907,0.092
908,0.072
909,0.057
910,0.051
911,0.058
912,0.059
913,0.06
914,0.069
915,0.067
916,0.066
917,0.092
918,0.144
919,0.233
920,0.289
921,0.357
922,0.559
923,0.762
924,0.792
925,0.803
926,0.78
927,0.783
928,0.78
929,0.77
930,0.772
931,0.713
932,0.61
933,0.545
934,0.506
935,0.471
936,0.434
937,0.418
938,0.389
939,0.335
940,0.29
941,0.263
942,0.241
943,0.233
944,0.298
945,0.41
946,0.492
947,0.521
948,0.535
949,0.509
950,0.439
951,0.388
952,0.364
953,0.345
954,0.365
955,0.398
956,0.429
957,0.456
958,0.473
959,0.5
960,0.536
961,0.566
962,0.598
963,0.664
964,0.693
965,0.678
966,0.677
967,0.702
968,0.705
969,0.74
970,0.768
971,0.784
972,0.775
973,0.763
974,0.711
975,0.62
976,0.543
977,0.515
978,0.482
979,0.485
980,0.481
981,0.479
982,0.434
983,0.394
984,0.393
985,0.399
986,0.43
987,0.441
988,0.469
989,0.447
990,0.43
991,0.478
992,0.501
993,0.553
994,0.671
995,0.777
996,0.769
997,0.699
998,0.593
999,0.487
1000,0.351
1001,0.273
1002,0.22
1003,0.175
1004,0.125
1005,0.077
1006,0.068
1007,0.073
1008,0.1
1009,0.141
1010,0.184
1011,0.209
1012,0.247
1013,0.345
1014,0.487
1015,0.595
1016,0.778
1017,0.931
1018,0.936
1019,0.879
1020,0.805
1021,0.77
1022,0.769
1023,0.721
1024,0.553
1025,0.395
1026,0.296
1027,0.222
1028,0.164
1029,0.106
1030,0.057
1031,0.03
1032,0.017
1033,0.011
1034,0.008
1035,0.004
1036,0.003
1037,0.004
1038,0.007
1039,0.011
1040,0.008
1041,0.01
1042,0.018
1043,0.031
1044,0.05
1045,0.07
1046,0.102
1047,0.141
1048,0.156
1049,0.145
1050,0.117
1051,0.086
1052,0.064
1053,0.043
1054,0.026
1055,0.014
1056,0.005
1057,0.001
1058,0.001
1059,0.002
1060,0.008
1061,0.024
1062,0.054
1063,0.075
1064,0.08
1065,0.092
1066,0.112
1067,0.141
1068,0.194
1069,0.238
1070,0.233
1071,0.209
1072,0.151
1073,0.086
1074,0.049
1075,0.032
1076,0.033
1077,0.039
1078,0.055
1079,0.083
1080,0.114
1081,0.139
1082,0.214
1083,0.284
1084,0.365
1085,0.451
1086,0.545
1087,0.655
1088,0.691
1089,0.775
1090,0.855
1091,0.901
1092,0.936
1093,0.947
1094,0.969
1095,0.97
1096,0.962
1097,0.968
1098,0.983
1099,0.956
1100,0.876
1101,0.782
1102,0.688
1103,0.654
1104,0.629
1105,0.588
1106,0.542
1107,0.529
1108,0.526
1109,0.523
1110,0.526
1111,0.514
1112,0.539
1113,0.613
1114,0.478
1115,0.274
1116,0.294
1117,0.378
1118,0.565
1119,0.74
1120,0.898
1121,0.945
1122,0.941
1123,0.918
1124,0.9
1125,0.886
1126,0.882
1127,0.881
1128,0.893
1129,0.874
1130,0.875
1131,0.912
1132,0.909
1133,0.932
1134,0.957
1135,0.964
1136,0.94
1137,0.93
1138,0.961
1139,0.983
1140,0.987
1141,0.987
1142,0.987
1143,0.969
1144,0.928
1145,0.927
1146,0.964
1147,0.976
1148,0.978
1149,0.973
1150,0.966
1151,0.949
1152,0.931
1153,0.928
1154,0.929
1155,0.919
1156,0.845
1157,0.797
1158,0.786
1159,0.805
1160,0.725
1161,0.7
1162,0.721
1163,0.804
1164,0.865
1165,0.904
1166,0.918
1167,0.864
1168,0.832
1169,0.85
1170,0.834
1171,0.84
1172,0.858
1173,0.872
1174,0.868
1175,0.872
1176,0.831
1177,0.699
1178,0.622
1179,0.541
1180,0.51
1181,0.512
1182,0.505
1183,0.475
1184,0.495
1185,0.519
1186,0.519
1187,0.518
1188,0.498
1189,0.478
1190,0.446
1191,0.365
1192,0.29
1193,0.279
1194,0.257
1195,0.28
1196,0.479
1197,0.692
1198,0.846
1199,0.941
1200,0.956
1201,0.977
1202,0.983
1203,0.972
1204,0.955
1205,0.944
1206,0.933
1207,0.893
1208,0.837
1209,0.842
1210,0.849
1211,0.854
1212,0.883
1213,0.911
1214,0.929
1215,0.928
1216,0.905
1217,0.889
1218,0.852
1219,0.776
1220,0.704
1221,0.675
1222,0.666
1223,0.633
1224,0.603
1225,0.631
1226,0.656
1227,0.668
1228,0.7
1229,0.732
1230,0.75
1231,0.752
1232,0.754
1233,0.777
1234,0.763
1235,0.753
1236,0.733
1237,0.735
1238,0.729
1239,0.697
1240,0.603
1241,0.512
1242,0.48
1243,0.42
1244,0.315
1245,0.245
1246,0.222
1247,0.207
1248,0.213
1249,0.219
1250,0.207
1251,0.158
1252,0.127
1253,0.114
1254,0.122
1255,0.145
1256,0.141
1257,0.129
1258,0.131
1259,0.204
1260,0.297
1261,0.335
1262,0.323
1263,0.292
1264,0.271
1265,0.326
1266,0.398
1267,0.475
1268,0.458
1269,0.458
1270,0.487
1271,0.525
1272,0.514
1273,0.473
1274,0.45
1275,0.47
1276,0.507
1277,0.514
1278,0.519
1279,0.537
1280,0.549
1281,0.639
1282,0.679
1283,0.665
1284,0.63
1285,0.594
1286,0.534
1287,0.454
1288,0.346
1289,0.361
1290,0.432
1291,0.446
1292,0.46
1293,0.463
1294,0.497
1295,0.671
1296,0.757
1297,0.836
1298,0.878
1299,0.896
1300,0.904
1301,0.897
1302,0.898
1303,0.877
1304,0.835
1305,0.857
1306,0.872
1307,0.892
1308,0.909
1309,0.923
1310,0.885
1311,0.839
1312,0.759
1313,0.659
1314,0.624
1315,0.618
1316,0.617
1317,0.583
1318,0.577
1319,0.602
1320,0.639
1321,0.699
1322,0.8
1323,0.84
1324,0.841
1325,0.84
1326,0.872
1327,0.882
1328,0.87
1329,0.905
1330,0.925
1331,0.927
1332,0.917
1333,0.898
1334,0.878
1335,0.847
1336,0.762
1337,0.675
1338,0.666
1339,0.689
1340,0.677
1341,0.683
1342,0.691
1343,0.718
1344,0.721
1345,0.75
1346,0.781
1347,0.791
1348,0.808
1349,0.821
1350,0.829
1351,0.833
1352,0.83
1353,0.852
1354,0.936
1355,0.96
1356,0.988
1357,0.995
1358,0.994
1359,0.991
1360,0.984
1361,0.949
1362,0.941
1363,0.948
1364,0.913
1365,0.869
1366,0.815
1367,0.732
1368,0.632
1369,0.48
1370,0.405
1371,0.369
1372,0.374
1373,0.457
1374,0.453
1375,0.45
1376,0.333
1377,0.407
1378,0.551
1379,0.587
1380,0.585
1381,0.546
1382,0.594
1383,0.538
1384,0.54
1385,0.592
1386,0.532
1387,0.48
1388,0.556
1389,0.622
1390,0.571
1391,0.588
1392,0.717
1393,0.817
1394,0.829
1395,0.779
1396,0.683
1397,0.559
1398,0.442
1399,0.375
1400,0.237
1401,0.149
1402,0.091
1403,0.066
1404,0.091
1405,0.129
1406,0.156
1407,0.172
1408,0.154
1409,0.101
1410,0.085
1411,0.043
1412,0.031
1413,0.042
1414,0.095
1415,0.171
1416,0.218
1417,0.363
1418,0.507
1419,0.612
1420,0.736
1421,0.8
1422,0.833
1423,0.859
1424,0.886
1425,0.928
1426,0.932
1427,0.951
1428,0.968
1429,0.983
1430,0.984
1431,0.979
1432,0.96
1433,0.926
1434,0.937
1435,0.872
1436,0.832
1437,0.819
1438,0.817
1439,0.847
1440,0.916
1441,0.89
1442,0.856
1443,0.788
1444,0.733
1445,0.782
1446,0.736
1447,0.75
1448,0.843
1449,0.936
1450,0.974
1451,0.989
1452,0.993
1453,0.994
1454,0.994
1455,0.994
1456,0.992
1457,0.98
1458,0.936
1459,0.894
1460,0.865
1461,0.828
1462,0.791
1463,0.76
1464,0.752
1465,0.721
1466,0.746
1467,0.811
1468,0.887
1469,0.898
1470,0.92
1471,0.934
1472,0.919
1473,0.915
1474,0.928
1475,0.934
1476,0.923
1477,0.913
1478,0.92
1479,0.938
1480,0.946
1481,0.98
1482,0.991
1483,0.991
1484,0.992
1485,0.99
1486,0.989
1487,0.992
1488,0.992
1489,0.99
1490,0.984
1491,0.973
1492,0.953
1493,0.929
1494,0.891
1495,0.836
1496,0.769
1497,0.726
1498,0.751
1499,0.774
1500,0.778
1501,0.767
1502,0.746
1503,0.739
1504,0.744
1505,0.788
1506,0.769
1507,0.752
1508,0.756
1509,0.756
1510,0.735
1511,0.706
1512,0.701
1513,0.701
1514,0.689
1515,0.668
1516,0.636
1517,0.616
1518,0.609
1519,0.606
1520,0.588
1521,0.581
1522,0.64
1523,0.673
1524,0.655
1525,0.627
1526,0.568
1527,0.493
1528,0.466
1529,0.508
1530,0.524
1531,0.526
1532,0.56
1533,0.591
1534,0.62
1535,0.662
1536,0.725
1537,0.771
1538,0.766
1539,0.733
1540,0.693
1541,0.65
1542,0.568
1543,0.47
1544,0.367
1545,0.277
1546,0.219
1547,0.171
1548,0.127
1549,0.101
1550,0.089
1551,0.088
1552,0.077
1553,0.072
1554,0.051
1555,0.039
1556,0.023
1557,0.012
1558,0.015
1559,0.027
1560,0.033
1561,0.04
1562,0.058
1563,0.085
1564,0.129
1565,0.187
1566,0.278
1567,0.331
1568,0.301
1569,0.292
1570,0.337
1571,0.423
1572,0.504
1573,0.528
1574,0.516
1575,0.522
1576,0.489
1577,0.511
1578,0.619
1579,0.661
1580,0.702
1581,0.739
1582,0.757
1583,0.749
1584,0.753
1585,0.761
1586,0.749
1587,0.723
1588,0.732
1589,0.746
1590,0.759
1591,0.832
1592,0.831
1593,0.821
1594,0.835
1595,0.881
1596,0.939
1597,0.954
1598,0.952
1599,0.947
1600,0.924
1601,0.897
1602,0.916
1603,0.898
1604,0.825
1605,0.698
1606,0.567
1607,0.514
1608,0.513
1609,0.521
1610,0.555
1611,0.636
1612,0.728
1613,0.737
1614,0.726
1615,0.741
1616,0.773
1617,0.822
1618,0.851
1619,0.855
1620,0.813
1621,0.781
1622,0.768
1623,0.751
1624,0.698
1625,0.562
1626,0.473
1627,0.409
1628,0.352
1629,0.3
1630,0.263
1631,0.219
1632,0.183
1633,0.15
1634,0.114
1635,0.091
1636,0.074
1637,0.09
1638,0.078
1639,0.053
1640,0.055
1641,0.064
1642,0.085
1643,0.09
1644,0.11
1645,0.099
1646,0.07
1647,0.051
1648,0.031
1649,0.049
1650,0.068
1651,0.084
1652,0.081
1653,0.076
1654,0.091
1655,0.093
1656,0.123
1657,0.21
1658,0.333
1659,0.505
1660,0.601
1661,0.658
1662,0.711
1663,0.715
1664,0.711
1665,0.759
1666,0.773
1667,0.792
1668,0.802
1669,0.806
1670,0.787
1671,0.773
1672,0.781
1673,0.856
1674,0.925
1675,0.944
1676,0.943
1677,0.942
1678,0.935
1679,0.924
1680,0.903
1681,0.896
1682,0.893
1683,0.876
1684,0.862
1685,0.843
1686,0.822
1687,0.749
1688,0.643
1689,0.578
1690,0.559
1691,0.539
1692,0.531
1693,0.538
1694,0.555
1695,0.57
1696,0.563
1697,0.613
1698,0.698
1699,0.762
1700,0.782
1701,0.761
1702,0.758
1703,0.776
1704,0.811
1705,0.844
1706,0.863
1707,0.848
1708,0.807
1709,0.771
1710,0.745
1711,0.748
1712,0.728
1713,0.671
1714,0.661
1715,0.667
1716,0.74
1717,0.826
1718,0.871
1719,0.914
1720,0.917
1721,0.802
1722,0.754
1723,0.773
1724,0.779
1725,0.73
1726,0.68
1727,0.678
1728,0.641
1729,0.55
1730,0.528
1731,0.517
1732,0.474
1733,0.449
1734,0.456
1735,0.437
1736,0.452
1737,0.534
1738,0.692
1739,0.887
1740,0.952
1741,0.965
1742,0.965
1743,0.95
1744,0.891
1745,0.812
1746,0.777
1747,0.812
1748,0.793
1749,0.774
1750,0.663
1751,0.594
1752,0.55
1753,0.48
1754,0.293
1755,0.175
1756,0.146
1757,0.123
1758,0.09
1759,0.049
1760,0.036
1761,0.034
1762,0.033
1763,0.052
1764,0.078
1765,0.093
1766,0.089
1767,0.09
1768,0.069
1769,0.056
1770,0.084
1771,0.127
1772,0.14
1773,0.171
1774,0.218
1775,0.283
1776,0.335
1777,0.424
1778,0.575
1779,0.737
1780,0.842
1781,0.888
1782,0.901
1783,0.896
1784,0.868
1785,0.857
1786,0.847
1787,0.867
1788,0.901
1789,0.925
1790,0.935
1791,0.932
1792,0.902
1793,0.791
1794,0.759
1795,0.755
1796,0.762
1797,0.807
1798,0.802
1799,0.783
1800,0.747
1801,0.727
1802,0.727
1803,0.709
1804,0.683
1805,0.645
1806,0.616
1807,0.608
1808,0.608
1809,0.623
1810,0.625
1811,0.629
1812,0.634
1813,0.645
1814,0.683
1815,0.712
1816,0.693
1817,0.518
1818,0.435
1819,0.462
1820,0.529
1821,0.631
1822,0.707
1823,0.731
1824,0.715
1825,0.74
1826,0.797
1827,0.844
1828,0.863
1829,0.866
1830,0.863
1831,0.821
1832,0.709
1833,0.66
1834,0.631
1835,0.629
1836,0.634
1837,0.659
1838,0.699
1839,0.686
1840,0.701
1841,0.641
1842,0.58
1843,0.562
1844,0.439
1845,0.371
1846,0.364
1847,0.283
1848,0.22
1849,0.181
1850,0.192
1851,0.207
1852,0.234
1853,0.23
1854,0.185
1855,0.169
1856,0.163
1857,0.166
1858,0.145
1859,0.145
1860,0.177
1861,0.223
1862,0.293
1863,0.357
1864,0.459
1865,0.541
1866,0.593
1867,0.587
1868,0.522
1869,0.443
1870,0.371
1871,0.328
1872,0.282
1873,0.276
1874,0.285
1875,0.353
1876,0.378
1877,0.435
1878,0.673
1879,0.636
1880,0.568
1881,0.619
1882,0.698
1883,0.694
1884,0.633
1885,0.566
1886,0.614
1887,0.63
1888,0.522
1889,0.573
1890,0.52
1891,0.411
1892,0.387
1893,0.366
1894,0.49
1895,0.593
1896,0.676
1897,0.697
1898,0.634
1899,0.534
1900,0.382
1901,0.342
1902,0.341
1903,0.308
1904,0.376
1905,0.479
1906,0.446
1907,0.407
1908,0.398
1909,0.389
1910,0.429
1911,0.381
1912,0.312
1913,0.263
1914,0.176
1915,0.2
1916,0.16
1917,0.127
1918,0.142
1919,0.23
1920,0.325
1921,0.347
1922,0.3
1923,0.3
1924,0.331
1925,0.333
1926,0.348
1927,0.355
1928,0.321
1929,0.35
1930,0.385
1931,0.367
1932,0.314
1933,0.273
1934,0.239
1935,0.211
1936,0.184
1937,0.169
1938,0.189
1939,0.164
1940,0.138
1941,0.155
1942,0.163
1943,0.163
1944,0.128
1945,0.13
1946,0.174
1947,0.212
1948,0.269
1949,0.298
1950,0.315
1951,0.283
1952,0.201
1953,0.167
1954,0.156
1955,0.144
1956,0.133
1957,0.122
1958,0.153
1959,0.17
1960,0.185
1961,0.229
1962,0.353
1963,0.39
1964,0.341
1965,0.333
1966,0.271
1967,0.188
1968,0.112
1969,0.113
1970,0.084
1971,0.082
1972,0.102
1973,0.108
1974,0.103
1975,0.095
1976,0.082
1977,0.078
1978,0.085
1979,0.081
1980,0.082
1981,0.073
1982,0.076
1983,0.066
1984,0.108
1985,0.165
1986,0.163
1987,0.169
1988,0.2
1989,0.286
1990,0.421
1991,0.555
1992,0.743
1993,0.852
1994,0.901
1995,0.958
1996,0.99
1997,0.992
1998,0.983
1999,0.974
2000,0.958
2001,0.954
2002,0.969
2003,0.972
2004,0.955
2005,0.914
2006,0.861
2007,0.786
2008,0.705
2009,0.664
2010,0.735
2011,0.8
2012,0.834
2013,0.867
2014,0.902
2015,0.903
2016,0.87
2017,0.834
2018,0.787
2019,0.685
2020,0.667
2021,0.629
2022,0.617
2023,0.487
2024,0.235
2025,0.109
2026,0.06
2027,0.036
2028,0.033
2029,0.057
2030,0.153
2031,0.201
2032,0.239
2033,0.332
2034,0.408
2035,0.439
2036,0.574
2037,0.662
2038,0.685
2039,0.72
2040,0.749
2041,0.797
2042,0.844
2043,0.882
2044,0.861
2045,0.827
2046,0.789
2047,0.768
2048,0.71
2049,0.681
2050,0.726
2051,0.772
2052,0.846
2053,0.913
2054,0.95
2055,0.909
2056,0.812
2057,0.753
2058,0.699
2059,0.674
2060,0.731
2061,0.703
2062,0.683
2063,0.598
2064,0.412
2065,0.263
2066,0.271
2067,0.237
2068,0.191
2069,0.143
2070,0.098
2071,0.083
2072,0.145
2073,0.298
2074,0.467
2075,0.706
2076,0.792
2077,0.83
2078,0.756
2079,0.626
2080,0.627
2081,0.659
2082,0.669
2083,0.71
2084,0.703
2085,0.692
2086,0.732
2087,0.742
2088,0.688
2089,0.627
2090,0.626
2091,0.661
2092,0.69
2093,0.663
2094,0.646
2095,0.631
2096,0.682
2097,0.746
2098,0.82
2099,0.86
2100,0.883
2101,0.885
2102,0.853
2103,0.827
2104,0.801
2105,0.736
2106,0.667
2107,0.601
2108,0.515
2109,0.458
2110,0.433
2111,0.413
2112,0.449
2113,0.456
2114,0.429
2115,0.384
2116,0.322
2117,0.272
2118,0.226
2119,0.165
2120,0.104
2121,0.08
2122,0.074
2123,0.069
2124,0.054
2125,0.073
2126,0.096
2127,0.129
2128,0.153
2129,0.141
2130,0.167
2131,0.253
2132,0.363
2133,0.499
2134,0.658
2135,0.789
2136,0.88
2137,0.937
2138,0.942
2139,0.954
2140,0.955
2141,0.951
2142,0.944
2143,0.951
2144,0.943
2145,0.956
2146,0.956
2147,0.927
2148,0.894
2149,0.877
2150,0.866
2151,0.845
2152,0.772
2153,0.695
2154,0.569
2155,0.448
2156,0.428
2157,0.479
2158,0.563
2159,0.668
2160,0.727
2161,0.77
2162,0.793
2163,0.782
2164,0.787
2165,0.791
2166,0.832
2167,0.872
2168,0.867
2169,0.925
2170,0.931
2171,0.931
2172,0.943
2173,0.928
2174,0.874
2175,0.8
2176,0.646
2177,0.626
2178,0.487
2179,0.454
2180,0.442
2181,0.385
2182,0.297
2183,0.262
2184,0.321
2185,0.362
2186,0.386
2187,0.388
2188,0.437
2189,0.467
2190,0.591
2191,0.654
2192,0.682
2193,0.721
2194,0.723
2195,0.74
2196,0.789
2197,0.786
2198,0.842
2199,0.853
2200,0.88
2201,0.81
2202,0.788
2203,0.736
2204,0.705
2205,0.741
2206,0.746
2207,0.698
2208,0.629
2209,0.544
2210,0.49
2211,0.47
2212,0.448
2213,0.433
2214,0.424
2215,0.453
2216,0.498
2217,0.544
2218,0.56
2219,0.569
2220,0.565
2221,0.54
2222,0.502
2223,0.462
2224,0.39
2225,0.264
2226,0.17
2227,0.098
2228,0.065
2229,0.074
2230,0.112
2231,0.125
2232,0.093
2233,0.074
2234,0.066
2235,0.056
2236,0.061
2237,0.071
2238,0.076
2239,0.066
2240,0.072
2241,0.1
2242,0.11
2243,0.139
2244,0.2
2245,0.223
2246,0.257
2247,0.266
2248,0.285
2249,0.328
2250,0.311
2251,0.31
2252,0.265
2253,0.246
2254,0.206
2255,0.163
2256,0.158
2257,0.145
2258,0.175
2259,0.234
2260,0.322
2261,0.352
2262,0.394
2263,0.423
2264,0.467
2265,0.445
2266,0.427
2267,0.377
2268,0.327
2269,0.285
2270,0.222
2271,0.144
2272,0.094
2273,0.066
2274,0.059
2275,0.069
2276,0.064
2277,0.056
2278,0.054
2279,0.056
2280,0.061
2281,0.091
2282,0.108
2283,0.102
2284,0.113
2285,0.091
2286,0.066
2287,0.055
2288,0.049
2289,0.048
2290,0.048
2291,0.044
2292,0.036
2293,0.034
2294,0.035
2295,0.045
2296,0.065
2297,0.096
2298,0.116
2299,0.136
2300,0.14
2301,0.137
2302,0.121
2303,0.112
2304,0.107
2305,0.107
2306,0.104
2307,0.097
2308,0.1
2309,0.105
2310,0.102
2311,0.093
2312,0.087
2313,0.075
2314,0.068
2315,0.071
2316,0.075
2317,0.075
2318,0.08
2319,0.098
2320,0.126
2321,0.162
2322,0.215
2323,0.238
2324,0.212
2325,0.162
2326,0.133
2327,0.103
2328,0.074
2329,0.048
2330,0.029
2331,0.022
2332,0.018
2333,0.014
2334,0.011
2335,0.007
2336,0.01
2337,0.011
2338,0.012
2339,0.027
2340,0.07
2341,0.102
2342,0.115
2343,0.133
2344,0.138
2345,0.128
2346,0.122
2347,0.104
2348,0.074
2349,0.051
2350,0.044
2351,0.057
2352,0.1
2353,0.168
2354,0.271
2355,0.396
2356,0.545
2357,0.642
2358,0.681
2359,0.681
2360,0.705
2361,0.714
2362,0.727
2363,0.771
2364,0.781
2365,0.836
2366,0.864
2367,0.894
2368,0.878
2369,0.861
2370,0.842
2371,0.902
2372,0.898
2373,0.869
2374,0.776
2375,0.633
2376,0.664
2377,0.818
2378,0.765
2379,0.794
2380,0.784
2381,0.804
2382,0.784
2383,0.808
2384,0.851
2385,0.824
2386,0.815
2387,0.822
2388,0.817
2389,0.873
2390,0.911
2391,0.847
2392,0.887
2393,0.801
2394,0.672
2395,0.564
2396,0.588
2397,0.636
2398,0.666
2399,0.681
2400,0.72
2401,0.664
2402,0.665
2403,0.629
2404,0.631
2405,0.665
2406,0.695
2407,0.759
2408,0.785
2409,0.789
2410,0.766
2411,0.755
2412,0.739
2413,0.734
2414,0.702
2415,0.616
2416,0.5
2417,0.403
2418,0.345
2419,0.269
2420,0.221
2421,0.186
2422,0.154
2423,0.13
2424,0.124
2425,0.128
2426,0.105
2427,0.082
2428,0.093
2429,0.101
2430,0.08
2431,0.077
2432,0.086
2433,0.103
2434,0.124
2435,0.144
2436,0.167
2437,0.186
2438,0.196
2439,0.204
2440,0.228
2441,0.312
2442,0.339
2443,0.373
2444,0.337
2445,0.304
2446,0.245
2447,0.194
2448,0.153
2449,0.113
2450,0.075
2451,0.048
2452,0.027
2453,0.022
2454,0.021
2455,0.014
2456,0.009
2457,0.012
2458,0.024
2459,0.036
2460,0.053
2461,0.055
2462,0.056
2463,0.037
2464,0.028
2465,0.019
2466,0.013
2467,0.009
2468,0.005
2469,0.004
2470,0.014
2471,0.051
2472,0.13
2473,0.273
2474,0.48
2475,0.611
2476,0.693
2477,0.748
2478,0.736
2479,0.687
2480,0.697
2481,0.719
2482,0.688
2483,0.615
2484,0.515
2485,0.431
2486,0.374
2487,0.312
2488,0.26
2489,0.226
2490,0.221
2491,0.27
2492,0.335
2493,0.383
2494,0.454
2495,0.466
2496,0.437
2497,0.402
2498,0.353
2499,0.357
2500,0.358
2501,0.309
2502,0.274
2503,0.197
2504,0.15
2505,0.128
2506,0.101
2507,0.074
2508,0.06
2509,0.069
2510,0.09
2511,0.129
2512,0.163
2513,0.166
2514,0.283
2515,0.506
2516,0.491
2517,0.351
2518,0.354
2519,0.459
2520,0.65
2521,0.625
2522,0.638
2523,0.647
2524,0.62
2525,0.611
2526,0.559
2527,0.493
2528,0.412
2529,0.309
2530,0.235
2531,0.196
2532,0.217
2533,0.264
2534,0.289
2535,0.315
2536,0.313
2537,0.299
2538,0.271
2539,0.277
2540,0.313
2541,0.34
2542,0.374
2543,0.359
2544,0.285
2545,0.248
2546,0.255
2547,0.274
2548,0.272
2549,0.246
2550,0.185
2551,0.118
2552,0.114
2553,0.088
2554,0.052
2555,0.034
2556,0.052
2557,0.079
2558,0.102
2559,0.159
2560,0.203
2561,0.279
2562,0.357
2563,0.459
2564,0.524
2565,0.494
2566,0.505
2567,0.527
2568,0.527
2569,0.53
2570,0.482
2571,0.4
2572,0.361
2573,0.347
2574,0.331
2575,0.253
2576,0.202
2577,0.223
2578,0.275
2579,0.352
2580,0.453
2581,0.633
2582,0.659
2583,0.721
2584,0.766
2585,0.726
2586,0.609
2587,0.58
2588,0.453
2589,0.456
2590,0.371
2591,0.394
2592,0.509
2593,0.572
2594,0.734
2595,0.855
2596,0.933
2597,0.967
2598,0.987
2599,0.993
2600,0.998
2601,1.0
2602,1.0
2603,1.0
2604,0.999
2605,0.999
2606,0.997
2607,0.982
2608,0.93
2609,0.814
2610,0.57
2611,0.426
2612,0.374
2613,0.421
2614,0.472
2615,0.374
2616,0.294
2617,0.257
2618,0.229
2619,0.178
2620,0.154
2621,0.12
2622,0.088
2623,0.04
2624,0.025
2625,0.029
2626,0.039
2627,0.06
2628,0.087
2629,0.104
2630,0.128
2631,0.141
2632,0.169
2633,0.232
2634,0.254
2635,0.203
2636,0.161
2637,0.264
2638,0.262
2639,0.282
2640,0.275
2641,0.356
2642,0.41
2643,0.418
2644,0.308
2645,0.221
2646,0.176
2647,0.128
2648,0.091
2649,0.062
2650,0.046
2651,0.043
2652,0.062
2653,0.078
2654,0.09
2655,0.178
2656,0.329
2657,0.397
2658,0.425
2659,0.354
2660,0.325
2661,0.3
2662,0.258
2663,0.231
2664,0.221
2665,0.268
2666,0.337
2667,0.368
2668,0.389
2669,0.375
2670,0.26
2671,0.154
2672,0.101
2673,0.071
2674,0.056
2675,0.046
2676,0.022
2677,0.009
2678,0.013
2679,0.029
2680,0.071
2681,0.184
2682,0.261
2683,0.337
2684,0.4
2685,0.429
2686,0.338
2687,0.329
2688,0.284
2689,0.324
2690,0.373
2691,0.322
2692,0.278
2693,0.233
2694,0.182
2695,0.164
2696,0.118
2697,0.075
2698,0.107
2699,0.093
2700,0.167
2701,0.117
2702,0.108
2703,0.118
2704,0.134
2705,0.229
2706,0.2
2707,0.192
2708,0.148
2709,0.126
2710,0.14
2711,0.13
2712,0.16
2713,0.206
2714,0.212
2715,0.274
2716,0.298
2717,0.34
2718,0.344
2719,0.403
2720,0.475
2721,0.437
2722,0.44
2723,0.505
2724,0.578
2725,0.554
2726,0.5
2727,0.417
2728,0.294
2729,0.204
2730,0.14
2731,0.092
2732,0.072
2733,0.065
2734,0.069
2735,0.054
2736,0.048
2737,0.05
2738,0.057
2739,0.068
2740,0.081
2741,0.091
2742,0.08
2743,0.063
2744,0.058
2745,0.056
2746,0.049
2747,0.045
2748,0.034
2749,0.025
2750,0.017
2751,0.008
2752,0.007
2753,0.017
2754,0.066
2755,0.14
2756,0.198
2757,0.206
2758,0.2
2759,0.165
2760,0.159
2761,0.182
2762,0.251
2763,0.273
2764,0.302
2765,0.393
2766,0.462
2767,0.507
2768,0.505
2769,0.458
2770,0.392
2771,0.327
2772,0.358
2773,0.535
2774,0.503
2775,0.513
2776,0.522
2777,0.308
2778,0.188
2779,0.156
2780,0.117
2781,0.092
2782,0.086
2783,0.099
2784,0.103
2785,0.157
2786,0.195
2787,0.197
2788,0.236
2789,0.298
2790,0.236
2791,0.137
2792,0.127
2793,0.153
2794,0.185
2795,0.2
2796,0.211
2797,0.236
2798,0.245
2799,0.229
2800,0.213
2801,0.179
2802,0.117
2803,0.076
2804,0.043
2805,0.03
2806,0.033
2807,0.051
2808,0.065
2809,0.084
2810,0.112
2811,0.15
2812,0.176
2813,0.199
2814,0.188
2815,0.115
2816,0.07
2817,0.05
2818,0.037
2819,0.04
2820,0.059
2821,0.075
2822,0.076
2823,0.067
2824,0.061
2825,0.063
2826,0.096
2827,0.151
2828,0.189
2829,0.3
2830,0.358
2831,0.366
2832,0.376
2833,0.392
2834,0.384
2835,0.376
2836,0.396
2837,0.423
2838,0.41
2839,0.279
2840,0.2
2841,0.16
2842,0.122
2843,0.08
2844,0.053
2845,0.048
2846,0.099
2847,0.127
2848,0.081
2849,0.086
2850,0.145
2851,0.262
2852,0.264
2853,0.282
2854,0.373
2855,0.413
2856,0.532
2857,0.56
2858,0.558
2859,0.559
2860,0.536
2861,0.534
2862,0.52
2863,0.324
2864,0.277
2865,0.244
2866,0.225
2867,0.219
2868,0.187
2869,0.236
2870,0.174
2871,0.104
2872,0.216
2873,0.229
2874,0.288
2875,0.223
2876,0.168
2877,0.186
2878,0.274
2879,0.364
2880,0.367
2881,0.388
2882,0.363
2883,0.385
2884,0.411
2885,0.421
2886,0.346
2887,0.303
2888,0.328
2889,0.385
2890,0.394
2891,0.428
2892,0.544
2893,0.657
2894,0.731
2895,0.746
2896,0.707
2897,0.729
2898,0.787
2899,0.684
2900,0.525
2901,0.443
2902,0.489
2903,0.566
2904,0.641
2905,0.675
2906,0.665
2907,0.642
2908,0.629
2909,0.536
2910,0.412
2911,0.374
2912,0.404
2913,0.483
2914,0.579
2915,0.609
2916,0.649
2917,0.722
2918,0.702
2919,0.712
2920,0.807
2921,0.898
2922,0.8
2923,0.827
2924,0.692
2925,0.609
2926,0.612
2927,0.596
2928,0.561
2929,0.564
2930,0.516
2931,0.436
2932,0.4
2933,0.364
2934,0.291
2935,0.255
2936,0.275
2937,0.29
2938,0.351
2939,0.462
2940,0.564
2941,0.741
2942,0.609
2943,0.657
2944,0.569
2945,0.588
2946,0.665
2947,0.819
2948,0.869
2949,0.869
2950,0.878
2951,0.882
2952,0.9
2953,0.93
2954,0.899
2955,0.838
2956,0.637
2957,0.418
2958,0.228
2959,0.151
2960,0.121
2961,0.084
2962,0.124
2963,0.152
2964,0.083
2965,0.099
2966,0.174
2967,0.212
2968,0.287
2969,0.283
2970,0.33
2971,0.26
2972,0.162
2973,0.091
2974,0.117
2975,0.16
2976,0.239
2977,0.299
2978,0.266
2979,0.226
2980,0.238
2981,0.203
2982,0.173
2983,0.185
2984,0.18
2985,0.219
2986,0.307
2987,0.335
2988,0.391
2989,0.452
2990,0.508
2991,0.687
2992,0.739
2993,0.739
2994,0.636
2995,0.598
2996,0.585
2997,0.608
2998,0.601
2999,0.725
3000,0.767
3001,0.776
3002,0.807
3003,0.864
3004,0.863
3005,0.826
3006,0.792
3007,0.83
3008,0.833
3009,0.732
3010,0.629
3011,0.578
3012,0.494
3013,0.435
3014,0.437
3015,0.354
3016,0.336
3017,0.336
3018,0.297
3019,0.263
3020,0.231
3021,0.215
3022,0.213
3023,0.22
3024,0.216
3025,0.218
3026,0.227
3027,0.24
3028,0.255
3029,0.245
3030,0.207
3031,0.192
3032,0.159
3033,0.113
3034,0.099
3035,0.104
3036,0.118
3037,0.129
3038,0.131
3039,0.154
3040,0.143
3041,0.108
3042,0.085
3043,0.061
3044,0.042
3045,0.043
3046,0.08
3047,0.144
3048,0.226
3049,0.288
3050,0.338
3051,0.395
3052,0.486
3053,0.542
3054,0.476
3055,0.377
3056,0.31
3057,0.236
3058,0.162
3059,0.095
3060,0.051
3061,0.021
3062,0.009
3063,0.006
3064,0.005
3065,0.005
3066,0.014
3067,0.032
3068,0.034
3069,0.038
3070,0.046
3071,0.063
3072,0.081
3073,0.104
3074,0.106
3075,0.093
3076,0.096
3077,0.12
3078,0.131
3079,0.124
3080,0.132
3081,0.125
3082,0.128
3083,0.125
3084,0.16
3085,0.177
3086,0.192
3087,0.14
3088,0.168
3089,0.128
3090,0.073
3091,0.103
3092,0.084
3093,0.054
3094,0.054
3095,0.061
3096,0.05
3097,0.04
3098,0.128
3099,0.283
3100,0.264
3101,0.173
3102,0.084
3103,0.023
3104,0.007
3105,0.005
3106,0.004
3107,0.002
3108,0.004
3109,0.01
3110,0.026
3111,0.043
3112,0.118
3113,0.1
3114,0.098
3115,0.231
3116,0.231
3117,0.3
3118,0.292
3119,0.348
3120,0.301
3121,0.213
3122,0.184
3123,0.165
3124,0.124
3125,0.115
3126,0.119
3127,0.07
3128,0.04
3129,0.023
3130,0.017
3131,0.021
3132,0.026
3133,0.032
3134,0.067
3135,0.118
3136,0.122
3137,0.193
3138,0.181
3139,0.244
3140,0.387
3141,0.398
3142,0.422
3143,0.388
3144,0.359
3145,0.391
3146,0.292
3147,0.255
3148,0.251
3149,0.242
3150,0.203
3151,0.109
3152,0.056
3153,0.036
3154,0.069
3155,0.165
3156,0.325
3157,0.337
3158,0.431
3159,0.408
3160,0.306
3161,0.254
3162,0.426
3163,0.623
3164,0.607
3165,0.807
3166,0.855
3167,0.707
3168,0.587
3169,0.627
3170,0.633
3171,0.581
3172,0.556
3173,0.556
3174,0.492
3175,0.43
3176,0.436
3177,0.516
3178,0.48
3179,0.386
3180,0.325
3181,0.458
3182,0.616
3183,0.52
3184,0.473
3185,0.491
3186,0.636
3187,0.666
3188,0.582
3189,0.592
3190,0.511
3191,0.648
3192,0.572
3193,0.588
3194,0.592
3195,0.485
3196,0.383
3197,0.321
3198,0.305
3199,0.306
3200,0.298
3201,0.211
3202,0.212
3203,0.268
3204,0.383
3205,0.349
3206,0.307
3207,0.296
3208,0.35
3209,0.337
3210,0.331
3211,0.191
3212,0.086
3213,0.095
3214,0.123
3215,0.15
3216,0.179
3217,0.188
3218,0.162
3219,0.113
3220,0.07
3221,0.059
3222,0.029
3223,0.019
3224,0.013
3225,0.009
3226,0.009
3227,0.008
3228,0.008
3229,0.011
3230,0.013
3231,0.017
3232,0.026
3233,0.04
3234,0.055
3235,0.113
3236,0.208
3237,0.253
3238,0.225
3239,0.198
3240,0.13
3241,0.074
3242,0.03
3243,0.011
3244,0.005
3245,0.004
3246,0.001
3247,0.0
3248,0.0
3249,0.0
3250,0.001
3251,0.002
3252,0.004
3253,0.007
3254,0.012
3255,0.025
3256,0.054
3257,0.115
3258,0.283
3259,0.549
3260,0.651
3261,0.616
3262,0.536
3263,0.494
3264,0.458
3265,0.417
3266,0.32
3267,0.266
3268,0.24
3269,0.206
3270,0.113
3271,0.041
3272,0.044
3273,0.06
3274,0.08
3275,0.121
3276,0.289
3277,0.411
3278,0.3
3279,0.173
3280,0.129
3281,0.125
3282,0.31
3283,0.463
3284,0.414
3285,0.499
3286,0.579
3287,0.579
3288,0.548
3289,0.53
3290,0.535
3291,0.609
3292,0.629
3293,0.596
3294,0.516
3295,0.426
3296,0.443
3297,0.483
3298,0.377
3299,0.331
3300,0.376
3301,0.33
3302,0.25
3303,0.275
3304,0.273
3305,0.256
3306,0.273
3307,0.303
3308,0.289
3309,0.228
3310,0.175
3311,0.133
3312,0.157
3313,0.107
3314,0.101
3315,0.101
3316,0.112
3317,0.128
3318,0.076
3319,0.034
3320,0.012
3321,0.007
3322,0.012
3323,0.024
3324,0.059
3325,0.287
3326,0.325
3327,0.268
3328,0.274
3329,0.227
3330,0.198
3331,0.175
3332,0.27
3333,0.328
3334,0.197
3335,0.117
3336,0.156
3337,0.243
3338,0.271
3339,0.242
3340,0.238
3341,0.231
3342,0.211
3343,0.174
3344,0.198
3345,0.159
3346,0.101
3347,0.096
3348,0.114
3349,0.133
3350,0.298
3351,0.281
3352,0.264
3353,0.206
3354,0.298
3355,0.469
3356,0.474
3357,0.448
3358,0.463
3359,0.488
3360,0.478
3361,0.584
3362,0.611
3363,0.579
3364,0.572
3365,0.619
3366,0.607
3367,0.643
3368,0.719
3369,0.699
3370,0.54
3371,0.48
3372,0.558
3373,0.509
3374,0.487
3375,0.444
3376,0.505
3377,0.4
3378,0.279
3379,0.156
3380,0.158
3381,0.202
3382,0.343
3383,0.491
3384,0.631
3385,0.617
3386,0.714
3387,0.733
3388,0.669
3389,0.66
3390,0.66
3391,0.789
3392,0.76
3393,0.71
3394,0.729
3395,0.678
3396,0.666
3397,0.594
3398,0.501
3399,0.424
3400,0.419
3401,0.474
3402,0.432
3403,0.446
3404,0.405
3405,0.398
3406,0.356
3407,0.378
3408,0.455
3409,0.544
3410,0.605
3411,0.688
3412,0.711
3413,0.667
3414,0.692
3415,0.756
3416,0.747
3417,0.653
3418,0.493
3419,0.384
3420,0.369
3421,0.341
3422,0.292
3423,0.251
3424,0.224
3425,0.18
3426,0.226
3427,0.215
3428,0.162
3429,0.126
3430,0.084
3431,0.075
3432,0.09
3433,0.084
3434,0.081
3435,0.08
3436,0.074
3437,0.056
3438,0.019
3439,0.013
3440,0.017
3441,0.057
3442,0.099
3443,0.103
3444,0.122
3445,0.146
3446,0.16
3447,0.174
3448,0.221
3449,0.325
3450,0.347
3451,0.291
3452,0.258
3453,0.298
3454,0.345
3455,0.327
3456,0.366
3457,0.372
3458,0.448
3459,0.5
3460,0.623
3461,0.675
3462,0.598
3463,0.612
3464,0.68
3465,0.709
3466,0.733
3467,0.757
3468,0.767
3469,0.82
3470,0.816
3471,0.807
3472,0.795
3473,0.693
3474,0.599
3475,0.499
3476,0.344
3477,0.237
3478,0.188
3479,0.182
3480,0.134
3481,0.145
3482,0.124
3483,0.064
3484,0.037
3485,0.031
3486,0.014
3487,0.005
3488,0.005
3489,0.008
3490,0.025
3491,0.077
3492,0.133
3493,0.172
3494,0.255
3495,0.236
3496,0.24
3497,0.296
3498,0.248
3499,0.152
3500,0.21
3501,0.222
3502,0.213
3503,0.193
3504,0.197
3505,0.159
3506,0.191
3507,0.233
3508,0.269
3509,0.304
3510,0.225
3511,0.169
3512,0.171
3513,0.165
3514,0.189
3515,0.188
3516,0.159
3517,0.168
3518,0.156
3519,0.121
3520,0.177
3521,0.147
3522,0.152
3523,0.201
3524,0.278
3525,0.402
3526,0.397
3527,0.45
3528,0.483
3529,0.479
3530,0.427
3531,0.436
3532,0.52
3533,0.466
3534,0.363
3535,0.316
3536,0.373
3537,0.337
3538,0.314
3539,0.408
3540,0.503
3541,0.552
3542,0.522
3543,0.597
3544,0.467
3545,0.578
3546,0.301
3547,0.154
3548,0.138
3549,0.239
3550,0.361
3551,0.456
3552,0.508
3553,0.493
3554,0.543
3555,0.518
3556,0.393
3557,0.391
3558,0.332
3559,0.234
3560,0.175
3561,0.165
3562,0.169
3563,0.151
3564,0.183
3565,0.105
3566,0.099
3567,0.118
3568,0.16
3569,0.184
3570,0.255
3571,0.348
3572,0.204
3573,0.156
3574,0.141
3575,0.128
3576,0.129
3577,0.091
3578,0.094
3579,0.121
3580,0.131
3581,0.108
3582,0.093
3583,0.129
3584,0.173
3585,0.218
3586,0.248
3587,0.272
3588,0.335
3589,0.391
3590,0.364
3591,0.392
3592,0.41
3593,0.218
3594,0.243
3595,0.125
3596,0.084
3597,0.146
3598,0.139
3599,0.114
3600,0.167
3601,0.145
3602,0.231
3603,0.21
3604,0.317
3605,0.333
3606,0.344
3607,0.493
3608,0.525
3609,0.628
3610,0.769
3611,0.878
3612,0.839
3613,0.816
3614,0.862
3615,0.838
3616,0.849
3617,0.639
3618,0.538
3619,0.474
3620,0.364
3621,0.282
3622,0.29
3623,0.306
3624,0.363
3625,0.435
3626,0.502
3627,0.516
3628,0.508
3629,0.474
3630,0.449
3631,0.432
3632,0.397
3633,0.378
3634,0.388
3635,0.437
3636,0.464
3637,0.486
3638,0.501
3639,0.464
3640,0.436
3641,0.396
3642,0.33
3643,0.236
3644,0.161
3645,0.12
3646,0.071
3647,0.036
3648,0.026
3649,0.016
3650,0.024
3651,0.072
3652,0.091
3653,0.116
3654,0.077
3655,0.085
3656,0.079
3657,0.077
3658,0.098
3659,0.138
3660,0.155
3661,0.145
3662,0.133
3663,0.131
3664,0.165
3665,0.114
3666,0.119
3667,0.095
3668,0.073
3669,0.055
3670,0.041
3671,0.013
3672,0.007
3673,0.003
3674,0.001
3675,0.001
3676,0.004
3677,0.012
3678,0.013
3679,0.005
3680,0.003
3681,0.009
3682,0.017
3683,0.027
3684,0.047
3685,0.078
3686,0.14
3687,0.159
3688,0.086
3689,0.071
3690,0.06
3691,0.103
3692,0.151
3693,0.156
3694,0.143
3695,0.11
3696,0.082
3697,0.073
3698,0.035
3699,0.03
3700,0.029
3701,0.033
3702,0.038
3703,0.023
3704,0.023
3705,0.031
3706,0.045
3707,0.081
3708,0.148
3709,0.124
3710,0.167
3711,0.082
3712,0.052
3713,0.059
3714,0.097
3715,0.113
3716,0.113
3717,0.135
3718,0.169
3719,0.211
3720,0.202
3721,0.194
3722,0.155
3723,0.165
3724,0.149
3725,0.098
3726,0.028
3727,0.015
3728,0.05
3729,0.185
3730,0.262
3731,0.299
3732,0.135
3733,0.244
3734,0.431
3735,0.606
3736,0.676
3737,0.685
3738,0.719
3739,0.717
3740,0.751
3741,0.641
3742,0.553
3743,0.507
3744,0.505
3745,0.6
3746,0.62
3747,0.623
3748,0.564
3749,0.531
3750,0.486
3751,0.615
3752,0.783
3753,0.846
3754,0.927
3755,0.919
3756,0.914
3757,0.908
3758,0.859
3759,0.932
3760,0.95
3761,0.98
3762,0.946
3763,0.949
3764,0.972
3765,0.961
3766,0.833
3767,0.675
3768,0.634
3769,0.631
3770,0.573
3771,0.557
3772,0.549
3773,0.544
3774,0.553
3775,0.553
3776,0.582
3777,0.633
3778,0.771
3779,0.942
3780,0.932
3781,0.853
3782,0.82
3783,0.692
3784,0.604
3785,0.481
3786,0.357
3787,0.248
3788,0.196
3789,0.136
3790,0.08
3791,0.055
3792,0.062
3793,0.094
3794,0.105
3795,0.109
3796,0.134
3797,0.133
3798,0.071
3799,0.055
3800,0.052
3801,0.05
3802,0.06
3803,0.099
3804,0.186
3805,0.251
3806,0.298
3807,0.309
3808,0.301
3809,0.282
3810,0.176
3811,0.131
3812,0.122
3813,0.115
3814,0.104
3815,0.063
3816,0.075
3817,0.18
3818,0.254
3819,0.289
3820,0.304
3821,0.259
3822,0.165
3823,0.123
3824,0.127
3825,0.145
3826,0.148
3827,0.184
3828,0.22
3829,0.283
3830,0.367
3831,0.395
3832,0.338
3833,0.252
3834,0.145
3835,0.073
3836,0.026
3837,0.015
3838,0.013
3839,0.022
3840,0.047
3841,0.071
3842,0.075
3843,0.116
3844,0.178
3845,0.192
3846,0.163
3847,0.122
3848,0.112
3849,0.123
3850,0.221
3851,0.338
3852,0.368
3853,0.397
3854,0.401
3855,0.362
3856,0.29
3857,0.339
3858,0.199
3859,0.24
3860,0.315
3861,0.279
3862,0.36
3863,0.602
3864,0.689
3865,0.555
3866,0.303
3867,0.31
3868,0.237
3869,0.327
3870,0.432
3871,0.564
3872,0.414
3873,0.343
3874,0.215
3875,0.21
3876,0.402
3877,0.551
3878,0.482
3879,0.262
3880,0.249
3881,0.281
3882,0.466
3883,0.442
3884,0.284
3885,0.276
3886,0.315
3887,0.295
3888,0.226
3889,0.194
3890,0.245
3891,0.183
3892,0.147
3893,0.268
3894,0.26
3895,0.278
3896,0.201
3897,0.161
3898,0.191
3899,0.261
3900,0.204
3901,0.29
3902,0.449
3903,0.4
3904,0.261
3905,0.384
3906,0.216
3907,0.179
3908,0.084
3909,0.152
3910,0.117
3911,0.077
3912,0.092
3913,0.118
3914,0.136
3915,0.121
3916,0.093
3917,0.073
3918,0.046
3919,0.044
3920,0.04
3921,0.036
3922,0.034
3923,0.034
3924,0.034
3925,0.026
3926,0.018
3927,0.016
3928,0.016
3929,0.022
3930,0.056
3931,0.189
3932,0.342
3933,0.435
3934,0.511
3935,0.517
3936,0.487
3937,0.403
3938,0.323
3939,0.243
3940,0.17
3941,0.137
3942,0.078
3943,0.056
3944,0.068
3945,0.093
3946,0.079
3947,0.075
3948,0.094
3949,0.092
3950,0.095
3951,0.097
3952,0.104
3953,0.102
3954,0.112
3955,0.154
3956,0.242
3957,0.385
3958,0.478
3959,0.496
3960,0.41
3961,0.337
3962,0.349
3963,0.322
3964,0.262
3965,0.19
3966,0.086
3967,0.058
3968,0.058
3969,0.064
3970,0.072
3971,0.057
3972,0.031
3973,0.022
3974,0.024
3975,0.027
3976,0.041
3977,0.069
3978,0.111
3979,0.231
3980,0.339
3981,0.558
3982,0.569
3983,0.536
3984,0.372
3985,0.312
3986,0.297
3987,0.233
3988,0.154
3989,0.157
3990,0.278
3991,0.599
3992,0.483
3993,0.351
3994,0.248
3995,0.201
3996,0.1
3997,0.24
3998,0.433
3999,0.664
4000,0.744
4001,0.752
4002,0.702
4003,0.631
4004,0.559
4005,0.518
4006,0.507
4007,0.372
4008,0.314
4009,0.265
4010,0.304
4011,0.509
4012,0.673
4013,0.77
4014,0.741
4015,0.733
4016,0.74
4017,0.706
4018,0.72
4019,0.795
4020,0.819
4021,0.808
4022,0.693
4023,0.732
4024,0.874
4025,0.83
4026,0.745
4027,0.657
4028,0.607
4029,0.518
4030,0.48
4031,0.514
4032,0.475
4033,0.459
4034,0.5
4035,0.553
4036,0.552
4037,0.476
4038,0.395
4039,0.445
4040,0.472
4041,0.505
4042,0.519
4043,0.557
4044,0.634
4045,0.687
4046,0.763
4047,0.761
4048,0.727
4049,0.7
4050,0.566
4051,0.399
4052,0.363
4053,0.395
4054,0.462
4055,0.417
4056,0.32
4057,0.326
4058,0.306
4059,0.312
4060,0.336
4061,0.294
4062,0.151
4063,0.152
4064,0.16
4065,0.147
4066,0.143
4067,0.145
4068,0.146
4069,0.162
4070,0.183
4071,0.184
4072,0.185
4073,0.173
4074,0.145
4075,0.139
4076,0.17
4077,0.181
4078,0.178
4079,0.24
4080,0.28
4081,0.31
4082,0.157
4083,0.144
4084,0.188
4085,0.229
4086,0.185
4087,0.115
4088,0.085
4089,0.058
4090,0.028
4091,0.129
4092,0.366
4093,0.219
4094,0.382
4095,0.385
4096,0.233
4097,0.214
4098,0.22
4099,0.287
4100,0.363
4101,0.416
4102,0.376
4103,0.341
4104,0.327
4105,0.29
4106,0.3
4107,0.396
4108,0.411
4109,0.34
4110,0.185
4111,0.126
4112,0.082
4113,0.033
4114,0.024
4115,0.028
4116,0.064
4117,0.23
4118,0.436
4119,0.32
4120,0.199
4121,0.334
4122,0.313
4123,0.329
4124,0.422
4125,0.355
4126,0.373
4127,0.36
4128,0.292
4129,0.264
4130,0.206
4131,0.115
4132,0.08
4133,0.022
4134,0.028
4135,0.05
4136,0.019
4137,0.003
4138,0.005
4139,0.067
4140,0.429
4141,0.509
4142,0.377
4143,0.319
4144,0.3
4145,0.295
4146,0.193
4147,0.281
4148,0.296
4149,0.374
4150,0.428
4151,0.492
4152,0.519
4153,0.47
4154,0.299
4155,0.149
4156,0.109
4157,0.087
4158,0.047
4159,0.012
4160,0.009
4161,0.015
4162,0.025
4163,0.03
4164,0.033
4165,0.05
4166,0.09
4167,0.153
4168,0.299
4169,0.48
4170,0.436
4171,0.491
4172,0.498
4173,0.475
4174,0.553
4175,0.543
4176,0.268
4177,0.187
4178,0.102
4179,0.125
4180,0.165
4181,0.144
4182,0.048
4183,0.046
4184,0.021
4185,0.042
4186,0.112
4187,0.21
4188,0.291
4189,0.331
4190,0.393
4191,0.491
4192,0.523
4193,0.577
4194,0.621
4195,0.591
4196,0.661
4197,0.632
4198,0.574
4199,0.569
4200,0.617
4201,0.631
4202,0.692
4203,0.697
4204,0.682
4205,0.663
4206,0.638
4207,0.645
4208,0.612
4209,0.568
4210,0.56
4211,0.508
4212,0.447
4213,0.402
4214,0.36
4215,0.304
4216,0.258
4217,0.218
4218,0.213
4219,0.328
4220,0.359
4221,0.361
4222,0.283
4223,0.309
4224,0.379
4225,0.392
4226,0.441
4227,0.503
4228,0.446
4229,0.316
4230,0.232
4231,0.186
4232,0.157
4233,0.124
4234,0.149
4235,0.19
4236,0.25
4237,0.362
4238,0.357
4239,0.52
4240,0.203
4241,0.132
4242,0.177
4243,0.407
4244,0.504
4245,0.555
4246,0.451
4247,0.555
4248,0.493
4249,0.387
4250,0.269
4251,0.159
4252,0.181
4253,0.218
4254,0.183
4255,0.261
4256,0.273
4257,0.291
4258,0.33
4259,0.335
4260,0.321
4261,0.367
4262,0.386
4263,0.582
4264,0.599
4265,0.424
4266,0.383
4267,0.622
4268,0.434
4269,0.312
4270,0.478
4271,0.366
4272,0.298
4273,0.354
4274,0.319
4275,0.341
4276,0.322
4277,0.243
4278,0.106
4279,0.077
4280,0.105
4281,0.126
4282,0.167
4283,0.207
4284,0.195
4285,0.236
4286,0.306
4287,0.182
4288,0.363
4289,0.372
4290,0.2
4291,0.389
4292,0.567
4293,0.725
4294,0.701
4295,0.625
4296,0.453
4297,0.312
4298,0.281
4299,0.287
4300,0.294
4301,0.208
4302,0.068
4303,0.022
4304,0.035
4305,0.081
4306,0.15
4307,0.274
4308,0.296
4309,0.478
4310,0.46
4311,0.572
4312,0.613
4313,0.486
4314,0.369
4315,0.665
4316,0.702
4317,0.651
4318,0.5
4319,0.476
4320,0.508
4321,0.425
4322,0.412
4323,0.337
4324,0.32
4325,0.313
4326,0.203
4327,0.132
4328,0.12
4329,0.113
4330,0.095
4331,0.091
4332,0.113
4333,0.108
4334,0.187
4335,0.156
4336,0.282
4337,0.198
4338,0.191
4339,0.396
4340,0.511
4341,0.542
4342,0.502
4343,0.464
4344,0.437
4345,0.407
4346,0.349
4347,0.271
4348,0.227
4349,0.148
4350,0.092
4351,0.068
4352,0.05
4353,0.047
4354,0.061
4355,0.068
4356,0.072
4357,0.066
4358,0.114
4359,0.122
4360,0.119
4361,0.213
4362,0.437
4363,0.556
4364,0.536
4365,0.645
4366,0.538
4367,0.453
4368,0.411
4369,0.416
4370,0.308
4371,0.177
4372,0.123
4373,0.122
4374,0.079
4375,0.042
4376,0.045
4377,0.068
4378,0.095
4379,0.168
4380,0.356
4381,0.436
4382,0.287
4383,0.319
4384,0.279
4385,0.296
4386,0.327
4387,0.365
4388,0.523
4389,0.582
4390,0.496
4391,0.351
4392,0.359
4393,0.355
4394,0.393
4395,0.495
4396,0.436
4397,0.37
4398,0.24
4399,0.107
4400,0.122
4401,0.159
4402,0.252
4403,0.357
4404,0.491
4405,0.367
4406,0.38
4407,0.434
4408,0.258
4409,0.132
4410,0.074
4411,0.077
4412,0.124
4413,0.165
4414,0.161
4415,0.164
4416,0.152
4417,0.15
4418,0.152
4419,0.189
4420,0.225
4421,0.189
4422,0.106
4423,0.071
4424,0.052
4425,0.05
4426,0.045
4427,0.046
4428,0.05
4429,0.054
4430,0.063
4431,0.092
4432,0.171
4433,0.222
4434,0.247
4435,0.282
4436,0.39
4437,0.282
4438,0.291
4439,0.392
4440,0.319
4441,0.156
4442,0.061
4443,0.045
4444,0.031
4445,0.057
4446,0.057
4447,0.067
4448,0.056
4449,0.088
4450,0.066
4451,0.086
4452,0.135
4453,0.21
4454,0.182
4455,0.151
4456,0.161
4457,0.344
4458,0.355
4459,0.337
4460,0.431
4461,0.532
4462,0.544
4463,0.52
4464,0.372
4465,0.224
4466,0.133
4467,0.044
4468,0.021
4469,0.018
4470,0.013
4471,0.004
4472,0.012
4473,0.017
4474,0.023
4475,0.036
4476,0.04
4477,0.039
4478,0.037
4479,0.051
4480,0.08
4481,0.158
4482,0.293
4483,0.559
4484,0.665
4485,0.546
4486,0.411
4487,0.291
4488,0.249
4489,0.207
4490,0.272
4491,0.36
4492,0.552
4493,0.506
4494,0.348
4495,0.417
4496,0.594
4497,0.578
4498,0.362
4499,0.224
4500,0.317
4501,0.713
4502,0.451
4503,0.298
4504,0.299
4505,0.341
4506,0.394
4507,0.631
4508,0.614
4509,0.442
4510,0.422
4511,0.775
4512,0.726
4513,0.506
4514,0.295
4515,0.269
4516,0.176
4517,0.113
4518,0.113
4519,0.248
4520,0.423
4521,0.283
4522,0.198
4523,0.249
4524,0.476
4525,0.486
4526,0.328
4527,0.241
4528,0.241
4529,0.162
4530,0.126
4531,0.075
4532,0.094
4533,0.138
4534,0.115
4535,0.162
4536,0.178
4537,0.248
4538,0.163
4539,0.224
4540,0.249
4541,0.178
4542,0.045
4543,0.008
4544,0.006
4545,0.008
4546,0.024
4547,0.081
4548,0.249
4549,0.338
4550,0.511
4551,0.424
4552,0.665
4553,0.511
4554,0.395
4555,0.323
4556,0.286
4557,0.362
4558,0.591
4559,0.576
4560,0.438
4561,0.372
4562,0.438
4563,0.369
4564,0.265
4565,0.169
4566,0.105
4567,0.101
4568,0.095
4569,0.078
4570,0.067
4571,0.064
4572,0.066
4573,0.076
4574,0.081
4575,0.102
4576,0.161
4577,0.231
4578,0.284
4579,0.346
4580,0.391
4581,0.4
4582,0.411
4583,0.505
4584,0.341
4585,0.132
4586,0.116
4587,0.166
4588,0.135
4589,0.07
4590,0.04
4591,0.027
4592,0.031
4593,0.029
4594,0.026
4595,0.024
4596,0.062
4597,0.119
4598,0.09
4599,0.042
4600,0.044
4601,0.085
4602,0.121
4603,0.272
4604,0.207
4605,0.216
4606,0.306
4607,0.29
4608,0.275
4609,0.154
4610,0.029
4611,0.03
4612,0.046
4613,0.084
4614,0.031
4615,0.01
4616,0.011
4617,0.016
4618,0.031
4619,0.079
4620,0.304
4621,0.172
4622,0.225
4623,0.144
4624,0.115
4625,0.048
4626,0.039
4627,0.07
4628,0.107
4629,0.141
4630,0.138
4631,0.094
4632,0.057
4633,0.034
4634,0.015
4635,0.01
4636,0.012
4637,0.015
4638,0.012
4639,0.01
4640,0.009
4641,0.016
4642,0.053
4643,0.048
4644,0.038
4645,0.214
4646,0.166
4647,0.227
4648,0.336
4649,0.252
4650,0.154
4651,0.278
4652,0.362
4653,0.345
4654,0.438
4655,0.42
4656,0.272
4657,0.177
4658,0.14
4659,0.105
4660,0.081
4661,0.069
4662,0.04
4663,0.012
4664,0.002
4665,0.003
4666,0.01
4667,0.017
4668,0.02
4669,0.018
4670,0.015
4671,0.049
4672,0.153
4673,0.177
4674,0.241
4675,0.173
4676,0.191
4677,0.2
4678,0.231
4679,0.178
4680,0.178
4681,0.18
4682,0.165
4683,0.19
4684,0.241
4685,0.298
4686,0.201
4687,0.097
4688,0.071
4689,0.055
4690,0.049
4691,0.054
4692,0.108
4693,0.099
4694,0.109
4695,0.11
4696,0.18
4697,0.108
4698,0.073
4699,0.086
4700,0.18
4701,0.317
4702,0.281
4703,0.335
4704,0.412
4705,0.303
4706,0.2
4707,0.133
4708,0.11
4709,0.125
4710,0.062
4711,0.02
4712,0.007
4713,0.005
4714,0.013
4715,0.069
4716,0.197
4717,0.417
4718,0.349
4719,0.593
4720,0.556
4721,0.324
4722,0.289
4723,0.359
4724,0.282
4725,0.3
4726,0.344
4727,0.281
4728,0.197
4729,0.182
4730,0.134
4731,0.082
4732,0.179
4733,0.282
4734,0.178
4735,0.158
4736,0.161
4737,0.108
4738,0.058
4739,0.078
4740,0.333
4741,0.653
4742,0.679
4743,0.409
4744,0.311
4745,0.253
4746,0.286
4747,0.205
4748,0.207
4749,0.342
4750,0.378
4751,0.262
4752,0.277
4753,0.202
4754,0.229
4755,0.392
4756,0.483
4757,0.497
4758,0.393
4759,0.356
4760,0.384
4761,0.331
4762,0.201
4763,0.169
4764,0.125
4765,0.165
4766,0.11
4767,0.082
4768,0.11
4769,0.229
4770,0.241
4771,0.307
4772,0.254
4773,0.181
4774,0.165
4775,0.112
4776,0.089
4777,0.108
4778,0.107
4779,0.125
4780,0.163
4781,0.151
4782,0.153
4783,0.191
4784,0.19
4785,0.232
4786,0.26
4787,0.256
4788,0.345
4789,0.513
4790,0.524
4791,0.588
4792,0.587
4793,0.446
4794,0.337
4795,0.367
4796,0.237
4797,0.203
4798,0.169
4799,0.252
4800,0.304
4801,0.393
4802,0.309
4803,0.225
4804,0.183
4805,0.2
4806,0.143
4807,0.118
4808,0.143
4809,0.144
4810,0.158
4811,0.187
4812,0.232
4813,0.31
4814,0.305
4815,0.396
4816,0.333
4817,0.375
4818,0.222
4819,0.192
4820,0.32
4821,0.339
4822,0.346
4823,0.336
4824,0.245
4825,0.143
4826,0.143
4827,0.1
4828,0.123
4829,0.134
4830,0.119
4831,0.121
4832,0.126
4833,0.126
4834,0.134
4835,0.112
4836,0.129
4837,0.169
4838,0.299
4839,0.265
4840,0.32
4841,0.496
4842,0.382
4843,0.387
4844,0.343
4845,0.227
4846,0.222
4847,0.218
4848,0.155
4849,0.131
4850,0.112
4851,0.094
4852,0.09
4853,0.151
4854,0.153
4855,0.064
4856,0.024
4857,0.014
4858,0.033
4859,0.139
4860,0.298
4861,0.219
4862,0.239
4863,0.371
4864,0.489
4865,0.576
4866,0.525
4867,0.481
4868,0.328
4869,0.22
4870,0.376
4871,0.367
4872,0.293
4873,0.183
4874,0.115
4875,0.094
4876,0.063
4877,0.053
4878,0.038
4879,0.035
4880,0.082
4881,0.188
4882,0.26
4883,0.278
4884,0.341
4885,0.333
4886,0.414
4887,0.415
4888,0.477
4889,0.445
4890,0.447
4891,0.472
4892,0.567
4893,0.624
4894,0.659
4895,0.7
4896,0.726
4897,0.658
4898,0.531
4899,0.368
4900,0.261
4901,0.177
4902,0.103
4903,0.054
4904,0.058
4905,0.09
4906,0.083
4907,0.087
4908,0.142
4909,0.217
4910,0.181
4911,0.184
4912,0.229
4913,0.265
4914,0.314
4915,0.407
4916,0.584
4917,0.563
4918,0.443
4919,0.34
4920,0.288
4921,0.362
4922,0.49
4923,0.531
4924,0.608
4925,0.706
4926,0.605
4927,0.584
4928,0.477
4929,0.282
4930,0.11
4931,0.095
4932,0.163
4933,0.24
4934,0.486
4935,0.521
4936,0.398
4937,0.287
4938,0.306
4939,0.213
4940,0.154
4941,0.18
4942,0.172
4943,0.136
4944,0.1
4945,0.111
4946,0.068
4947,0.036
4948,0.02
4949,0.023
4950,0.015
4951,0.004
4952,0.004
4953,0.009
4954,0.011
4955,0.032
4956,0.063
4957,0.073
4958,0.128
4959,0.229
4960,0.129
4961,0.102
4962,0.107
4963,0.078
4964,0.048
4965,0.045
4966,0.032
4967,0.037
4968,0.069
4969,0.068
4970,0.062
4971,0.071
4972,0.073
4973,0.059
4974,0.041
4975,0.044
4976,0.042
4977,0.037
4978,0.042
4979,0.071
4980,0.098
4981,0.122
4982,0.221
4983,0.097
4984,0.102
4985,0.122
4986,0.076
4987,0.099
4988,0.169
4989,0.099
4990,0.045
4991,0.027
4992,0.024
4993,0.063
4994,0.124
4995,0.134
4996,0.11
4997,0.067
4998,0.045
4999,0.028
5000,0.028
5001,0.023
5002,0.014
5003,0.025
5004,0.095
5005,0.135
5006,0.17
5007,0.057
5008,0.028
5009,0.085
5010,0.157
5011,0.173
5012,0.238
5013,0.166
5014,0.275
5015,0.173
5016,0.118
5017,0.067
5018,0.039
5019,0.021
5020,0.021
5021,0.024
5022,0.018
5023,0.003
5024,0.0
5025,0.0
5026,0.002
5027,0.006
5028,0.074
5029,0.073
5030,0.193
5031,0.17
5032,0.11
5033,0.087
5034,0.083
5035,0.128
5036,0.136
5037,0.135
5038,0.114
5039,0.122
5040,0.178
5041,0.151
5042,0.094
5043,0.062
5044,0.045
5045,0.023
5046,0.01
5047,0.002
5048,0.0
5049,0.001
5050,0.001
5051,0.002
5052,0.006
5053,0.025
5054,0.02
5055,0.011
5056,0.031
5057,0.045
5058,0.08
5059,0.283
5060,0.502
5061,0.612
5062,0.606
5063,0.547
5064,0.484
5065,0.366
5066,0.238
5067,0.155
5068,0.091
5069,0.04
5070,0.022
5071,0.004
5072,0.009
5073,0.019
5074,0.026
5075,0.024
5076,0.049
5077,0.037
5078,0.053
5079,0.164
5080,0.257
5081,0.063
5082,0.095
5083,0.219
5084,0.358
5085,0.355
5086,0.249
5087,0.228
5088,0.225
5089,0.202
5090,0.162
5091,0.148
5092,0.163
5093,0.173
5094,0.11
5095,0.088
5096,0.098
5097,0.148
5098,0.183
5099,0.2
5100,0.243
5101,0.315
5102,0.383
5103,0.405
5104,0.459
5105,0.494
5106,0.479
5107,0.426
5108,0.425
5109,0.442
5110,0.328
5111,0.305
5112,0.311
5113,0.257
5114,0.199
5115,0.213
5116,0.238
5117,0.253
5118,0.196
5119,0.153
5120,0.139
5121,0.185
5122,0.258
5123,0.288
5124,0.278
5125,0.333
5126,0.345
5127,0.388
5128,0.43
5129,0.331
5130,0.395
5131,0.379
5132,0.353
5133,0.282
5134,0.285
5135,0.374
5136,0.308
5137,0.216
5138,0.191
5139,0.229
5140,0.235
5141,0.221
5142,0.241
5143,0.268
5144,0.264
5145,0.278
5146,0.267
5147,0.267
5148,0.323
5149,0.309
5150,0.272
5151,0.268
5152,0.218
5153,0.236
5154,0.239
5155,0.274
5156,0.253
5157,0.271
5158,0.273
5159,0.249
5160,0.283
5161,0.332
5162,0.349
5163,0.398
5164,0.477
5165,0.556
5166,0.44
5167,0.328
5168,0.27
5169,0.21
5170,0.143
5171,0.111
5172,0.103
5173,0.126
5174,0.11
5175,0.047
5176,0.027
5177,0.025
5178,0.028
5179,0.105
5180,0.169
5181,0.165
5182,0.124
5183,0.091
5184,0.1
5185,0.107
5186,0.127
5187,0.192
5188,0.173
5189,0.204
5190,0.178
5191,0.093
5192,0.055
5193,0.038
5194,0.019
5195,0.023
5196,0.103
5197,0.117
5198,0.03
5199,0.04
5200,0.11
5201,0.349
5202,0.477
5203,0.491
5204,0.381
5205,0.392
5206,0.351
5207,0.153
5208,0.08
5209,0.054
5210,0.207
5211,0.292
5212,0.315
5213,0.366
5214,0.287
5215,0.306
5216,0.367
5217,0.335
5218,0.199
5219,0.153
5220,0.117
5221,0.125
5222,0.149
5223,0.172
5224,0.117
5225,0.193
5226,0.247
5227,0.236
5228,0.182
5229,0.162
5230,0.245
5231,0.257
5232,0.164
5233,0.105
5234,0.096
5235,0.098
5236,0.09
5237,0.075
5238,0.042
5239,0.03
5240,0.069
5241,0.089
5242,0.112
5243,0.168
5244,0.182
5245,0.294
5246,0.215
5247,0.216
5248,0.358
5249,0.356
5250,0.265
5251,0.265
5252,0.239
5253,0.377
5254,0.497
5255,0.539
5256,0.617
5257,0.697
5258,0.799
5259,0.747
5260,0.706
5261,0.652
5262,0.479
5263,0.352
5264,0.343
5265,0.407
5266,0.41
5267,0.456
5268,0.475
5269,0.432
5270,0.405
5271,0.377
5272,0.332
5273,0.275
5274,0.235
5275,0.209
5276,0.176
5277,0.131
5278,0.107
5279,0.1
5280,0.098
5281,0.081
5282,0.063
5283,0.071
5284,0.069
5285,0.069
5286,0.052
5287,0.02
5288,0.01
5289,0.013
5290,0.02
5291,0.044
5292,0.062
5293,0.072
5294,0.08
5295,0.076
5296,0.091
5297,0.122
5298,0.152
5299,0.213
5300,0.299
5301,0.282
5302,0.256
5303,0.202
5304,0.176
5305,0.116
5306,0.146
5307,0.206
5308,0.292
5309,0.339
5310,0.278
5311,0.213
5312,0.262
5313,0.312
5314,0.295
5315,0.316
5316,0.418
5317,0.526
5318,0.545
5319,0.585
5320,0.582
5321,0.584
5322,0.504
5323,0.503
5324,0.507
5325,0.518
5326,0.579
5327,0.561
5328,0.474
5329,0.375
5330,0.311
5331,0.288
5332,0.258
5333,0.233
5334,0.144
5335,0.062
5336,0.027
5337,0.012
5338,0.005
5339,0.007
5340,0.03
5341,0.042
5342,0.092
5343,0.19
5344,0.24
5345,0.35
5346,0.397
5347,0.482
5348,0.595
5349,0.514
5350,0.554
5351,0.749
5352,0.731
5353,0.621
5354,0.466
5355,0.367
5356,0.332
5357,0.231
5358,0.107
5359,0.016
5360,0.027
5361,0.044
5362,0.035
5363,0.062
5364,0.113
5365,0.24
5366,0.22
5367,0.219
5368,0.333
5369,0.308
5370,0.197
5371,0.134
5372,0.22
5373,0.379
5374,0.544
5375,0.567
5376,0.509
5377,0.454
5378,0.411
5379,0.436
5380,0.424
5381,0.421
5382,0.327
5383,0.21
5384,0.172
5385,0.171
5386,0.138
5387,0.12
5388,0.202
5389,0.316
5390,0.277
5391,0.264
5392,0.198
5393,0.095
5394,0.145
5395,0.189
5396,0.142
5397,0.129
5398,0.107
5399,0.125
5400,0.145
5401,0.153
5402,0.17
5403,0.163
5404,0.16
5405,0.213
5406,0.217
5407,0.188
5408,0.176
5409,0.15
5410,0.099
5411,0.075
5412,0.148
5413,0.156
5414,0.224
5415,0.41
5416,0.304
5417,0.399
5418,0.4
5419,0.421
5420,0.284
5421,0.144
5422,0.068
5423,0.097
5424,0.09
5425,0.105
5426,0.159
5427,0.232
5428,0.192
5429,0.207
5430,0.163
5431,0.096
5432,0.058
5433,0.033
5434,0.023
5435,0.023
5436,0.062
5437,0.201
5438,0.328
5439,0.345
5440,0.198
5441,0.139
5442,0.176
5443,0.302
5444,0.155
5445,0.132
5446,0.075
5447,0.144
5448,0.12
5449,0.051
5450,0.021
5451,0.011
5452,0.005
5453,0.006
5454,0.008
5455,0.002
5456,0.001
5457,0.003
5458,0.014
5459,0.029
5460,0.046
5461,0.073
5462,0.113
5463,0.165
5464,0.301
5465,0.414
5466,0.536
5467,0.616
5468,0.509
5469,0.453
5470,0.451
5471,0.439
5472,0.394
5473,0.386
5474,0.337
5475,0.237
5476,0.165
5477,0.212
5478,0.165
5479,0.082
5480,0.072
5481,0.084
5482,0.111
5483,0.138
5484,0.221
5485,0.443
5486,0.202
5487,0.151
5488,0.187
5489,0.241
5490,0.203
5491,0.206
5492,0.14
5493,0.166
5494,0.214
5495,0.305
5496,0.422
5497,0.507
5498,0.536
5499,0.547
5500,0.54
5501,0.531
5502,0.41
5503,0.219
5504,0.215
5505,0.254
5506,0.22
5507,0.165
5508,0.169
5509,0.252
5510,0.264
5511,0.364
5512,0.353
5513,0.363
5514,0.241
5515,0.178
5516,0.216
5517,0.363
5518,0.399
5519,0.379
5520,0.362
5521,0.405
5522,0.491
5523,0.493
5524,0.503
5525,0.57
5526,0.522
5527,0.36
5528,0.352
5529,0.451
5530,0.467
5531,0.435
5532,0.382
5533,0.37
5534,0.394
5535,0.551
5536,0.663
5537,0.578
5538,0.461
5539,0.477
5540,0.401
5541,0.338
5542,0.344
5543,0.473
5544,0.582
5545,0.628
5546,0.68
5547,0.732
5548,0.687
5549,0.687
5550,0.628
5551,0.564
5552,0.644
5553,0.73
5554,0.749
5555,0.818
5556,0.88
5557,0.886
5558,0.89
5559,0.841
5560,0.79
5561,0.71
5562,0.456
5563,0.336
5564,0.313
5565,0.371
5566,0.413
5567,0.437
5568,0.424
5569,0.455
5570,0.46
5571,0.41
5572,0.369
5573,0.362
5574,0.354
5575,0.244
5576,0.324
5577,0.485
5578,0.551
5579,0.564
5580,0.549
5581,0.543
5582,0.523
5583,0.485
5584,0.455
5585,0.425
5586,0.335
5587,0.266
5588,0.246
5589,0.229
5590,0.201
5591,0.122
5592,0.084
5593,0.06
5594,0.055
5595,0.078
5596,0.12
5597,0.124
5598,0.084
5599,0.041
5600,0.028
5601,0.026
5602,0.041
5603,0.039
5604,0.067
5605,0.149
5606,0.374
5607,0.4
5608,0.457
5609,0.389
5610,0.293
5611,0.405
5612,0.322
5613,0.182
5614,0.149
5615,0.09
5616,0.11
5617,0.138
5618,0.173
5619,0.159
5620,0.124
5621,0.093
5622,0.075
5623,0.058
5624,0.067
5625,0.094
5626,0.108
5627,0.145
5628,0.278
5629,0.197
5630,0.255
5631,0.264
5632,0.145
5633,0.126
5634,0.084
5635,0.159
5636,0.176
5637,0.205
5638,0.231
5639,0.232
5640,0.205
5641,0.181
5642,0.175
5643,0.118
5644,0.106
5645,0.123
5646,0.136
5647,0.148
5648,0.221
5649,0.265
5650,0.234
5651,0.229
5652,0.231
5653,0.21
5654,0.169
5655,0.154
5656,0.137
5657,0.1
5658,0.074
5659,0.087
5660,0.141
5661,0.178
5662,0.216
5663,0.257
5664,0.302
5665,0.282
5666,0.237
5667,0.216
5668,0.174
5669,0.129
5670,0.084
5671,0.041
5672,0.029
5673,0.057
5674,0.138
5675,0.228
5676,0.282
5677,0.363
5678,0.451
5679,0.487
5680,0.475
5681,0.34
5682,0.226
5683,0.154
5684,0.092
5685,0.09
5686,0.119
5687,0.189
5688,0.293
5689,0.438
5690,0.63
5691,0.66
5692,0.499
5693,0.392
5694,0.427
5695,0.438
5696,0.594
5697,0.568
5698,0.487
5699,0.349
5700,0.411
5701,0.343
5702,0.209
5703,0.438
5704,0.508
5705,0.556
5706,0.516
5707,0.505
5708,0.617
5709,0.708
5710,0.546
5711,0.459
5712,0.59
5713,0.608
5714,0.645
5715,0.735
5716,0.773
5717,0.663
5718,0.614
5719,0.527
5720,0.569
5721,0.6
5722,0.436
5723,0.319
5724,0.28
5725,0.356
5726,0.196
5727,0.071
5728,0.066
5729,0.09
5730,0.11
5731,0.152
5732,0.151
5733,0.091
5734,0.156
5735,0.265
5736,0.278
5737,0.397
5738,0.485
5739,0.544
5740,0.592
5741,0.581
5742,0.508
5743,0.405
5744,0.372
5745,0.282
5746,0.197
5747,0.133
5748,0.103
5749,0.103
5750,0.16
5751,0.201
5752,0.212
5753,0.166
5754,0.227
5755,0.21
5756,0.166
5757,0.162
5758,0.182
5759,0.23
5760,0.25
5761,0.268
5762,0.234
5763,0.203
5764,0.192
5765,0.192
5766,0.154
5767,0.116
5768,0.099
5769,0.083
5770,0.073
5771,0.054
5772,0.063
5773,0.082
5774,0.128
5775,0.147
5776,0.193
5777,0.309
5778,0.32
5779,0.369
5780,0.352
5781,0.373
5782,0.309
5783,0.23
5784,0.174
5785,0.099
5786,0.054
5787,0.023
5788,0.013
5789,0.01
5790,0.007
5791,0.002
5792,0.0
5793,0.002
5794,0.014
5795,0.011
5796,0.006
5797,0.015
5798,0.027
5799,0.074
5800,0.219
5801,0.202
5802,0.241
5803,0.265
5804,0.227
5805,0.269
5806,0.135
5807,0.177
5808,0.206
5809,0.121
5810,0.14
5811,0.214
5812,0.252
5813,0.222
5814,0.188
5815,0.099
5816,0.08
5817,0.118
5818,0.12
5819,0.1
5820,0.124
5821,0.214
5822,0.275
5823,0.354
5824,0.403
5825,0.514
5826,0.459
5827,0.254
5828,0.3
5829,0.143
5830,0.216
5831,0.312
5832,0.298
5833,0.41
5834,0.563
5835,0.574
5836,0.602
5837,0.658
5838,0.628
5839,0.465
5840,0.423
5841,0.358
5842,0.26
5843,0.181
5844,0.135
5845,0.092
5846,0.069
5847,0.05
5848,0.039
5849,0.039
5850,0.095
5851,0.158
5852,0.211
5853,0.211
5854,0.214
5855,0.255
5856,0.245
5857,0.234
5858,0.205
5859,0.166
5860,0.101
5861,0.1
5862,0.095
5863,0.058
5864,0.026
5865,0.023
5866,0.017
5867,0.038
5868,0.142
5869,0.206
5870,0.312
5871,0.352
5872,0.472
5873,0.511
5874,0.459
5875,0.445
5876,0.412
5877,0.282
5878,0.235
5879,0.26
5880,0.269
5881,0.2
5882,0.142
5883,0.169
5884,0.212
5885,0.324
5886,0.281
5887,0.284
5888,0.455
5889,0.666
5890,0.596
5891,0.49
5892,0.376
5893,0.32
5894,0.303
5895,0.341
5896,0.207
5897,0.279
5898,0.345
5899,0.308
5900,0.322
5901,0.312
5902,0.364
5903,0.345
5904,0.272
5905,0.215
5906,0.195
5907,0.226
5908,0.24
5909,0.246
5910,0.241
5911,0.137
5912,0.088
5913,0.068
5914,0.041
5915,0.035
5916,0.065
5917,0.065
5918,0.054
5919,0.125
5920,0.177
5921,0.172
5922,0.166
5923,0.26
5924,0.311
5925,0.294
5926,0.269
5927,0.304
5928,0.465
5929,0.527
5930,0.642
5931,0.658
5932,0.495
5933,0.329
5934,0.28
5935,0.161
5936,0.102
5937,0.092
5938,0.18
5939,0.273
5940,0.212
5941,0.147
5942,0.32
5943,0.377
5944,0.257
5945,0.317
5946,0.498
5947,0.204
5948,0.122
5949,0.192
5950,0.188
5951,0.149
5952,0.128
5953,0.175
5954,0.071
5955,0.099
5956,0.226
5957,0.265
5958,0.365
5959,0.229
5960,0.446
5961,0.664
5962,0.693
5963,0.769
5964,0.827
5965,0.913
5966,0.942
5967,0.886
5968,0.832
5969,0.733
5970,0.609
5971,0.535
5972,0.451
5973,0.367
5974,0.278
5975,0.262
5976,0.204
5977,0.155
5978,0.119
5979,0.075
5980,0.041
5981,0.018
5982,0.011
5983,0.003
5984,0.001
5985,0.008
5986,0.019
5987,0.042
5988,0.089
5989,0.139
5990,0.19
5991,0.25
5992,0.313
5993,0.352
5994,0.363
5995,0.402
5996,0.425
5997,0.438
5998,0.435
5999,0.484
6000,0.49
6001,0.502
6002,0.485
6003,0.421
6004,0.434
6005,0.467
6006,0.442
6007,0.275
6008,0.227
6009,0.262
6010,0.286
6011,0.25
6012,0.223
6013,0.249
6014,0.286
6015,0.322
6016,0.413
6017,0.433
6018,0.42
6019,0.368
6020,0.345
6021,0.371
6022,0.447
6023,0.502
6024,0.533
6025,0.503
6026,0.466
6027,0.485
6028,0.466
6029,0.454
6030,0.398
6031,0.329
6032,0.316
6033,0.32
6034,0.324
6035,0.222
6036,0.098
6037,0.108
6038,0.313
6039,0.286
6040,0.198
6041,0.184
6042,0.19
6043,0.14
6044,0.122
6045,0.094
6046,0.094
6047,0.092
6048,0.073
6049,0.074
6050,0.066
6051,0.062
6052,0.054
6053,0.046
6054,0.064
6055,0.078
6056,0.103
6057,0.115
6058,0.111
6059,0.101
6060,0.1
6061,0.105
6062,0.107
6063,0.091
6064,0.063
6065,0.046
6066,0.048
6067,0.052
6068,0.05
6069,0.042
6070,0.043
6071,0.068
6072,0.108
6073,0.103
6074,0.086
6075,0.088
6076,0.101
6077,0.117
6078,0.124
6079,0.093
6080,0.05
6081,0.032
6082,0.023
6083,0.026
6084,0.058
6085,0.116
6086,0.16
6087,0.178
6088,0.178
6089,0.177
6090,0.227
6091,0.285
6092,0.329
6093,0.403
6094,0.453
6095,0.466
6096,0.482
6097,0.558
6098,0.661
6099,0.726
6100,0.733
6101,0.756
6102,0.758
6103,0.653
6104,0.593
6105,0.682
6106,0.742
6107,0.749
6108,0.689
6109,0.632
6110,0.607
6111,0.584
6112,0.56
6113,0.481
6114,0.49
6115,0.498
6116,0.568
6117,0.729
6118,0.72
6119,0.717
6120,0.671
6121,0.642
6122,0.466
6123,0.332
6124,0.236
6125,0.182
6126,0.139
6127,0.063
6128,0.04
6129,0.046
6130,0.049
6131,0.055
6132,0.064
6133,0.085
6134,0.094
6135,0.11
6136,0.126
6137,0.13
6138,0.158
6139,0.166
6140,0.171
6141,0.198
6142,0.217
6143,0.225
6144,0.193
6145,0.207
6146,0.191
6147,0.174
6148,0.152
6149,0.157
6150,0.145
6151,0.114
6152,0.087
6153,0.095
6154,0.112
6155,0.134
6156,0.151
6157,0.178
6158,0.209
6159,0.274
6160,0.302
6161,0.385
6162,0.359
6163,0.285
6164,0.272
6165,0.226
6166,0.159
6167,0.116
6168,0.228
6169,0.257
6170,0.282
6171,0.275
6172,0.311
6173,0.402
6174,0.477
6175,0.385
6176,0.266
6177,0.309
6178,0.419
6179,0.448
6180,0.463
6181,0.505
6182,0.508
6183,0.484
6184,0.396
6185,0.269
6186,0.181
6187,0.165
6188,0.335
6189,0.388
6190,0.492
6191,0.546
6192,0.554
6193,0.61
6194,0.615
6195,0.63
6196,0.664
6197,0.645
6198,0.633
6199,0.455
6200,0.393
6201,0.586
6202,0.595
6203,0.524
6204,0.521
6205,0.482
6206,0.575
6207,0.454
6208,0.515
6209,0.505
6210,0.603
6211,0.59
6212,0.729
6213,0.727
6214,0.689
6215,0.666
6216,0.667
6217,0.635
6218,0.608
6219,0.559
6220,0.546
6221,0.518
6222,0.32
6223,0.328
6224,0.387
6225,0.297
6226,0.189
6227,0.103
6228,0.155
6229,0.146
6230,0.192
6231,0.23
6232,0.269
6233,0.284
6234,0.102
6235,0.086
6236,0.098
6237,0.158
6238,0.264
6239,0.236
6240,0.259
6241,0.402
6242,0.482
6243,0.483
6244,0.502
6245,0.463
6246,0.32
6247,0.219
6248,0.249
6249,0.273
6250,0.287
6251,0.323
6252,0.353
6253,0.345
6254,0.333
6255,0.294
6256,0.245
6257,0.191
6258,0.142
6259,0.16
6260,0.226
6261,0.256
6262,0.313
6263,0.404
6264,0.438
6265,0.441
6266,0.425
6267,0.363
6268,0.261
6269,0.259
6270,0.25
6271,0.18
6272,0.098
6273,0.054
6274,0.056
6275,0.079
6276,0.127
6277,0.194
6278,0.246
6279,0.317
6280,0.367
6281,0.354
6282,0.334
6283,0.282
6284,0.247
6285,0.226
6286,0.196
6287,0.234
6288,0.242
6289,0.201
6290,0.249
6291,0.273
6292,0.255
6293,0.237
6294,0.206
6295,0.197
6296,0.226
6297,0.417
6298,0.577
6299,0.624
6300,0.635
6301,0.636
6302,0.645
6303,0.637
6304,0.634
6305,0.543
6306,0.5
6307,0.493
6308,0.54
6309,0.598
6310,0.71
6311,0.773
6312,0.801
6313,0.784
6314,0.719
6315,0.615
6316,0.603
6317,0.623
6318,0.575
6319,0.53
6320,0.568
6321,0.582
6322,0.592
6323,0.586
6324,0.584
6325,0.566
6326,0.483
6327,0.368
6328,0.283
6329,0.213
6330,0.25
6331,0.34
6332,0.45
6333,0.474
6334,0.442
6335,0.445
6336,0.417
6337,0.391
6338,0.349
6339,0.349
6340,0.322
6341,0.333
6342,0.371
6343,0.352
6344,0.271
6345,0.259
6346,0.302
6347,0.306
6348,0.299
6349,0.292
6350,0.318
6351,0.279
6352,0.268
6353,0.278
6354,0.351
6355,0.362
6356,0.389
6357,0.383
6358,0.429
6359,0.481
6360,0.555
6361,0.496
6362,0.499
6363,0.458
6364,0.41
6365,0.337
6366,0.428
6367,0.612
6368,0.715
6369,0.69
6370,0.675
6371,0.751
6372,0.747
6373,0.685
6374,0.601
6375,0.521
6376,0.477
6377,0.411
6378,0.374
6379,0.368
6380,0.474
6381,0.473
6382,0.43
6383,0.42
6384,0.396
6385,0.402
6386,0.292
6387,0.236
6388,0.271
6389,0.259
6390,0.237
6391,0.163
6392,0.122
6393,0.142
6394,0.135
6395,0.136
6396,0.208
6397,0.154
6398,0.077
6399,0.08
6400,0.161
6401,0.105
6402,0.131
6403,0.051
6404,0.071
6405,0.158
6406,0.257
6407,0.25
6408,0.256
6409,0.286
6410,0.377
6411,0.475
6412,0.569
6413,0.635
6414,0.657
6415,0.621
6416,0.636
6417,0.667
6418,0.651
6419,0.63
6420,0.62
6421,0.598
6422,0.554
6423,0.522
6424,0.458
6425,0.332
6426,0.283
6427,0.297
6428,0.343
6429,0.416
6430,0.491
6431,0.477
6432,0.528
6433,0.598
6434,0.68
6435,0.777
6436,0.868
6437,0.854
6438,0.766
6439,0.675
6440,0.652
6441,0.666
6442,0.681
6443,0.694
6444,0.72
6445,0.8
6446,0.864
6447,0.865
6448,0.844
6449,0.737
6450,0.687
6451,0.698
6452,0.75
6453,0.744
6454,0.709
6455,0.655
6456,0.666
6457,0.687
6458,0.666
6459,0.518
6460,0.381
6461,0.285
6462,0.178
6463,0.068
6464,0.011
6465,0.0
6466,0.001
6467,0.013
6468,0.034
6469,0.066
6470,0.105
6471,0.159
6472,0.239
6473,0.33
6474,0.465
6475,0.542
6476,0.567
6477,0.517
6478,0.42
6479,0.385
6480,0.386
6481,0.401
6482,0.483
6483,0.495
6484,0.498
6485,0.501
6486,0.502
6487,0.404
6488,0.272
6489,0.193
6490,0.216
6491,0.309
6492,0.447
6493,0.585
6494,0.594
6495,0.512
6496,0.53
6497,0.499
6498,0.406
6499,0.325
6500,0.29
6501,0.329
6502,0.374
6503,0.449
6504,0.514
6505,0.534
6506,0.568
6507,0.559
6508,0.576
6509,0.566
6510,0.567
6511,0.544
6512,0.659
6513,0.832
6514,0.906
6515,0.844
6516,0.894
6517,0.881
6518,0.786
6519,0.771
6520,0.708
6521,0.503
6522,0.461
6523,0.389
6524,0.477
6525,0.685
6526,0.803
6527,0.775
6528,0.818
6529,0.776
6530,0.787
6531,0.836
6532,0.826
6533,0.76
6534,0.718
6535,0.699
6536,0.713
6537,0.768
6538,0.843
6539,0.861
6540,0.853
6541,0.827
6542,0.775
6543,0.704
6544,0.597
6545,0.441
6546,0.394
6547,0.37
6548,0.348
6549,0.32
6550,0.339
6551,0.349
6552,0.346
6553,0.338
6554,0.386
6555,0.47
6556,0.573
6557,0.531
6558,0.492
6559,0.504
6560,0.471
6561,0.53
6562,0.691
6563,0.757
6564,0.749
6565,0.717
6566,0.7
6567,0.837
6568,0.808
6569,0.81
6570,0.91
6571,0.91
6572,0.827
6573,0.804
6574,0.671
6575,0.714
6576,0.745
6577,0.74
6578,0.881
6579,0.966
6580,0.942
6581,0.84
6582,0.811
6583,0.786
6584,0.83
6585,0.915
6586,0.955
6587,0.961
6588,0.974
6589,0.974
6590,0.963
6591,0.931
6592,0.89
6593,0.775
6594,0.722
6595,0.622
6596,0.554
6597,0.578
6598,0.608
6599,0.625
6600,0.641
6601,0.745
6602,0.697
6603,0.615
6604,0.566
6605,0.53
6606,0.516
6607,0.543
6608,0.613
6609,0.746
6610,0.799
6611,0.81
6612,0.823
6613,0.819
6614,0.811
6615,0.772
6616,0.711
6617,0.515
6618,0.355
6619,0.277
6620,0.26
6621,0.294
6622,0.302
6623,0.362
6624,0.484
6625,0.563
6626,0.549
6627,0.565
6628,0.57
6629,0.533
6630,0.497
6631,0.424
6632,0.317
6633,0.301
6634,0.248
6635,0.199
6636,0.176
6637,0.243
6638,0.395
6639,0.579
6640,0.706
6641,0.683
6642,0.738
6643,0.656
6644,0.491
6645,0.402
6646,0.329
6647,0.313
6648,0.264
6649,0.351
6650,0.382
6651,0.361
6652,0.352
6653,0.379
6654,0.386
6655,0.37
6656,0.366
6657,0.407
6658,0.413
6659,0.418
6660,0.403
6661,0.382
6662,0.393
6663,0.405
6664,0.413
6665,0.307
6666,0.26
6667,0.295
6668,0.399
6669,0.414
6670,0.395
6671,0.393
6672,0.264
6673,0.158
6674,0.23
6675,0.35
6676,0.325
6677,0.417
6678,0.433
6679,0.351
6680,0.298
6681,0.346
6682,0.307
6683,0.252
6684,0.272
6685,0.238
6686,0.197
6687,0.26
6688,0.321
6689,0.401
6690,0.54
6691,0.676
6692,0.719
6693,0.621
6694,0.501
6695,0.422
6696,0.35
6697,0.34
6698,0.361
6699,0.381
6700,0.335
6701,0.321
6702,0.338
6703,0.295
6704,0.341
6705,0.383
6706,0.39
6707,0.434
6708,0.439
6709,0.468
6710,0.509
6711,0.574
6712,0.603
6713,0.599
6714,0.597
6715,0.607
6716,0.645
6717,0.696
6718,0.766
6719,0.86
6720,0.888
6721,0.892
6722,0.896
6723,0.922
6724,0.942
6725,0.954
6726,0.951
6727,0.952
6728,0.96
6729,0.967
6730,0.952
6731,0.915
6732,0.84
6733,0.764
6734,0.693
6735,0.584
6736,0.454
6737,0.355
6738,0.345
6739,0.308
6740,0.252
6741,0.207
6742,0.187
6743,0.174
6744,0.158
6745,0.15
6746,0.15
6747,0.138
6748,0.117
6749,0.082
6750,0.06
6751,0.037
6752,0.016
6753,0.003
6754,0.002
6755,0.003
6756,0.005
6757,0.007
6758,0.016
6759,0.032
6760,0.064
6761,0.138
6762,0.237
6763,0.276
6764,0.289
6765,0.283
6766,0.248
6767,0.229
6768,0.219
6769,0.207
6770,0.187
6771,0.172
6772,0.163
6773,0.14
6774,0.115
6775,0.076
6776,0.044
6777,0.031
6778,0.037
6779,0.049
6780,0.092
6781,0.131
6782,0.201
6783,0.243
6784,0.255
6785,0.223
6786,0.335
6787,0.418
6788,0.446
6789,0.413
6790,0.37
6791,0.318
6792,0.299
6793,0.329
6794,0.376
6795,0.343
6796,0.381
6797,0.456
6798,0.496
6799,0.416
6800,0.254
6801,0.194
6802,0.178
6803,0.168
6804,0.144
6805,0.133
6806,0.135
6807,0.107
6808,0.086
6809,0.089
6810,0.128
6811,0.138
6812,0.165
6813,0.188
6814,0.199
6815,0.201
6816,0.236
6817,0.248
6818,0.227
6819,0.248
6820,0.234
6821,0.196
6822,0.189
6823,0.156
6824,0.085
6825,0.066
6826,0.075
6827,0.068
6828,0.071
6829,0.09
6830,0.117
6831,0.186
6832,0.292
6833,0.373
6834,0.405
6835,0.383
6836,0.33
6837,0.27
6838,0.208
6839,0.156
6840,0.102
6841,0.07
6842,0.061
6843,0.045
6844,0.032
6845,0.025
6846,0.018
6847,0.022
6848,0.025
6849,0.03
6850,0.03
6851,0.032
6852,0.049
6853,0.097
6854,0.108
6855,0.186
6856,0.204
6857,0.171
6858,0.128
6859,0.049
6860,0.058
6861,0.051
6862,0.025
6863,0.035
6864,0.044
6865,0.04
6866,0.053
6867,0.067
6868,0.084
6869,0.094
6870,0.104
6871,0.089
6872,0.085
6873,0.091
6874,0.075
6875,0.071
6876,0.087
6877,0.108
6878,0.121
6879,0.133
6880,0.128
6881,0.099
6882,0.086
6883,0.074
6884,0.065
6885,0.049
6886,0.049
6887,0.058
6888,0.086
6889,0.14
6890,0.178
6891,0.204
6892,0.225
6893,0.249
6894,0.261
6895,0.23
6896,0.151
6897,0.139
6898,0.156
6899,0.173
6900,0.167
6901,0.171
6902,0.182
6903,0.18
6904,0.155
6905,0.139
6906,0.146
6907,0.191
6908,0.292
6909,0.327
6910,0.315
6911,0.326
6912,0.32
6913,0.305
6914,0.303
6915,0.313
6916,0.336
6917,0.346
6918,0.377
6919,0.369
6920,0.322
6921,0.316
6922,0.379
6923,0.405
6924,0.384
6925,0.375
6926,0.362
6927,0.32
6928,0.231
6929,0.182
6930,0.249
6931,0.234
6932,0.274
6933,0.262
6934,0.262
6935,0.275
6936,0.316
6937,0.335
6938,0.358
6939,0.377
6940,0.417
6941,0.496
6942,0.517
6943,0.563
6944,0.544
6945,0.658
6946,0.794
6947,0.876
6948,0.904
6949,0.866
6950,0.827
6951,0.879
6952,0.865
6953,0.845
6954,0.837
6955,0.829
6956,0.851
6957,0.89
6958,0.859
6959,0.858
6960,0.863
6961,0.892
6962,0.886
6963,0.848
6964,0.822
6965,0.845
6966,0.861
6967,0.856
6968,0.886
6969,0.904
6970,0.93
6971,0.915
6972,0.92
6973,0.952
6974,0.965
6975,0.933
6976,0.902
6977,0.87
6978,0.837
6979,0.819
6980,0.794
6981,0.816
6982,0.866
6983,0.858
6984,0.842
6985,0.853
6986,0.889
6987,0.903
6988,0.911
6989,0.905
6990,0.918
6991,0.914
6992,0.908
6993,0.911
6994,0.895
6995,0.873
6996,0.856
6997,0.84
6998,0.831
6999,0.836
7000,0.803
7001,0.763
7002,0.795
7003,0.828
7004,0.808
7005,0.778
7006,0.764
7007,0.787
7008,0.771
7009,0.756
7010,0.773
7011,0.783
7012,0.761
7013,0.748
7014,0.715
7015,0.699
7016,0.72
7017,0.793
7018,0.866
7019,0.844
7020,0.865
7021,0.841
7022,0.848
7023,0.837
7024,0.764
7025,0.631
7026,0.511
7027,0.443
7028,0.434
7029,0.339
7030,0.447
7031,0.455
7032,0.387
7033,0.423
7034,0.451
7035,0.423
7036,0.419
7037,0.478
7038,0.517
7039,0.555
7040,0.634
7041,0.679
7042,0.716
7043,0.738
7044,0.724
7045,0.723
7046,0.69
7047,0.588
7048,0.513
7049,0.494
7050,0.413
7051,0.396
7052,0.422
7053,0.456
7054,0.486
7055,0.476
7056,0.498
7057,0.554
7058,0.64
7059,0.703
7060,0.808
7061,0.906
7062,0.965
7063,0.964
7064,0.942
7065,0.941
7066,0.942
7067,0.937
7068,0.939
7069,0.952
7070,0.971
7071,0.982
7072,0.989
7073,0.99
7074,0.984
7075,0.977
7076,0.975
7077,0.973
7078,0.975
7079,0.976
7080,0.976
7081,0.976
7082,0.981
7083,0.982
7084,0.978
7085,0.975
7086,0.971
7087,0.96
7088,0.93
7089,0.874
7090,0.82
7091,0.778
7092,0.745
7093,0.717
7094,0.662
7095,0.581
7096,0.539
7097,0.589
7098,0.638
7099,0.609
7100,0.569
7101,0.609
7102,0.667
7103,0.62
7104,0.536
7105,0.503
7106,0.506
7107,0.49
7108,0.505
7109,0.536
7110,0.562
7111,0.575
7112,0.529
7113,0.489
7114,0.472
7115,0.481
7116,0.497
7117,0.505
7118,0.526
7119,0.559
7120,0.595
7121,0.631
7122,0.642
7123,0.655
7124,0.657
7125,0.651
7126,0.652
7127,0.639
7128,0.642
7129,0.65
7130,0.665
7131,0.687
7132,0.695
7133,0.701
7134,0.708
7135,0.714
7136,0.663
7137,0.613
7138,0.589
7139,0.595
7140,0.595
7141,0.528
7142,0.437
7143,0.33
7144,0.306
7145,0.337
7146,0.286
7147,0.241
7148,0.229
7149,0.194
7150,0.182
7151,0.173
7152,0.161
7153,0.166
7154,0.178
7155,0.173
7156,0.168
7157,0.178
7158,0.199
7159,0.19
7160,0.153
7161,0.141
7162,0.13
7163,0.12
7164,0.119
7165,0.124
7166,0.128
7167,0.143
7168,0.157
7169,0.175
7170,0.204
7171,0.216
7172,0.209
7173,0.175
7174,0.148
7175,0.121
7176,0.107
7177,0.093
7178,0.09
7179,0.091
7180,0.084
7181,0.072
7182,0.077
7183,0.076
7184,0.048
7185,0.037
7186,0.027
7187,0.022
7188,0.019
7189,0.017
7190,0.017
7191,0.022
7192,0.039
7193,0.077
7194,0.103
7195,0.084
7196,0.086
7197,0.118
7198,0.198
7199,0.28
7200,0.351
7201,0.413
7202,0.465
7203,0.5
7204,0.53
7205,0.582
7206,0.622
7207,0.643
7208,0.615
7209,0.559
7210,0.6
7211,0.669
7212,0.695
7213,0.688
7214,0.656
7215,0.58
7216,0.453
7217,0.495
7218,0.557
7219,0.569
7220,0.562
7221,0.53
7222,0.517
7223,0.53
7224,0.556
7225,0.55
7226,0.54
7227,0.551
7228,0.542
7229,0.561
7230,0.56
7231,0.557
7232,0.542
7233,0.471
7234,0.447
7235,0.471
7236,0.521
7237,0.57
7238,0.597
7239,0.536
7240,0.449
7241,0.466
7242,0.456
7243,0.457
7244,0.553
7245,0.618
7246,0.646
7247,0.637
7248,0.563
7249,0.461
7250,0.43
7251,0.462
7252,0.495
7253,0.509
7254,0.521
7255,0.535
7256,0.538
7257,0.605
7258,0.719
7259,0.745
7260,0.762
7261,0.82
7262,0.88
7263,0.873
7264,0.706
7265,0.655
7266,0.703
7267,0.644
7268,0.506
7269,0.427
7270,0.415
7271,0.396
7272,0.327
7273,0.238
7274,0.176
7275,0.124
7276,0.086
7277,0.057
7278,0.046
7279,0.041
7280,0.033
7281,0.032
7282,0.041
7283,0.045
7284,0.046
7285,0.044
7286,0.048
7287,0.054
7288,0.084
7289,0.15
7290,0.182
7291,0.184
7292,0.259
7293,0.374
7294,0.464
7295,0.509
7296,0.537
7297,0.574
7298,0.592
7299,0.603
7300,0.612
7301,0.63
7302,0.649
7303,0.686
7304,0.709
7305,0.735
7306,0.825
7307,0.86
7308,0.876
7309,0.891
7310,0.896
7311,0.859
7312,0.749
7313,0.606
7314,0.571
7315,0.672
7316,0.702
7317,0.707
7318,0.776
7319,0.697
7320,0.672
7321,0.505
7322,0.397
7323,0.297
7324,0.196
7325,0.149
7326,0.128
7327,0.064
7328,0.027
7329,0.028
7330,0.037
7331,0.036
7332,0.032
7333,0.033
7334,0.033
7335,0.031
7336,0.057
7337,0.111
7338,0.142
7339,0.151
7340,0.187
7341,0.339
7342,0.54
7343,0.633
7344,0.665
7345,0.779
7346,0.869
7347,0.879
7348,0.865
7349,0.874
7350,0.892
7351,0.884
7352,0.874
7353,0.837
7354,0.822
7355,0.812
7356,0.802
7357,0.823
7358,0.863
7359,0.835
7360,0.753
7361,0.69
7362,0.67
7363,0.733
7364,0.792
7365,0.838
7366,0.892
7367,0.915
7368,0.924
7369,0.928
7370,0.929
7371,0.931
7372,0.93
7373,0.908
7374,0.888
7375,0.874
7376,0.865
7377,0.888
7378,0.901
7379,0.934
7380,0.972
7381,0.98
7382,0.976
7383,0.957
7384,0.938
7385,0.934
7386,0.951
7387,0.941
7388,0.884
7389,0.818
7390,0.784
7391,0.787
7392,0.751
7393,0.665
7394,0.565
7395,0.533
7396,0.495
7397,0.393
7398,0.31
7399,0.201
7400,0.102
7401,0.064
7402,0.05
7403,0.045
7404,0.044
7405,0.038
7406,0.035
7407,0.027
7408,0.018
7409,0.021
7410,0.024
7411,0.025
7412,0.035
7413,0.045
7414,0.055
7415,0.056
7416,0.05
7417,0.039
7418,0.036
7419,0.039
7420,0.041
7421,0.047
7422,0.059
7423,0.072
7424,0.069
7425,0.052
7426,0.042
7427,0.059
7428,0.095
7429,0.131
7430,0.172
7431,0.163
7432,0.192
7433,0.294
7434,0.478
7435,0.654
7436,0.762
7437,0.808
7438,0.842
7439,0.874
7440,0.906
7441,0.918
7442,0.926
7443,0.933
7444,0.936
7445,0.93
7446,0.939
7447,0.957
7448,0.966
7449,0.969
7450,0.953
7451,0.912
7452,0.867
7453,0.846
7454,0.832
7455,0.762
7456,0.713
7457,0.75
7458,0.763
7459,0.758
7460,0.756
7461,0.78
7462,0.817
7463,0.842
7464,0.84
7465,0.842
7466,0.846
7467,0.857
7468,0.859
7469,0.857
7470,0.862
7471,0.878
7472,0.891
7473,0.893
7474,0.849
7475,0.806
7476,0.759
7477,0.725
7478,0.701
7479,0.644
7480,0.563
7481,0.534
7482,0.513
7483,0.525
7484,0.574
7485,0.603
7486,0.601
7487,0.564
7488,0.523
7489,0.528
7490,0.53
7491,0.5
7492,0.483
7493,0.449
7494,0.415
7495,0.408
7496,0.393
7497,0.314
7498,0.251
7499,0.241
7500,0.277
7501,0.31
7502,0.326
7503,0.284
7504,0.297
7505,0.31
7506,0.34
7507,0.438
7508,0.402
7509,0.444
7510,0.556
7511,0.59
7512,0.59
7513,0.563
7514,0.489
7515,0.431
7516,0.411
7517,0.415
7518,0.465
7519,0.426
7520,0.356
7521,0.321
7522,0.39
7523,0.506
7524,0.6
7525,0.657
7526,0.624
7527,0.647
7528,0.613
7529,0.622
7530,0.596
7531,0.604
7532,0.674
7533,0.74
7534,0.775
7535,0.765
7536,0.728
7537,0.713
7538,0.68
7539,0.519
7540,0.391
7541,0.317
7542,0.311
7543,0.287
7544,0.176
7545,0.095
7546,0.107
7547,0.156
7548,0.141
7549,0.144
7550,0.161
7551,0.13
7552,0.089
7553,0.06
7554,0.052
7555,0.066
7556,0.057
7557,0.064
7558,0.116
7559,0.125
7560,0.098
7561,0.107
7562,0.153
7563,0.101
7564,0.094
7565,0.122
7566,0.167
7567,0.217
7568,0.194
7569,0.188
7570,0.194
7571,0.19
7572,0.19
7573,0.197
7574,0.219
7575,0.252
7576,0.291
7577,0.351
7578,0.445
7579,0.525
7580,0.626
7581,0.696
7582,0.782
7583,0.838
7584,0.833
7585,0.849
7586,0.816
7587,0.739
7588,0.745
7589,0.681
7590,0.654
7591,0.632
7592,0.617
7593,0.697
7594,0.806
7595,0.804
7596,0.731
7597,0.652
7598,0.625
7599,0.619
7600,0.601
7601,0.485
7602,0.504
7603,0.534
7604,0.505
7605,0.514
7606,0.53
7607,0.512
7608,0.413
7609,0.464
7610,0.464
7611,0.482
7612,0.49
7613,0.477
7614,0.467
7615,0.453
7616,0.476
7617,0.527
7618,0.552
7619,0.615
7620,0.622
7621,0.592
7622,0.543
7623,0.448
7624,0.336
7625,0.307
7626,0.285
7627,0.278
7628,0.305
7629,0.358
7630,0.337
7631,0.309
7632,0.29
7633,0.28
7634,0.295
7635,0.285
7636,0.329
7637,0.394
7638,0.473
7639,0.524
7640,0.539
7641,0.584
7642,0.642
7643,0.679
7644,0.757
7645,0.795
7646,0.773
7647,0.762
7648,0.78
7649,0.809
7650,0.84
7651,0.839
7652,0.846
7653,0.888
7654,0.933
7655,0.953
7656,0.946
7657,0.936
7658,0.943
7659,0.953
7660,0.942
7661,0.945
7662,0.936
7663,0.919
7664,0.905
7665,0.917
7666,0.921
7667,0.956
7668,0.974
7669,0.972
7670,0.95
7671,0.904
7672,0.867
7673,0.872
7674,0.897
7675,0.887
7676,0.859
7677,0.838
7678,0.837
7679,0.849
7680,0.866
7681,0.85
7682,0.828
7683,0.829
7684,0.83
7685,0.828
7686,0.799
7687,0.767
7688,0.756
7689,0.775
7690,0.773
7691,0.77
7692,0.745
7693,0.732
7694,0.732
7695,0.706
7696,0.613
7697,0.646
7698,0.661
7699,0.749
7700,0.856
7701,0.875
7702,0.877
7703,0.886
7704,0.9
7705,0.924
7706,0.918
7707,0.899
7708,0.879
7709,0.876
7710,0.878
7711,0.883
7712,0.836
7713,0.8
7714,0.831
7715,0.912
7716,0.949
7717,0.949
7718,0.918
7719,0.837
7720,0.751
7721,0.76
7722,0.806
7723,0.85
7724,0.829
7725,0.816
7726,0.826
7727,0.834
7728,0.835
7729,0.829
7730,0.813
7731,0.832
7732,0.836
7733,0.826
7734,0.758
7735,0.732
7736,0.733
7737,0.747
7738,0.817
7739,0.878
7740,0.906
7741,0.931
7742,0.928
7743,0.848
7744,0.687
7745,0.648
7746,0.633
7747,0.634
7748,0.577
7749,0.592
7750,0.587
7751,0.538
7752,0.508
7753,0.463
7754,0.448
7755,0.436
7756,0.387
7757,0.343
7758,0.355
7759,0.314
7760,0.243
7761,0.206
7762,0.188
7763,0.188
7764,0.194
7765,0.176
7766,0.174
7767,0.184
7768,0.225
7769,0.256
7770,0.263
7771,0.281
7772,0.28
7773,0.273
7774,0.24
7775,0.216
7776,0.188
7777,0.155
7778,0.115
7779,0.068
7780,0.051
7781,0.041
7782,0.025
7783,0.023
7784,0.013
7785,0.006
7786,0.014
7787,0.04
7788,0.075
7789,0.094
7790,0.093
7791,0.088
7792,0.093
7793,0.085
7794,0.066
7795,0.053
7796,0.043
7797,0.042
7798,0.055
7799,0.074
7800,0.087
7801,0.108
7802,0.144
7803,0.188
7804,0.246
7805,0.29
7806,0.329
7807,0.324
7808,0.226
7809,0.108
7810,0.082
7811,0.082
7812,0.069
7813,0.04
7814,0.017
7815,0.006
7816,0.007
7817,0.012
7818,0.021
7819,0.034
7820,0.058
7821,0.063
7822,0.056
7823,0.049
7824,0.04
7825,0.032
7826,0.023
7827,0.013
7828,0.014
7829,0.018
7830,0.029
7831,0.049
7832,0.055
7833,0.048
7834,0.069
7835,0.096
7836,0.126
7837,0.148
7838,0.135
7839,0.101
7840,0.106
7841,0.118
7842,0.104
7843,0.078
7844,0.066
7845,0.096
7846,0.2
7847,0.341
7848,0.509
7849,0.676
7850,0.761
7851,0.816
7852,0.831
7853,0.859
7854,0.892
7855,0.9
7856,0.886
7857,0.863
7858,0.856
7859,0.873
7860,0.874
7861,0.856
7862,0.847
7863,0.876
7864,0.918
7865,0.91
7866,0.902
7867,0.901
7868,0.912
7869,0.921
7870,0.936
7871,0.946
7872,0.948
7873,0.951
7874,0.96
7875,0.95
7876,0.931
7877,0.929
7878,0.917
7879,0.871
7880,0.828
7881,0.685
7882,0.635
7883,0.604
7884,0.481
7885,0.381
7886,0.343
7887,0.306
7888,0.335
7889,0.342
7890,0.333
7891,0.332
7892,0.342
7893,0.359
7894,0.378
7895,0.37
7896,0.39
7897,0.386
7898,0.386
7899,0.387
7900,0.381
7901,0.383
7902,0.355
7903,0.307
7904,0.272
7905,0.225
7906,0.236
7907,0.309
7908,0.473
7909,0.662
7910,0.731
7911,0.706
7912,0.756
7913,0.821
7914,0.833
7915,0.801
7916,0.754
7917,0.706
7918,0.631
7919,0.559
7920,0.476
7921,0.439
7922,0.45
7923,0.491
7924,0.566
7925,0.552
7926,0.503
7927,0.563
7928,0.543
7929,0.51
7930,0.579
7931,0.671
7932,0.732
7933,0.8
7934,0.826
7935,0.784
7936,0.751
7937,0.777
7938,0.87
7939,0.841
7940,0.786
7941,0.626
7942,0.466
7943,0.338
7944,0.28
7945,0.33
7946,0.37
7947,0.47
7948,0.549
7949,0.592
7950,0.595
7951,0.581
7952,0.549
7953,0.594
7954,0.702
7955,0.772
7956,0.853
7957,0.927
7958,0.945
7959,0.879
7960,0.827
7961,0.845
7962,0.819
7963,0.736
7964,0.696
7965,0.663
7966,0.612
7967,0.591
7968,0.564
7969,0.541
7970,0.512
7971,0.527
7972,0.56
7973,0.599
7974,0.686
7975,0.74
7976,0.819
7977,0.91
7978,0.921
7979,0.923
7980,0.902
7981,0.874
7982,0.82
7983,0.726
7984,0.627
7985,0.575
7986,0.525
7987,0.438
7988,0.366
7989,0.285
7990,0.209
7991,0.137
7992,0.107
7993,0.164
7994,0.196
7995,0.22
7996,0.228
7997,0.26
7998,0.317
7999,0.357
8000,0.359
8001,0.301
8002,0.262
8003,0.23
8004,0.21
8005,0.207
8006,0.185
8007,0.177
8008,0.217
8009,0.305
8010,0.292
8011,0.204
8012,0.142
8013,0.094
8014,0.057
8015,0.027
8016,0.009
8017,0.002
8018,0.001
8019,0.005
8020,0.016
8021,0.033
8022,0.042
8023,0.05
8024,0.069
8025,0.099
8026,0.134
8027,0.146
8028,0.225
8029,0.258
8030,0.244
8031,0.243
8032,0.269
8033,0.21
8034,0.222
8035,0.263
8036,0.269
8037,0.287
8038,0.315
8039,0.386
8040,0.524
8041,0.714
8042,0.811
8043,0.884
8044,0.942
8045,0.981
8046,0.968
8047,0.89
8048,0.861
8049,0.93
8050,0.904
8051,0.924
8052,0.934
8053,0.905
8054,0.823
8055,0.748
8056,0.704
8057,0.664
8058,0.676
8059,0.671
8060,0.66
8061,0.682
8062,0.712
8063,0.719
8064,0.695
8065,0.641
8066,0.666
8067,0.666
8068,0.615
8069,0.551
8070,0.543
8071,0.544
8072,0.539
8073,0.533
8074,0.552
8075,0.58
8076,0.603
8077,0.61
8078,0.601
8079,0.603
8080,0.589
8081,0.591
8082,0.579
8083,0.55
8084,0.535
8085,0.539
8086,0.549
8087,0.573
8088,0.574
8089,0.581
8090,0.584
8091,0.581
8092,0.59
8093,0.592
8094,0.574
8095,0.586
8096,0.603
8097,0.606
8098,0.647
8099,0.675
8100,0.68
8101,0.676
8102,0.693
8103,0.751
8104,0.84
8105,0.929
8106,0.944
8107,0.909
8108,0.817
8109,0.814
8110,0.806
8111,0.759
8112,0.757
8113,0.73
8114,0.703
8115,0.812
8116,0.796
8117,0.738
8118,0.64
8119,0.493
8120,0.385
8121,0.372
8122,0.436
8123,0.399
8124,0.376
8125,0.391
8126,0.377
8127,0.323
8128,0.342
8129,0.332
8130,0.313
8131,0.307
8132,0.285
8133,0.303
8134,0.33
8135,0.339
8136,0.368
8137,0.362
8138,0.331
8139,0.262
8140,0.251
8141,0.283
8142,0.289
8143,0.304
8144,0.396
8145,0.5
8146,0.628
8147,0.702
8148,0.71
8149,0.712
8150,0.686
8151,0.569
8152,0.448
8153,0.424
8154,0.405
8155,0.386
8156,0.323
8157,0.199
8158,0.079
8159,0.035
8160,0.031
8161,0.049
8162,0.071
8163,0.071
8164,0.081
8165,0.086
8166,0.111
8167,0.152
8168,0.206
8169,0.246
8170,0.277
8171,0.303
8172,0.322
8173,0.353
8174,0.381
8175,0.413
8176,0.466
8177,0.493
8178,0.499
8179,0.493
8180,0.474
8181,0.474
8182,0.476
8183,0.47
8184,0.472
8185,0.423
8186,0.39
8187,0.412
8188,0.432
8189,0.425
8190,0.385
8191,0.352
8192,0.301
8193,0.23
8194,0.214
8195,0.204
8196,0.215
8197,0.247
8198,0.28
8199,0.299
8200,0.312
8201,0.302
8202,0.252
8203,0.238
8204,0.228
8205,0.243
8206,0.221
8207,0.18
8208,0.128
8209,0.087
8210,0.071
8211,0.049
8212,0.024
8213,0.017
8214,0.029
8215,0.061
8216,0.107
8217,0.207
8218,0.333
8219,0.402
8220,0.512
8221,0.648
8222,0.717
8223,0.756
8224,0.784
8225,0.795
8226,0.797
8227,0.793
8228,0.848
8229,0.899
8230,0.914
8231,0.903
8232,0.889
8233,0.898
8234,0.891
8235,0.878
8236,0.839
8237,0.813
8238,0.776
8239,0.733
8240,0.653
8241,0.572
8242,0.447
8243,0.309
8244,0.181
8245,0.106
8246,0.081
8247,0.076
8248,0.096
8249,0.125
8250,0.154
8251,0.185
8252,0.298
8253,0.455
8254,0.499
8255,0.494
8256,0.469
8257,0.413
8258,0.328
8259,0.252
8260,0.228
8261,0.223
8262,0.21
8263,0.209
8264,0.179
8265,0.155
8266,0.134
8267,0.128
8268,0.128
8269,0.121
8270,0.119
8271,0.121
8272,0.144
8273,0.173
8274,0.209
8275,0.258
8276,0.28
8277,0.293
8278,0.409
8279,0.606
8280,0.721
8281,0.817
8282,0.861
8283,0.871
8284,0.884
8285,0.888
8286,0.874
8287,0.843
8288,0.826
8289,0.836
8290,0.844
8291,0.848
8292,0.848
8293,0.847
8294,0.845
8295,0.843
8296,0.847
8297,0.814
8298,0.766
8299,0.761
8300,0.771
8301,0.784
8302,0.791
8303,0.744
8304,0.669
8305,0.652
8306,0.676
8307,0.738
8308,0.738
8309,0.646
8310,0.534
8311,0.431
8312,0.365
8313,0.257
8314,0.149
8315,0.086
8316,0.067
8317,0.06
8318,0.073
8319,0.095
8320,0.126
8321,0.137
8322,0.112
8323,0.076
8324,0.049
8325,0.03
8326,0.017
8327,0.013
8328,0.014
8329,0.018
8330,0.024
8331,0.033
8332,0.041
8333,0.042
8334,0.04
8335,0.04
8336,0.055
8337,0.078
8338,0.113
8339,0.122
8340,0.134
8341,0.137
8342,0.14
8343,0.143
8344,0.188
8345,0.244
8346,0.299
8347,0.322
8348,0.36
8349,0.437
8350,0.522
8351,0.595
8352,0.639
8353,0.7
8354,0.767
8355,0.825
8356,0.87
8357,0.891
8358,0.912
8359,0.931
8360,0.939
8361,0.963
8362,0.978
8363,0.985
8364,0.987
8365,0.979
8366,0.967
8367,0.946
8368,0.907
8369,0.872
8370,0.849
8371,0.836
8372,0.827
8373,0.823
8374,0.821
8375,0.816
8376,0.824
8377,0.833
8378,0.847
8379,0.875
8380,0.898
8381,0.906
8382,0.912
8383,0.906
8384,0.887
8385,0.889
8386,0.896
8387,0.892
8388,0.893
8389,0.899
8390,0.88
8391,0.84
8392,0.772
8393,0.737
8394,0.71
8395,0.65
8396,0.58
8397,0.533
8398,0.515
8399,0.526
8400,0.561
8401,0.572
8402,0.528
8403,0.514
8404,0.561
8405,0.621
8406,0.652
8407,0.658
8408,0.66
8409,0.649
8410,0.681
8411,0.708
8412,0.726
8413,0.76
8414,0.802
8415,0.833
8416,0.882
8417,0.938
8418,0.949
8419,0.938
8420,0.944
8421,0.952
8422,0.94
8423,0.946
8424,0.92
8425,0.864
8426,0.833
8427,0.857
8428,0.874
8429,0.876
8430,0.884
8431,0.874
8432,0.879
8433,0.903
8434,0.915
8435,0.906
8436,0.867
8437,0.815
8438,0.761
8439,0.692
8440,0.644
8441,0.632
8442,0.629
8443,0.599
8444,0.591
8445,0.59
8446,0.577
8447,0.584
8448,0.592
8449,0.535
8450,0.508
8451,0.525
8452,0.575
8453,0.651
8454,0.712
8455,0.789
8456,0.866
8457,0.895
8458,0.912
8459,0.941
8460,0.969
8461,0.976
8462,0.979
8463,0.982
8464,0.981
8465,0.981
8466,0.969
8467,0.952
8468,0.907
8469,0.873
8470,0.862
8471,0.843
8472,0.829
8473,0.824
8474,0.841
8475,0.828
8476,0.79
8477,0.7
8478,0.618
8479,0.584
8480,0.604
8481,0.592
8482,0.608
8483,0.651
8484,0.675
8485,0.688
8486,0.666
8487,0.624
8488,0.595
8489,0.603
8490,0.632
8491,0.655
8492,0.697
8493,0.733
8494,0.758
8495,0.732
8496,0.652
8497,0.569
8498,0.59
8499,0.631
8500,0.584
8501,0.599
8502,0.6
8503,0.611
8504,0.668
8505,0.674
8506,0.742
8507,0.784
8508,0.864
8509,0.91
8510,0.907
8511,0.863
8512,0.85
8513,0.859
8514,0.835
8515,0.777
8516,0.687
8517,0.56
8518,0.457
8519,0.421
8520,0.383
8521,0.44
8522,0.593
8523,0.747
8524,0.854
8525,0.907
8526,0.934
8527,0.964
8528,0.979
8529,0.984
8530,0.983
8531,0.981
8532,0.968
8533,0.946
8534,0.903
8535,0.853
8536,0.812
8537,0.79
8538,0.774
8539,0.757
8540,0.74
8541,0.713
8542,0.698
8543,0.682
8544,0.667
8545,0.654
8546,0.648
8547,0.645
8548,0.644
8549,0.645
8550,0.644
8551,0.649
8552,0.662
8553,0.755
8554,0.866
8555,0.91
8556,0.929
8557,0.927
8558,0.943
8559,0.943
8560,0.961
8561,0.979
8562,0.96
8563,0.981
8564,0.992
8565,0.996
8566,0.994
8567,0.984
8568,0.965
8569,0.941
8570,0.914
8571,0.885
8572,0.863
8573,0.844
8574,0.828
8575,0.809
8576,0.803
8577,0.816
8578,0.832
8579,0.85
8580,0.867
8581,0.845
8582,0.741
8583,0.695
8584,0.734
8585,0.72
8586,0.674
8587,0.568
8588,0.546
8589,0.658
8590,0.676
8591,0.744
8592,0.707
8593,0.641
8594,0.629
8595,0.663
8596,0.666
8597,0.638
8598,0.663
8599,0.675
8600,0.646
8601,0.587
8602,0.533
8603,0.515
8604,0.479
8605,0.401
8606,0.31
8607,0.218
8608,0.181
8609,0.167
8610,0.143
8611,0.171
8612,0.246
8613,0.325
8614,0.412
8615,0.468
8616,0.578
8617,0.582
8618,0.561
8619,0.581
8620,0.603
8621,0.618
8622,0.634
8623,0.657
8624,0.68
8625,0.718
8626,0.776
8627,0.836
8628,0.866
8629,0.865
8630,0.828
8631,0.784
8632,0.723
8633,0.635
8634,0.541
8635,0.465
8636,0.389
8637,0.324
8638,0.284
8639,0.255
8640,0.209
8641,0.163
8642,0.125
8643,0.109
8644,0.079
8645,0.062
8646,0.067
8647,0.062
8648,0.062
8649,0.066
8650,0.077
8651,0.094
8652,0.111
8653,0.129
8654,0.15
8655,0.156
8656,0.164
8657,0.175
8658,0.174
8659,0.144
8660,0.171
8661,0.28
8662,0.441
8663,0.655
8664,0.75
8665,0.85
8666,0.916
8667,0.915
8668,0.921
8669,0.922
8670,0.939
8671,0.945
8672,0.95
8673,0.969
8674,0.963
8675,0.97
8676,0.977
8677,0.971
8678,0.969
8679,0.969
8680,0.971
8681,0.971
8682,0.964
8683,0.964
8684,0.971
8685,0.973
8686,0.977
8687,0.98
8688,0.979
8689,0.979
8690,0.973
8691,0.968
8692,0.959
8693,0.953
8694,0.957
8695,0.962
8696,0.96
8697,0.959
8698,0.969
8699,0.985
8700,0.992
8701,0.993
8702,0.98
8703,0.96
8704,0.96
8705,0.952
8706,0.956
8707,0.977
8708,0.964
8709,0.964
8710,0.978
8711,0.976
8712,0.968
8713,0.977
8714,0.968
8715,0.976
8716,0.986
8717,0.982
8718,0.974
8719,0.97
8720,0.957
8721,0.956
8722,0.954
8723,0.967
8724,0.971
8725,0.979
8726,0.983
8727,0.982
8728,0.98
8729,0.987
8730,0.989
8731,0.995
8732,0.988
8733,0.994
8734,0.992
8735,0.993
8736,0.965
8737,0.932
8738,0.929
8739,0.943
8740,0.936
8741,0.93
8742,0.907
8743,0.894
8744,0.893
8745,0.846
8746,0.861
8747,0.932
8748,0.972
8749,0.988
8750,0.973
8751,0.961
8752,0.965
8753,0.853
8754,0.86
8755,0.87
8756,0.814
8757,0.75
8758,0.741
8759,0.738
8760,0.749
